user_id,movie_id,rating
1,78,5.0
1,150,4.5
1,186,4.0
1,147,5.0
1,3,3.0
1,67,3.0
1,168,5.0
1,93,4.0
1,178,3.5
1,61,3.0
1,16,4.5
1,171,3.5
1,31,3.0
1,120,2.0
1,79,1.5
1,41,4.0
1,104,4.0
1,176,3.5
1,129,3.0
1,181,4.5
1,80,4.5
1,177,3.5
1,188,3.0
1,164,3.5
1,76,3.5
1,95,4.5
1,158,3.0
1,57,5.0
1,173,4.5
1,35,2.5
1,123,3.0
1,40,5.0
1,117,4.5
1,156,2.5
1,96,5.0
1,107,2.5
1,141,5.0
1,121,2.0
1,138,3.0
1,56,3.5
1,64,5.0
2,181,5.0
2,93,3.5
2,20,3.5
2,145,4.0
2,29,3.5
2,16,4.5
2,141,5.0
2,130,3.5
2,52,2.5
2,147,4.0
2,138,4.0
2,39,4.5
2,43,4.5
2,84,5.0
2,134,4.0
2,114,4.0
2,30,3.5
2,175,3.5
2,53,5.0
2,150,4.0
2,126,4.5
2,24,3.5
2,131,3.5
2,115,4.5
2,15,3.5
2,117,4.5
2,34,4.5
2,132,3.0
2,107,2.5
2,183,4.0
2,197,4.5
2,176,3.0
2,144,5.0
2,119,3.0
2,79,3.0
2,6,3.0
2,102,4.5
2,66,3.5
2,1,1.5
2,56,3.0
2,149,4.5
2,19,4.0
2,12,3.0
2,109,4.5
2,89,2.5
2,17,4.0
2,139,4.0
2,195,4.5
2,18,4.0
2,121,3.0
2,9,5.0
2,74,3.0
2,105,4.5
3,166,4.5
3,108,4.0
3,96,4.5
3,98,3.0
3,115,4.0
3,97,4.5
3,195,4.0
3,21,2.5
3,175,3.0
3,170,2.5
3,139,4.0
3,35,3.0
3,168,5.0
3,90,4.5
3,31,3.0
3,46,3.5
3,138,3.0
3,101,3.0
3,136,3.0
3,33,5.0
3,58,3.0
3,1,3.0
3,6,3.5
3,77,2.5
3,119,5.0
3,173,5.0
3,140,4.0
3,109,4.5
3,137,3.5
3,197,3.0
3,59,5.0
3,64,5.0
3,118,3.0
3,89,2.5
3,40,4.0
3,71,4.0
3,49,2.0
3,29,4.0
3,9,3.5
3,199,3.5
3,158,3.0
3,5,4.0
3,62,3.0
3,53,4.5
3,18,4.5
3,26,2.5
3,153,4.5
3,162,4.5
3,196,2.5
3,13,5.0
3,63,5.0
3,12,3.5
3,103,3.5
3,113,3.0
3,60,5.0
3,190,4.5
3,56,3.5
3,15,3.0
3,36,4.0
3,129,3.5
3,75,3.0
3,146,3.5
3,82,4.0
3,83,4.5
3,61,2.0
3,78,5.0
4,77,3.0
4,71,4.5
4,16,5.0
4,143,3.5
4,152,4.0
4,189,5.0
4,45,5.0
4,161,5.0
4,174,3.5
4,110,4.0
4,197,3.0
4,127,3.0
4,13,4.5
4,89,3.0
4,165,4.5
4,172,4.5
4,98,3.0
4,135,4.0
4,82,3.0
4,179,5.0
4,107,3.5
4,105,4.5
4,39,4.0
4,200,5.0
4,97,4.5
4,48,5.0
4,138,4.5
4,122,3.5
4,62,3.0
4,58,2.0
4,177,4.0
4,37,3.5
4,119,5.0
4,15,2.0
4,144,4.5
4,106,4.0
4,180,3.5
4,190,4.5
4,136,3.0
4,35,2.5
4,100,3.0
4,63,5.0
4,66,4.5
4,53,5.0
4,85,4.0
4,21,2.5
5,69,3.5
5,97,5.0
5,173,4.5
5,155,5.0
5,197,4.5
5,11,5.0
5,19,3.5
5,49,4.0
5,151,4.0
5,186,4.0
5,172,3.5
5,144,4.5
5,56,3.5
5,123,3.5
5,54,5.0
5,86,3.0
5,78,5.0
5,4,2.5
5,55,3.5
5,193,5.0
5,31,3.5
5,187,3.0
5,63,4.5
6,199,4.0
6,73,2.5
6,98,2.5
6,120,3.0
6,137,2.5
6,167,5.0
6,92,4.5
6,79,1.5
6,67,4.0
6,93,3.0
6,132,3.5
6,128,4.0
6,197,3.5
6,26,3.5
6,185,4.5
6,121,2.5
6,82,3.0
6,53,4.0
6,95,4.0
6,81,5.0
6,106,3.5
6,12,2.5
6,145,5.0
6,57,5.0
6,38,4.0
6,5,2.5
6,192,4.0
6,142,5.0
6,150,4.0
6,149,4.5
6,107,3.5
6,76,3.0
6,40,4.0
6,51,1.5
6,85,4.5
6,59,4.0
6,198,2.5
6,146,5.0
6,63,4.0
6,189,4.5
7,126,5.0
7,118,5.0
7,44,3.0
7,188,3.5
7,91,4.0
7,198,2.5
7,36,4.5
7,185,4.5
7,140,3.0
7,200,4.5
7,48,4.5
7,139,4.5
7,165,5.0
7,16,5.0
7,135,3.0
7,9,5.0
7,20,2.5
7,172,4.0
7,13,5.0
7,2,3.0
7,106,3.5
7,194,4.5
7,162,3.5
7,60,4.5
7,18,4.5
7,39,4.5
7,3,3.0
7,56,4.0
7,130,3.5
7,117,5.0
7,96,5.0
7,187,2.5
7,159,3.0
7,164,5.0
7,158,4.0
7,124,4.0
7,125,4.0
7,5,4.0
7,181,4.5
7,137,3.0
7,142,4.5
7,180,3.5
7,4,4.0
7,163,3.5
7,136,4.0
7,71,5.0
7,138,4.5
7,74,4.0
7,157,4.0
7,129,3.5
7,111,4.5
7,46,3.0
7,28,4.5
7,25,3.0
7,186,5.0
7,175,2.5
7,62,3.0
7,50,4.0
7,146,4.5
7,65,5.0
7,196,4.0
7,69,3.5
7,102,4.0
7,21,3.0
7,170,2.5
7,104,5.0
7,199,3.5
8,21,2.5
8,168,4.5
8,167,4.0
8,195,4.5
8,9,4.0
8,24,4.5
8,104,4.5
8,98,2.5
8,97,4.5
8,142,4.5
8,122,2.5
8,15,2.0
8,164,4.0
8,3,3.0
8,180,4.0
8,44,5.0
8,22,5.0
8,128,4.5
8,112,3.0
8,166,4.5
8,85,5.0
8,145,4.5
8,25,4.0
8,136,2.5
8,11,4.0
8,59,5.0
8,55,4.0
8,146,4.0
8,190,5.0
8,70,2.5
8,12,3.0
8,20,3.5
8,72,3.5
8,140,3.0
8,179,3.0
8,196,4.0
8,46,4.0
8,81,5.0
8,5,4.5
8,54,3.5
8,151,4.5
8,37,3.0
8,102,5.0
8,169,3.0
8,77,2.5
8,42,3.0
8,181,3.5
8,62,3.5
8,173,4.0
8,100,3.0
8,139,4.5
8,186,5.0
8,99,4.0
8,36,4.0
8,200,4.0
8,129,4.0
8,89,2.0
8,14,5.0
8,26,3.5
8,182,4.0
8,60,3.5
8,157,5.0
8,88,3.5
9,116,5.0
9,126,4.5
9,59,4.0
9,92,4.0
9,142,4.5
9,97,4.5
9,111,5.0
9,48,4.0
9,175,3.5
9,150,5.0
9,170,3.0
9,98,4.0
9,22,3.5
9,159,2.5
9,76,4.5
9,64,4.5
9,183,3.0
9,19,4.0
9,188,3.5
9,69,4.0
9,40,4.0
9,189,5.0
9,163,4.5
9,180,4.5
9,100,3.5
9,82,3.5
9,93,4.0
9,28,3.5
9,24,4.5
9,2,3.0
9,79,2.0
9,114,3.5
9,174,2.5
9,70,2.5
9,27,3.5
9,34,4.5
9,23,3.5
9,193,5.0
9,194,3.5
9,115,3.0
9,143,4.5
9,160,5.0
9,132,3.0
9,105,4.0
9,166,5.0
9,7,4.0
9,164,5.0
9,91,4.0
9,196,3.5
9,172,3.5
9,84,4.0
9,99,3.5
9,4,4.0
9,75,2.0
9,106,4.0
9,176,3.0
9,182,4.5
9,63,5.0
9,134,2.5
9,44,3.5
9,179,3.0
9,141,5.0
9,36,4.0
9,181,4.5
9,78,5.0
9,137,3.0
9,127,4.0
9,38,4.0
9,17,4.5
9,43,4.0
10,65,4.5
10,64,4.5
10,185,3.0
10,161,3.5
10,127,4.5
10,153,5.0
10,158,3.5
10,51,3.5
10,118,4.5
10,28,5.0
10,35,3.5
10,78,5.0
10,2,2.0
10,102,3.5
10,86,4.5
10,159,2.5
10,98,2.0
10,85,4.5
10,113,3.0
10,186,4.5
10,111,5.0
10,167,3.5
10,195,5.0
10,190,4.5
10,77,2.5
10,83,5.0
10,155,4.5
10,52,3.0
10,123,3.5
10,81,4.5
10,46,2.5
10,187,4.0
10,82,4.5
10,75,2.0
10,163,4.0
10,126,4.5
10,148,3.5
10,63,4.5
10,84,4.0
10,97,5.0
10,72,3.0
10,101,3.0
10,94,3.5
11,140,3.0
11,47,2.5
11,175,3.0
11,197,4.0
11,141,5.0
11,7,4.5
11,187,3.5
11,119,5.0
11,182,3.0
11,54,4.5
11,113,3.5
11,75,3.5
11,178,3.0
11,18,3.0
11,105,4.0
11,173,4.5
11,128,4.5
11,36,3.5
11,163,3.5
11,78,3.5
11,62,3.5
11,65,3.5
11,169,3.0
11,40,4.0
11,109,4.5
11,97,4.5
11,19,3.5
11,115,3.5
11,154,5.0
11,123,2.5
11,150,4.5
11,103,5.0
11,137,1.5
11,130,3.0
11,108,5.0
11,200,4.5
11,10,3.5
11,93,3.0
11,138,4.5
11,153,4.0
11,22,5.0
11,28,4.0
11,64,4.5
11,91,3.5
11,43,4.0
11,12,2.5
11,145,5.0
11,188,2.5
11,85,5.0
11,111,5.0
11,159,4.0
11,3,2.5
11,26,3.5
11,67,3.5
11,57,3.5
11,131,3.5
11,133,2.5
12,198,3.0
12,174,3.0
12,151,5.0
12,177,4.5
12,129,3.5
12,39,5.0
12,89,1.5
12,7,5.0
12,124,4.5
12,27,2.0
12,76,4.0
12,107,3.0
12,22,4.0
12,30,4.0
12,37,4.5
12,90,4.5
12,80,4.0
12,88,3.5
12,117,4.0
12,53,5.0
12,134,3.0
12,192,5.0
12,185,4.0
12,122,3.5
12,25,4.0
12,113,4.5
12,116,4.0
12,82,3.0
12,18,3.5
12,77,2.5
12,12,3.0
12,187,3.5
12,6,2.5
12,183,4.0
12,166,5.0
12,28,4.0
12,43,5.0
12,63,4.0
12,133,3.0
12,45,3.0
12,142,5.0
12,41,5.0
12,85,4.5
12,144,4.5
12,110,4.0
12,119,5.0
12,60,5.0
12,104,4.5
12,48,5.0
13,8,3.5
13,189,5.0
13,158,3.0
13,51,3.5
13,116,5.0
13,152,4.5
13,110,5.0
13,100,2.5
13,2,2.0
13,181,4.5
13,55,4.5
13,53,5.0
13,72,2.5
13,191,4.5
13,17,4.0
13,148,3.5
13,27,2.0
13,138,3.5
13,48,5.0
13,94,3.5
13,84,3.5
13,197,3.0
13,118,3.5
13,30,4.0
13,68,3.0
13,172,3.0
13,126,5.0
13,136,3.0
13,164,3.0
13,81,5.0
13,153,4.0
13,193,4.5
13,157,5.0
13,101,3.5
13,151,4.0
13,177,3.5
13,90,5.0
13,91,4.0
13,178,3.5
13,159,3.0
13,45,4.5
13,77,3.0
13,198,3.0
13,195,4.5
13,22,4.5
14,30,3.0
14,47,2.5
14,96,4.0
14,178,3.5
14,37,4.0
14,131,3.0
14,100,3.5
14,108,5.0
14,153,3.5
14,36,4.0
14,148,3.5
14,99,2.5
14,109,4.5
14,48,4.0
14,125,5.0
14,163,4.0
14,138,5.0
14,197,4.5
14,166,4.0
14,45,4.0
14,143,4.5
14,43,3.5
14,126,5.0
14,74,3.0
14,191,3.5
14,187,4.0
14,81,5.0
14,116,4.0
14,159,4.0
14,14,3.5
14,92,4.5
14,3,3.5
14,186,3.5
14,35,3.0
14,50,2.0
14,189,5.0
14,144,4.5
14,130,3.0
14,127,4.5
15,22,4.5
15,145,4.0
15,8,2.5
15,195,5.0
15,57,4.0
15,75,4.0
15,9,3.0
15,71,5.0
15,58,3.5
15,138,4.0
15,74,3.0
15,44,4.5
15,118,4.0
15,199,4.0
15,127,3.5
15,141,5.0
15,131,4.0
15,29,4.0
15,147,4.0
15,30,2.5
15,69,2.5
15,140,4.0
15,94,4.0
15,139,4.0
15,11,4.0
15,113,4.0
15,179,3.0
15,56,3.0
15,109,5.0
15,27,2.5
16,90,4.5
16,23,2.5
16,113,4.5
16,31,3.0
16,61,3.0
16,54,5.0
16,189,5.0
16,151,5.0
16,177,2.5
16,200,4.0
16,182,4.0
16,157,4.0
16,162,3.5
16,110,4.0
16,43,4.0
16,158,3.0
16,36,4.0
16,53,3.5
16,183,3.0
16,16,4.0
16,146,3.5
16,191,4.0
16,137,2.5
16,72,5.0
16,153,4.5
16,138,4.0
16,44,3.5
16,83,5.0
16,75,2.5
16,172,4.0
16,147,5.0
16,69,3.0
16,132,3.5
16,25,3.5
16,35,2.5
16,106,4.5
17,180,3.5
17,34,5.0
17,64,5.0
17,38,3.5
17,183,4.0
17,83,5.0
17,198,3.5
17,174,2.5
17,101,2.5
17,126,5.0
17,37,3.0
17,148,4.0
17,162,4.0
17,69,2.5
17,161,4.5
17,107,3.5
17,97,5.0
17,116,5.0
17,20,4.0
17,163,3.5
17,24,4.5
17,104,3.5
17,132,3.5
17,72,3.5
17,95,5.0
17,117,3.5
17,125,3.5
17,84,5.0
18,188,3.5
18,24,4.5
18,200,4.5
18,118,4.0
18,163,3.5
18,171,4.0
18,179,3.5
18,92,3.5
18,17,3.0
18,137,2.5
18,102,4.5
18,56,3.0
18,110,5.0
18,55,3.5
18,127,3.5
18,69,3.0
18,83,5.0
18,73,3.0
18,87,5.0
18,141,4.0
18,148,4.0
18,34,4.5
18,145,5.0
18,125,4.5
18,88,3.5
18,175,4.0
18,13,5.0
18,12,2.5
18,26,2.5
18,161,5.0
18,197,4.5
18,5,3.0
18,32,3.0
18,41,4.0
18,113,3.0
18,117,4.0
18,1,2.0
18,198,2.5
18,52,3.5
18,194,4.5
18,78,5.0
18,167,2.5
18,71,5.0
18,199,3.5
18,93,3.0
18,65,4.5
18,22,4.0
18,96,4.5
18,43,4.0
18,14,4.0
18,190,4.5
18,79,4.0
18,60,4.5
18,196,3.5
18,157,4.0
18,25,3.5
18,164,4.0
18,187,4.0
18,123,4.5
18,20,3.0
18,195,4.0
18,58,3.5
18,133,3.5
18,114,4.5
18,3,3.5
18,136,2.5
18,176,4.0
18,31,4.5
18,109,4.5
18,140,3.0
18,142,5.0
18,19,3.0
18,59,4.5
18,50,4.0
19,27,3.0
19,81,4.0
19,95,4.0
19,77,2.5
19,36,4.0
19,98,3.5
19,193,4.0
19,35,3.0
19,165,4.5
19,174,4.0
19,37,4.5
19,18,3.5
19,136,3.0
19,145,5.0
19,3,3.5
19,157,5.0
19,167,3.5
19,43,4.0
19,113,4.0
19,90,5.0
19,55,4.5
19,161,4.5
19,39,5.0
19,106,4.5
19,158,4.0
19,114,4.5
20,32,3.5
20,151,4.5
20,187,4.0
20,99,2.5
20,90,4.5
20,110,4.5
20,81,5.0
20,36,5.0
20,64,5.0
20,71,4.5
20,166,4.0
20,22,5.0
20,192,5.0
20,142,5.0
20,154,4.0
20,186,3.5
20,156,2.5
20,73,4.0
20,177,4.0
20,7,5.0
20,169,4.0
20,78,5.0
20,53,4.0
20,133,3.5
20,184,5.0
20,131,3.5
20,49,3.5
20,101,2.5
20,76,4.0
20,190,3.5
20,14,3.5
20,62,4.0
20,127,4.5
20,197,4.0
20,29,3.5
20,180,5.0
20,128,4.0
20,153,3.5
20,19,3.5
20,136,3.0
20,4,3.0
20,93,4.0
20,82,3.0
20,34,4.0
20,100,2.0
20,146,5.0
20,108,5.0
20,94,3.5
20,140,4.5
20,45,4.0
20,121,2.0
20,162,3.0
20,5,3.0
20,18,4.0
20,160,4.5
20,68,3.5
20,56,2.5
20,11,5.0
20,16,5.0
20,102,5.0
20,130,4.0
20,74,3.5
20,129,4.0
20,107,3.5
20,109,5.0
20,103,5.0
20,189,5.0
20,40,4.5
21,53,4.0
21,40,5.0
21,138,3.5
21,84,5.0
21,101,3.0
21,151,3.5
21,163,3.5
21,167,3.0
21,175,3.5
21,165,4.0
21,17,3.5
21,80,2.5
21,179,3.0
21,112,1.5
21,62,3.0
21,15,3.0
21,63,5.0
21,23,3.5
21,187,3.0
21,30,3.0
21,117,4.5
21,157,3.5
21,156,3.5
21,185,5.0
21,189,5.0
21,171,4.5
21,169,3.5
21,45,3.0
21,31,3.5
21,4,3.0
21,36,3.5
21,3,2.5
21,42,4.5
21,128,5.0
21,89,2.5
21,134,3.5
21,133,4.5
21,67,4.0
21,43,4.0
21,96,3.5
21,33,4.5
21,69,3.5
21,172,4.5
21,8,3.5
21,86,4.5
21,110,4.5
21,70,3.5
21,135,3.5
21,190,5.0
21,68,3.0
21,148,4.5
21,20,4.0
21,193,3.5
21,180,3.5
21,131,4.0
21,93,4.0
21,177,4.0
21,150,4.5
21,162,3.5
21,95,5.0
21,41,5.0
21,66,4.0
21,27,2.5
21,181,5.0
21,59,4.5
21,146,3.5
21,1,2.5
21,12,2.5
21,192,4.5
21,184,5.0
21,164,4.5
21,121,4.0
21,94,2.5
21,50,2.0
21,118,4.0
21,149,5.0
21,183,4.5
21,120,3.0
22,183,4.0
22,190,4.0
22,168,4.0
22,108,5.0
22,58,3.5
22,83,3.5
22,64,5.0
22,107,4.0
22,185,3.5
22,82,3.5
22,70,3.0
22,20,3.5
22,147,3.5
22,96,3.5
22,31,3.0
22,129,4.0
22,173,5.0
22,14,3.5
22,46,3.5
22,196,2.0
22,133,4.5
22,12,2.0
22,103,4.0
22,18,3.0
22,120,2.0
22,73,3.5
22,80,3.0
22,84,4.5
22,23,3.5
22,142,5.0
22,117,4.0
22,3,2.5
22,95,5.0
22,52,3.0
22,75,2.0
22,145,4.5
22,78,5.0
22,160,5.0
22,63,4.5
22,119,4.5
22,198,3.0
22,152,4.5
22,127,4.0
22,51,3.5
22,140,4.0
22,162,3.5
22,39,4.5
22,2,2.5
22,105,5.0
22,7,4.5
22,60,5.0
22,139,4.0
22,89,3.0
22,169,3.5
22,86,3.5
22,1,1.5
22,97,5.0
22,79,3.0
22,27,3.5
22,53,3.0
22,136,4.5
22,61,3.0
22,197,4.5
22,126,4.0
22,16,5.0
22,37,2.5
22,72,3.0
22,24,5.0
22,179,3.0
22,150,4.5
22,106,4.0
22,187,3.5
22,118,4.0
22,125,4.0
22,192,5.0
22,11,4.0
22,166,4.5
22,13,5.0
23,146,4.5
23,16,5.0
23,112,3.0
23,170,2.0
23,34,5.0
23,61,2.0
23,75,3.0
23,67,3.0
23,81,4.5
23,101,3.0
23,180,4.0
23,189,5.0
23,84,5.0
23,82,3.5
23,116,4.0
23,70,3.0
23,60,5.0
23,20,3.0
23,52,4.0
23,35,3.5
23,150,4.5
23,28,5.0
23,40,4.0
23,179,3.5
23,43,4.5
23,186,3.5
23,120,2.5
23,192,3.5
23,105,5.0
23,31,2.5
23,138,3.5
23,92,2.5
23,54,4.0
23,175,2.5
23,79,3.5
23,119,5.0
23,68,3.0
23,171,5.0
23,24,5.0
23,41,4.5
23,78,3.0
23,155,5.0
23,11,3.5
23,56,2.5
23,188,3.5
23,38,5.0
23,162,4.5
23,64,5.0
23,169,4.0
23,102,5.0
23,132,3.5
23,13,4.5
23,77,3.0
23,193,4.0
23,45,4.0
23,8,3.0
23,104,3.5
24,27,3.0
24,36,3.5
24,32,3.0
24,4,3.5
24,16,5.0
24,57,5.0
24,34,3.0
24,51,3.0
24,103,5.0
24,96,3.0
24,176,3.5
24,162,3.5
24,166,4.0
24,22,5.0
24,150,4.0
24,151,4.0
24,67,3.5
24,20,3.0
24,6,3.5
24,17,3.5
24,193,5.0
24,188,3.5
24,114,5.0
24,33,4.5
24,24,4.0
24,85,5.0
24,198,3.5
24,11,4.0
24,119,5.0
24,13,4.0
24,44,4.0
24,147,3.0
24,111,5.0
24,102,4.0
24,128,4.5
24,8,2.5
24,98,3.0
24,110,4.5
24,45,5.0
24,91,4.0
24,55,4.0
24,48,4.5
24,71,5.0
24,72,3.0
24,115,4.5
24,39,5.0
24,9,5.0
24,63,5.0
24,76,3.5
25,99,3.0
25,36,4.5
25,108,5.0
25,52,5.0
25,165,4.0
25,135,3.0
25,64,4.5
25,162,5.0
25,140,3.5
25,5,4.5
25,98,4.0
25,183,3.5
25,92,4.5
25,123,4.5
25,192,4.5
25,125,4.0
25,89,2.5
25,145,4.0
25,129,3.5
25,83,4.0
25,100,3.0
25,70,2.0
25,47,3.5
25,7,4.0
25,82,3.5
25,153,5.0
25,57,3.5
25,8,3.0
25,72,4.5
25,15,2.0
25,121,4.0
25,136,4.0
25,188,3.0
25,150,5.0
25,60,5.0
25,41,5.0
25,26,3.5
26,189,4.0
26,15,2.5
26,196,3.0
26,57,4.5
26,148,3.0
26,100,2.5
26,91,4.5
26,45,5.0
26,46,3.5
26,61,2.0
26,152,3.5
26,82,4.0
26,179,3.5
26,92,5.0
26,190,5.0
26,8,3.5
26,181,4.5
26,180,4.0
26,194,4.0
26,146,4.5
26,145,5.0
26,37,2.5
26,183,3.0
26,49,2.0
26,127,4.0
26,139,3.5
26,80,2.0
26,193,4.5
26,126,5.0
26,10,3.0
26,24,5.0
26,199,3.5
26,60,5.0
26,155,5.0
26,197,4.0
26,6,4.0
26,135,3.5
26,123,3.0
26,1,3.5
26,85,5.0
26,158,3.0
26,52,4.0
26,34,3.5
26,88,3.5
26,192,4.0
26,83,5.0
26,16,5.0
26,165,4.5
26,38,4.0
26,151,5.0
26,188,3.5
26,29,3.5
26,164,4.0
26,94,3.0
27,170,2.5
27,102,4.0
27,151,4.0
27,26,2.5
27,87,5.0
27,78,5.0
27,83,5.0
27,35,2.5
27,41,3.0
27,188,2.5
27,112,2.5
27,164,4.0
27,125,4.0
27,167,4.0
27,82,4.0
27,45,4.0
27,182,5.0
27,144,4.5
27,178,3.5
27,158,3.0
27,92,4.0
27,58,2.5
27,171,4.0
27,198,3.5
27,185,4.0
27,97,5.0
27,79,4.0
27,76,4.5
27,33,3.5
27,46,1.5
27,1,3.5
27,147,3.0
27,101,3.0
27,146,3.5
27,9,3.0
27,47,3.5
27,155,5.0
27,186,3.5
27,157,2.5
27,57,5.0
27,145,5.0
27,27,2.0
27,128,5.0
27,37,3.0
27,85,5.0
27,20,3.5
27,61,2.0
27,89,3.5
27,163,3.0
27,43,4.0
27,23,3.0
27,86,3.5
27,115,3.5
27,3,3.0
27,68,5.0
27,54,3.5
27,64,3.5
27,18,5.0
27,90,4.5
27,66,3.0
27,28,4.5
27,200,4.5
27,13,5.0
27,99,3.5
27,113,3.5
27,108,5.0
27,177,3.5
27,106,4.0
27,127,4.0
27,175,4.5
27,142,5.0
27,131,5.0
27,197,3.5
27,107,3.5
27,62,3.0
27,168,5.0
27,111,4.5
27,74,3.0
27,84,4.5
27,98,1.5
28,9,4.0
28,76,4.0
28,6,2.5
28,82,3.0
28,67,3.5
28,27,3.5
28,19,3.5
28,88,4.5
28,44,3.5
28,97,3.5
28,42,4.5
28,188,3.0
28,20,3.5
28,141,5.0
28,24,4.5
28,87,4.5
28,153,5.0
28,158,3.5
28,124,5.0
28,181,5.0
28,8,3.0
28,111,5.0
28,168,4.5
28,43,4.5
28,156,3.0
28,112,3.0
28,41,3.5
28,14,3.5
28,26,2.0
28,85,5.0
28,53,3.5
28,49,3.0
28,105,4.5
28,142,4.5
28,139,4.5
28,68,3.5
28,73,2.5
28,77,3.0
28,61,3.0
28,25,3.5
28,13,5.0
28,101,3.0
28,147,4.0
28,187,4.0
28,126,5.0
28,40,4.0
28,173,3.5
28,93,4.0
28,1,2.5
28,110,4.0
28,23,4.0
28,199,4.0
28,123,3.5
28,52,3.5
28,161,5.0
28,7,5.0
28,170,4.5
28,192,5.0
28,75,2.0
28,21,3.5
28,122,3.5
28,30,4.5
28,79,3.0
28,102,4.5
28,121,2.5
28,176,3.5
28,165,4.0
28,186,3.5
28,100,3.0
28,48,5.0
28,95,5.0
29,120,2.0
29,68,4.0
29,58,3.5
29,69,3.0
29,145,5.0
29,16,5.0
29,39,4.5
29,193,4.5
29,179,3.0
29,171,4.5
29,25,3.5
29,22,4.0
29,172,4.5
29,89,2.5
29,139,5.0
29,106,3.5
29,151,4.5
29,59,5.0
29,142,3.5
29,195,4.0
29,100,2.0
29,134,4.5
29,108,5.0
29,138,5.0
29,176,3.0
29,122,3.5
29,147,5.0
29,61,4.0
29,175,4.5
29,77,4.0
29,21,4.0
29,102,5.0
29,9,4.5
29,129,3.0
29,174,2.5
29,133,3.5
29,166,5.0
29,159,3.0
29,38,3.5
29,31,3.5
29,115,4.0
29,45,5.0
29,43,3.5
29,55,4.0
29,50,2.5
29,33,3.0
29,11,4.5
29,109,4.5
30,161,5.0
30,38,4.0
30,153,3.5
30,67,4.5
30,82,4.0
30,187,3.5
30,18,4.0
30,23,3.0
30,100,2.5
30,143,5.0
30,102,5.0
30,142,5.0
30,84,4.0
30,71,3.5
30,134,3.5
30,118,2.5
30,4,3.5
30,180,3.5
30,160,4.5
30,151,3.0
30,186,4.0
30,108,4.5
30,29,3.0
30,107,1.5
30,39,4.5
30,199,4.5
30,146,5.0
30,181,4.5
30,150,4.0
30,26,3.0
30,28,3.5
30,145,5.0
31,138,4.5
31,89,3.5
31,106,3.5
31,68,3.0
31,99,2.5
31,168,4.0
31,125,4.0
31,147,4.0
31,156,3.5
31,122,3.0
31,10,4.0
31,45,4.0
31,71,4.0
31,104,4.0
31,37,1.5
31,159,3.5
31,192,4.5
31,175,3.0
31,178,3.5
31,103,4.5
31,190,3.5
31,102,4.0
31,85,5.0
31,177,3.0
31,61,3.0
31,13,3.5
31,191,3.5
31,69,3.5
31,96,3.0
31,6,4.5
31,87,4.5
31,78,4.5
31,80,3.5
31,72,4.5
31,126,4.5
31,26,2.5
31,59,4.5
31,35,3.0
31,77,3.0
31,114,4.0
31,83,3.5
31,173,5.0
31,107,2.5
31,155,2.5
31,23,4.0
31,49,3.5
31,161,3.0
31,55,3.5
31,105,5.0
31,194,5.0
31,133,4.0
31,172,3.5
31,15,2.5
31,132,3.5
31,41,4.0
31,17,3.5
31,195,4.5
31,130,3.0
31,187,3.5
31,163,4.0
31,135,3.5
31,8,3.0
31,189,4.5
31,50,2.0
31,52,4.0
31,148,3.5
31,64,4.5
31,9,5.0
31,117,4.5
31,183,3.0
31,93,3.0
31,51,4.0
31,188,3.0
31,48,3.5
31,198,3.5
32,96,3.5
32,126,5.0
32,153,5.0
32,115,4.0
32,46,4.0
32,122,3.5
32,151,5.0
32,142,4.5
32,90,4.5
32,89,2.0
32,42,4.5
32,67,3.5
32,177,4.0
32,24,4.0
32,73,3.0
32,8,4.5
32,99,3.0
32,13,4.5
32,190,5.0
32,147,3.5
32,55,4.5
32,57,4.0
32,166,5.0
32,58,3.0
32,174,4.0
32,53,5.0
32,69,4.5
32,167,3.5
32,105,5.0
32,132,3.0
32,6,3.0
32,3,3.5
32,195,4.5
32,34,4.0
32,178,5.0
33,65,3.5
33,156,3.5
33,79,3.5
33,183,3.5
33,182,3.0
33,165,4.0
33,71,5.0
33,109,5.0
33,97,4.0
33,90,4.0
33,118,4.5
33,200,5.0
33,56,3.0
33,120,3.0
33,78,4.5
33,174,3.0
33,134,4.0
33,160,5.0
33,102,5.0
33,150,5.0
33,27,4.0
33,2,2.5
33,131,4.5
33,170,3.0
33,96,4.0
33,144,4.5
33,166,4.0
33,153,5.0
33,199,3.5
33,73,3.0
33,77,3.0
33,28,4.0
33,124,5.0
33,17,3.0
34,168,5.0
34,183,3.0
34,167,3.5
34,77,4.5
34,49,2.5
34,39,4.5
34,133,4.0
34,62,4.0
34,15,3.0
34,154,5.0
34,104,5.0
34,170,4.0
34,82,3.5
34,175,3.5
34,36,4.5
34,185,5.0
34,7,5.0
34,200,4.0
34,128,5.0
34,76,3.5
34,67,2.0
34,108,5.0
34,190,4.5
34,100,2.5
34,10,3.5
34,150,5.0
34,147,4.5
34,196,3.5
34,88,4.5
34,57,4.5
34,137,3.5
34,164,5.0
34,122,2.5
34,92,4.5
34,130,3.5
34,197,5.0
35,76,3.5
35,25,5.0
35,121,3.0
35,33,4.0
35,190,4.5
35,67,3.0
35,186,4.0
35,144,3.0
35,47,2.0
35,175,2.5
35,86,4.5
35,168,5.0
35,23,3.5
35,57,4.5
35,91,4.0
35,58,4.0
35,79,2.0
35,108,5.0
35,85,5.0
35,96,4.0
35,195,4.5
35,150,5.0
35,200,3.0
35,119,5.0
35,31,3.0
35,198,2.0
35,14,4.0
35,163,3.5
35,179,3.5
35,149,5.0
35,159,4.0
36,31,3.5
36,175,4.0
36,98,3.0
36,136,3.5
36,77,2.0
36,106,3.5
36,14,3.5
36,39,5.0
36,36,4.0
36,52,3.5
36,88,4.0
36,105,5.0
36,146,5.0
36,118,3.5
36,37,3.0
36,81,4.0
36,184,3.5
36,47,2.5
36,21,3.0
36,125,3.5
36,86,3.5
36,162,2.5
36,46,3.0
36,185,3.0
36,163,3.5
36,15,2.5
36,2,2.0
36,116,4.0
36,71,3.5
36,54,4.5
36,44,5.0
36,148,2.5
36,41,4.5
36,126,4.5
36,23,4.0
36,34,4.0
36,158,3.0
36,112,2.5
36,110,4.0
36,104,5.0
36,179,3.0
36,123,4.5
36,99,3.5
36,174,3.0
36,10,2.0
36,137,2.0
36,191,2.5
36,96,4.5
36,4,3.5
36,83,3.5
36,197,4.0
36,49,2.5
37,188,3.5
37,64,5.0
37,58,3.5
37,178,4.0
37,89,2.0
37,80,2.0
37,34,3.5
37,27,2.5
37,99,3.0
37,129,3.5
37,151,4.5
37,79,2.5
37,43,3.5
37,17,4.0
37,12,3.5
37,77,2.5
37,75,3.5
37,117,4.0
37,134,3.0
37,153,4.5
37,135,3.5
37,87,5.0
37,112,3.0
37,176,2.5
37,35,3.0
37,88,3.0
37,126,5.0
37,92,4.0
37,49,3.0
37,200,4.5
37,104,4.0
37,5,3.0
37,59,4.5
37,198,3.0
37,194,3.5
37,55,5.0
37,6,2.5
37,190,4.5
37,130,4.0
37,44,3.5
37,32,5.0
37,94,2.5
37,10,3.5
37,97,5.0
37,66,3.0
37,137,3.5
37,13,4.5
37,181,5.0
37,154,4.5
37,28,4.0
37,164,5.0
37,152,4.0
37,30,2.0
37,107,4.0
37,114,3.0
37,98,3.5
37,160,5.0
37,141,4.0
37,65,4.0
37,122,2.5
38,3,3.0
38,78,5.0
38,108,5.0
38,170,3.5
38,26,3.5
38,197,3.5
38,134,3.0
38,70,1.5
38,160,4.5
38,156,3.0
38,180,5.0
38,36,3.5
38,198,3.0
38,27,3.0
38,131,5.0
38,185,3.5
38,159,3.5
38,31,2.5
38,73,2.5
38,30,3.5
38,28,4.0
38,128,4.5
38,51,3.5
38,191,3.5
38,52,3.5
38,68,3.5
38,194,5.0
38,176,3.5
38,92,4.0
38,105,5.0
38,76,3.5
38,42,4.0
38,11,4.0
38,141,4.5
38,179,4.0
38,54,3.0
38,124,3.5
38,85,4.5
38,61,2.5
38,1,4.0
38,4,4.5
38,23,4.0
38,29,4.0
38,147,2.5
38,127,3.5
38,39,4.0
38,24,4.0
38,186,4.0
38,20,3.0
38,196,2.5
38,66,4.5
38,60,4.5
38,117,4.5
38,195,5.0
38,175,2.5
38,119,3.5
38,13,4.5
38,151,4.5
38,45,5.0
38,168,3.5
39,190,4.5
39,30,3.0
39,25,3.5
39,195,5.0
39,12,2.0
39,3,3.5
39,36,4.5
39,170,4.0
39,166,4.5
39,44,4.0
39,85,4.5
39,92,4.0
39,113,3.5
39,160,5.0
39,69,3.0
39,24,4.5
39,96,4.0
39,88,5.0
39,47,3.0
39,199,2.5
39,103,5.0
39,180,3.5
39,117,4.0
39,70,2.5
39,99,4.0
39,123,2.0
39,108,5.0
39,167,4.0
39,43,4.0
39,29,4.0
39,34,4.5
39,16,5.0
39,41,4.5
39,27,3.5
39,107,3.0
39,152,3.5
39,124,4.0
39,146,4.0
39,188,4.0
39,182,5.0
39,157,3.0
39,98,3.0
39,189,5.0
39,187,3.0
39,8,3.0
39,193,4.5
39,164,5.0
40,168,3.5
40,81,5.0
40,4,3.0
40,181,4.0
40,174,3.0
40,135,4.5
40,191,4.5
40,148,4.5
40,186,4.0
40,145,5.0
40,58,3.0
40,172,4.0
40,87,5.0
40,133,4.0
40,134,4.0
40,177,4.5
40,180,4.5
40,159,4.0
40,25,4.0
40,111,4.0
40,170,3.0
40,64,4.5
40,124,4.5
40,89,3.0
40,184,4.0
40,196,3.5
40,165,3.5
40,99,3.0
40,39,5.0
40,143,4.0
40,157,4.5
40,14,4.5
40,3,2.0
40,175,2.5
40,41,4.5
40,130,3.0
41,62,4.5
41,85,4.5
41,72,3.5
41,13,4.0
41,130,4.0
41,58,2.5
41,141,5.0
41,165,4.5
41,97,5.0
41,104,4.0
41,61,1.0
41,21,3.0
41,118,5.0
41,114,5.0
41,147,4.0
41,115,4.0
41,23,4.0
41,128,4.0
41,185,4.5
41,81,5.0
41,31,4.0
41,183,5.0
41,168,4.5
41,5,3.0
41,27,3.0
41,191,2.5
41,106,3.0
41,10,3.0
41,143,4.5
41,194,4.5
41,1,2.0
41,24,5.0
41,155,4.5
41,159,3.5
41,164,4.5
41,78,5.0
41,131,5.0
41,144,4.0
41,53,4.0
41,117,4.5
42,144,4.0
42,197,3.5
42,159,3.0
42,154,5.0
42,122,3.5
42,184,4.5
42,169,4.0
42,94,3.5
42,195,5.0
42,116,4.0
42,30,3.5
42,25,3.5
42,194,3.0
42,57,4.5
42,1,4.0
42,88,4.5
42,91,5.0
42,163,4.0
42,75,3.0
42,141,5.0
42,134,3.0
42,96,4.0
42,28,4.5
42,12,4.0
42,43,4.0
42,127,3.5
42,36,4.0
42,105,5.0
42,178,3.5
42,66,2.5
42,157,4.0
42,51,2.5
42,49,2.5
42,31,3.0
42,101,3.0
42,56,5.0
42,118,4.0
42,168,4.5
42,87,5.0
42,172,3.0
42,107,4.0
43,32,3.5
43,198,3.5
43,116,3.5
43,118,2.5
43,169,4.0
43,151,4.0
43,130,3.5
43,35,2.5
43,128,5.0
43,2,2.0
43,136,4.0
43,189,4.5
43,13,5.0
43,142,4.5
43,111,5.0
43,150,4.5
43,124,4.0
43,131,4.5
43,46,2.5
43,178,4.0
43,149,4.0
43,45,4.0
43,33,3.5
43,27,1.0
43,100,2.5
43,196,5.0
43,154,5.0
43,156,2.5
43,83,4.0
43,194,4.5
43,99,3.5
43,108,4.0
43,173,5.0
43,64,5.0
43,71,4.5
43,102,5.0
43,88,4.0
43,76,4.0
43,199,4.0
43,193,4.0
43,36,4.0
43,106,4.0
43,155,5.0
43,132,2.5
43,77,2.0
43,141,5.0
43,81,5.0
43,187,3.5
43,56,3.5
43,52,3.5
43,54,5.0
43,75,1.5
43,89,2.5
43,34,4.0
43,182,3.0
43,129,3.5
43,139,5.0
44,150,4.5
44,147,4.0
44,171,3.5
44,182,4.0
44,107,3.0
44,173,4.0
44,192,5.0
44,137,4.0
44,74,2.5
44,109,5.0
44,4,4.0
44,134,4.0
44,28,5.0
44,7,4.0
44,98,2.0
44,38,2.5
44,14,4.0
44,172,4.5
44,15,3.5
44,52,3.5
44,69,3.0
44,42,3.5
44,194,4.0
44,175,5.0
44,65,3.5
44,185,4.0
44,16,5.0
44,76,4.0
44,53,4.0
44,139,4.0
44,9,4.5
44,92,5.0
44,116,3.5
44,27,3.5
44,158,2.5
44,144,4.5
44,58,2.5
44,165,5.0
44,100,2.0
44,61,3.0
44,131,5.0
44,178,3.0
44,13,4.5
44,186,3.5
44,162,3.5
44,196,3.5
44,81,4.5
44,142,4.5
44,184,5.0
44,190,4.0
45,163,3.5
45,181,4.0
45,182,3.5
45,166,5.0
45,95,5.0
45,194,5.0
45,151,4.0
45,140,3.5
45,190,4.0
45,155,5.0
45,51,4.0
45,186,3.5
45,50,3.0
45,76,3.5
45,115,3.5
45,46,3.0
45,175,4.5
45,20,3.5
45,48,4.5
45,45,3.5
45,132,3.5
45,31,3.0
45,97,4.5
45,11,5.0
45,110,5.0
45,72,3.0
45,143,3.0
45,68,4.0
45,34,3.5
45,42,3.5
45,150,3.5
45,66,4.5
45,2,2.0
45,85,5.0
45,120,3.0
45,40,3.5
45,177,4.0
45,165,5.0
45,83,5.0
45,153,4.5
45,14,5.0
45,158,2.5
45,78,5.0
45,126,5.0
45,147,3.0
45,141,4.0
45,92,4.0
45,19,3.5
45,82,3.5
45,135,5.0
45,57,4.0
45,198,3.0
45,134,2.5
45,18,4.5
45,130,4.5
45,41,4.0
45,107,1.5
45,193,4.5
45,138,4.5
45,104,5.0
45,24,5.0
45,90,4.0
45,170,3.5
45,55,4.5
45,167,2.5
45,136,4.0
45,93,3.0
45,187,3.5
45,56,4.0
45,122,3.0
45,3,2.5
45,30,3.5
45,89,2.0
45,58,2.5
45,179,4.0
45,116,4.0
45,162,4.0
45,79,3.0
46,30,2.0
46,99,3.0
46,66,4.5
46,139,3.5
46,186,3.5
46,73,3.0
46,7,5.0
46,133,3.5
46,96,3.5
46,132,4.0
46,131,5.0
46,115,4.5
46,125,4.0
46,12,2.5
46,76,3.0
46,167,3.5
46,50,3.5
46,83,5.0
46,191,4.0
46,22,3.5
46,25,4.5
46,43,3.5
46,138,4.0
46,137,3.0
46,2,4.0
46,161,5.0
46,17,4.0
46,54,4.5
46,172,4.0
46,162,4.0
46,55,4.0
46,109,5.0
46,27,3.0
46,53,4.5
46,178,4.5
46,112,3.0
46,19,3.5
46,40,4.0
46,194,4.0
46,118,3.0
46,85,5.0
46,10,3.5
46,23,3.5
46,164,5.0
47,143,4.5
47,19,3.5
47,148,3.0
47,59,4.5
47,67,3.5
47,105,5.0
47,100,2.5
47,116,4.5
47,162,2.5
47,104,4.5
47,111,5.0
47,81,5.0
47,5,3.5
47,194,4.5
47,173,4.5
47,31,2.5
47,137,3.5
47,2,3.0
47,165,4.5
47,159,3.0
47,17,2.0
47,150,5.0
47,12,2.5
47,199,3.0
47,92,4.5
47,129,3.5
47,28,4.5
47,75,3.5
47,78,5.0
47,156,2.0
47,23,4.5
47,73,3.0
47,113,3.5
47,98,2.5
47,102,3.5
47,8,3.0
48,140,3.5
48,76,2.5
48,163,2.5
48,37,4.0
48,77,3.0
48,174,4.5
48,187,3.0
48,166,4.0
48,96,3.0
48,3,3.5
48,142,4.5
48,143,4.5
48,197,4.0
48,32,4.0
48,11,4.5
48,2,4.0
48,147,3.5
48,153,4.0
48,101,3.0
48,138,4.0
48,141,4.5
48,22,4.0
48,79,3.0
48,54,4.5
48,89,3.0
48,55,4.0
48,106,3.5
48,193,3.5
48,132,4.0
48,188,4.0
48,42,2.0
48,48,4.0
48,57,4.0
48,158,3.0
48,65,4.5
48,50,2.0
48,30,2.5
48,47,2.5
48,146,4.5
48,14,4.5
48,180,3.5
48,119,4.5
48,160,4.5
48,19,3.0
48,75,4.5
48,18,4.5
48,173,3.5
48,26,4.0
48,51,4.0
48,149,3.5
48,125,4.5
48,85,5.0
48,92,3.5
48,33,3.5
48,61,3.0
48,183,4.0
48,73,3.5
48,155,5.0
48,165,4.5
48,82,2.5
48,150,5.0
48,116,5.0
48,151,4.0
48,178,3.5
48,40,3.0
48,94,4.5
48,81,5.0
48,110,5.0
48,44,5.0
48,185,4.0
49,71,4.5
49,93,2.5
49,35,3.5
49,174,3.5
49,188,3.5
49,85,5.0
49,123,3.5
49,119,5.0
49,115,3.5
49,92,3.0
49,79,3.5
49,125,4.5
49,142,4.0
49,28,4.5
49,45,4.0
49,166,5.0
49,156,3.0
49,21,3.0
49,72,3.0
49,36,4.0
49,138,4.0
49,51,3.0
49,68,3.0
49,161,4.0
49,20,4.0
49,176,4.5
49,5,3.0
49,130,4.0
49,162,4.0
49,8,3.5
49,149,4.5
49,170,3.5
49,104,5.0
49,152,3.0
49,55,4.5
49,10,3.5
49,196,3.0
49,67,3.5
49,140,3.5
49,139,4.0
49,121,4.0
49,39,5.0
49,94,3.0
49,101,2.5
49,58,3.5
49,151,4.5
49,75,3.0
50,102,5.0
50,94,2.5
50,129,4.0
50,3,3.0
50,170,4.0
50,62,5.0
50,158,3.0
50,176,3.0
50,43,4.5
50,132,2.5
50,36,4.0
50,115,4.0
50,41,3.5
50,46,3.0
50,145,4.5
50,186,3.5
50,169,5.0
50,38,2.5
50,124,4.5
50,92,4.0
50,11,4.0
50,57,5.0
50,125,4.0
50,60,5.0
50,17,4.0
51,133,3.5
51,93,3.0
51,100,2.0
51,121,2.5
51,117,5.0
51,12,4.0
51,11,3.5
51,167,3.0
51,83,5.0
51,27,3.5
51,181,5.0
51,134,3.0
51,163,3.0
51,71,4.5
51,68,3.5
51,149,3.0
51,140,3.0
51,146,3.5
51,45,4.5
51,97,5.0
51,168,4.5
51,190,4.0
51,94,4.0
51,151,4.5
51,180,4.5
51,20,4.0
51,200,5.0
51,65,3.5
51,179,4.0
51,58,2.5
51,174,4.0
51,104,4.5
51,91,3.5
52,129,3.5
52,36,5.0
52,113,4.5
52,43,3.5
52,59,4.5
52,20,3.0
52,132,2.5
52,165,4.5
52,72,3.5
52,55,5.0
52,39,5.0
52,48,3.5
52,41,4.0
52,93,4.0
52,155,5.0
52,184,3.5
52,31,2.0
52,170,4.5
52,107,3.0
52,85,4.0
53,123,3.5
53,54,2.5
53,152,3.5
53,42,3.5
53,166,5.0
53,106,3.0
53,6,3.0
53,63,4.5
53,12,3.0
53,33,3.5
53,147,3.5
53,198,2.5
53,197,4.0
53,35,3.5
53,162,3.5
53,132,3.0
53,11,3.5
53,190,4.0
53,38,3.5
53,15,4.0
53,43,3.5
53,67,4.0
53,47,3.5
53,133,3.5
53,104,5.0
53,154,4.5
53,145,5.0
53,164,4.5
53,5,4.0
53,170,3.5
53,73,2.5
53,22,3.5
53,56,3.0
53,115,3.5
53,156,2.5
53,121,3.5
53,124,4.0
53,44,4.0
53,57,5.0
53,195,5.0
53,175,2.0
53,37,2.5
53,150,4.5
53,178,4.5
53,131,4.0
53,68,2.0
53,180,4.0
53,88,3.5
53,117,4.0
53,18,3.5
54,5,3.5
54,52,3.5
54,134,2.0
54,130,4.5
54,176,4.0
54,108,5.0
54,39,4.0
54,156,2.5
54,25,3.5
54,46,4.0
54,122,3.5
54,158,3.0
54,154,4.5
54,10,3.5
54,137,4.0
54,129,4.0
54,31,3.5
54,24,4.5
54,124,5.0
54,169,3.5
54,34,3.5
54,155,5.0
54,139,4.5
54,1,2.5
54,174,3.0
54,167,3.5
55,59,4.5
55,124,4.5
55,197,4.0
55,98,4.0
55,90,5.0
55,151,4.5
55,190,5.0
55,179,2.5
55,148,4.0
55,26,4.5
55,109,4.5
55,35,2.0
55,66,3.0
55,123,2.5
55,60,4.0
55,22,4.5
55,73,2.0
55,154,4.5
55,140,4.5
55,105,4.5
55,188,4.5
55,49,4.0
55,2,3.0
55,178,3.5
55,192,5.0
55,134,2.5
55,31,3.5
55,175,3.5
55,177,4.5
55,97,4.0
55,168,3.5
55,53,5.0
55,81,4.5
55,181,5.0
55,93,2.5
55,28,4.5
55,40,3.5
55,110,5.0
55,150,5.0
55,65,4.0
55,67,4.0
55,138,4.0
55,194,4.0
55,145,4.5
55,94,2.5
55,71,4.5
55,102,3.5
56,46,3.0
56,95,4.5
56,144,4.5
56,143,4.5
56,124,4.0
56,65,4.5
56,79,3.0
56,148,4.0
56,89,3.0
56,181,4.5
56,102,5.0
56,189,5.0
56,36,4.0
56,169,3.5
56,31,3.0
56,59,4.0
56,115,4.0
56,180,4.5
56,42,4.0
56,26,2.0
56,55,4.5
56,131,5.0
56,103,4.5
56,87,5.0
56,141,5.0
56,158,4.0
56,14,4.0
56,182,5.0
56,100,3.0
56,163,3.0
56,2,2.5
56,24,5.0
56,38,3.0
56,121,4.0
56,154,4.5
56,112,2.0
56,23,4.0
56,17,2.5
56,68,3.5
56,57,5.0
56,199,3.0
56,21,3.0
56,156,4.0
56,10,3.0
56,99,2.5
56,178,4.5
56,134,4.5
56,74,3.0
56,15,3.0
56,45,5.0
57,50,3.0
57,9,4.0
57,154,5.0
57,131,5.0
57,133,4.0
57,179,3.0
57,60,5.0
57,158,3.5
57,44,4.0
57,173,4.5
57,10,4.0
57,93,4.0
57,62,4.0
57,168,4.5
57,1,3.0
57,41,5.0
57,23,2.0
57,71,4.0
57,103,4.5
57,91,3.5
57,172,4.5
57,102,4.5
57,104,5.0
57,151,5.0
57,52,3.5
57,196,4.0
57,4,3.5
57,18,4.0
57,24,4.5
57,141,4.0
57,73,2.0
57,144,5.0
57,150,5.0
57,90,4.5
57,89,3.0
57,183,3.0
57,58,3.0
57,156,3.0
58,67,3.5
58,45,4.5
58,105,4.5
58,130,3.5
58,28,4.0
58,144,4.0
58,19,3.0
58,129,3.0
58,76,3.0
58,88,3.5
58,30,3.5
58,132,2.5
58,66,3.5
58,138,4.5
58,148,4.5
58,65,4.0
58,178,3.5
58,114,4.0
58,97,4.0
58,145,4.5
59,151,3.5
59,8,2.5
59,124,4.0
59,30,3.5
59,67,4.0
59,18,3.5
59,98,2.5
59,163,2.5
59,57,5.0
59,174,3.5
59,180,4.5
59,59,3.0
59,81,4.5
59,106,4.0
59,91,4.5
59,133,5.0
59,138,4.5
59,3,2.5
59,190,4.5
59,68,2.5
59,64,4.5
59,74,3.0
59,24,5.0
59,103,3.5
59,173,4.5
59,88,3.5
59,20,4.5
59,142,4.5
59,46,4.0
59,122,4.0
59,188,3.5
59,186,4.0
59,56,4.0
59,147,2.5
59,69,3.5
59,47,3.5
59,49,3.0
59,128,4.5
59,52,3.5
59,61,4.0
59,62,4.5
59,181,5.0
59,53,5.0
59,189,4.5
59,162,2.5
59,182,4.0
59,92,5.0
59,40,4.0
59,28,4.0
59,31,2.5
59,21,4.5
59,127,5.0
59,2,4.0
59,139,4.0
59,11,4.5
59,198,2.0
59,96,5.0
59,170,2.0
59,149,4.5
59,71,3.5
59,126,4.5
59,165,4.0
59,131,4.0
59,72,3.5
59,102,4.0
59,192,5.0
59,33,3.5
59,14,4.5
59,109,5.0
59,123,3.0
59,9,4.0
59,129,3.5
59,89,3.5
59,51,3.5
59,111,4.5
59,175,4.0
59,100,2.0
60,118,4.5
60,81,4.5
60,177,3.5
60,3,2.5
60,4,3.0
60,173,4.5
60,54,5.0
60,98,2.0
60,149,5.0
60,26,1.5
60,84,4.0
60,93,4.0
60,157,3.5
60,67,2.5
60,48,4.0
60,141,5.0
60,68,3.5
60,61,1.5
60,69,2.0
60,121,2.5
60,188,3.5
60,88,2.0
60,94,3.0
60,186,3.5
60,128,5.0
60,109,4.5
60,194,5.0
60,108,5.0
60,96,3.0
60,178,4.5
60,103,4.5
60,72,4.0
60,116,5.0
60,47,2.0
60,147,4.5
60,34,3.5
60,148,4.0
60,59,4.0
60,191,3.5
60,70,2.0
60,183,4.0
60,143,3.0
60,111,5.0
60,193,4.0
60,51,2.5
60,38,3.0
60,39,5.0
60,122,3.5
60,197,4.0
60,46,2.5
60,195,5.0
60,176,4.0
60,35,4.0
61,146,4.0
61,13,5.0
61,102,4.5
61,26,3.5
61,177,3.5
61,42,3.5
61,16,5.0
61,56,3.5
61,66,3.5
61,122,4.0
61,162,3.5
61,25,4.0
61,116,5.0
61,86,4.5
61,67,3.5
61,93,3.5
61,185,4.0
61,144,5.0
61,143,5.0
61,192,5.0
61,89,2.0
61,6,3.5
61,106,3.0
61,32,4.0
61,90,5.0
61,174,3.0
61,156,3.5
61,51,3.5
61,148,4.0
61,172,3.0
61,167,3.5
61,170,1.0
61,138,4.0
61,45,3.0
61,73,3.5
61,91,4.5
61,84,4.5
61,131,5.0
61,125,3.5
61,115,5.0
61,21,4.0
61,98,2.5
61,158,4.5
61,74,3.0
61,119,4.0
61,38,3.0
61,43,4.0
61,87,4.0
61,108,5.0
61,147,4.0
61,104,5.0
61,19,3.0
61,160,4.0
61,195,5.0
61,88,2.5
62,182,4.5
62,69,2.5
62,155,5.0
62,166,5.0
62,102,4.5
62,70,3.5
62,114,3.5
62,93,3.5
62,192,4.5
62,151,4.0
62,134,4.0
62,116,4.5
62,106,4.0
62,43,3.0
62,48,4.0
62,6,3.0
62,33,4.0
62,61,2.0
62,170,4.5
62,65,5.0
62,180,4.5
62,21,3.0
62,54,4.0
62,187,2.5
62,196,3.5
62,27,3.0
62,25,3.0
62,17,4.0
62,122,3.0
62,141,3.5
62,14,3.5
62,7,5.0
62,176,4.5
62,135,4.0
62,22,4.0
62,175,4.0
62,68,2.5
62,159,4.0
63,59,4.0
63,64,4.5
63,189,5.0
63,73,2.0
63,114,3.5
63,161,4.0
63,33,4.5
63,34,3.0
63,135,1.5
63,44,4.0
63,8,3.5
63,9,5.0
63,170,2.5
63,92,4.0
63,84,5.0
63,122,2.0
63,120,3.0
63,139,4.0
63,70,3.0
63,141,4.5
63,196,3.5
63,35,1.5
63,183,3.0
63,46,3.5
63,152,3.0
63,153,4.5
63,117,4.5
63,162,3.5
63,163,3.5
63,145,4.0
63,112,2.5
63,192,5.0
63,164,4.5
63,168,4.0
63,137,3.5
63,80,4.0
63,89,1.5
63,124,5.0
63,178,3.5
64,94,3.5
64,106,4.0
64,67,2.5
64,40,3.5
64,78,4.5
64,3,2.5
64,1,3.5
64,134,3.0
64,35,2.5
64,89,2.5
64,74,3.0
64,121,3.0
64,137,3.5
64,195,4.5
64,177,3.5
64,126,4.5
64,123,2.5
64,77,3.0
64,187,4.5
64,111,5.0
64,75,3.0
64,153,5.0
64,60,4.0
64,2,3.5
64,141,5.0
64,96,5.0
64,49,2.5
64,199,4.5
64,144,5.0
64,112,3.0
64,102,4.5
64,64,4.5
64,42,4.0
64,166,4.5
64,100,1.5
64,97,4.0
64,57,4.5
64,68,3.5
64,21,3.0
65,167,4.5
65,191,2.5
65,137,3.0
65,69,2.5
65,106,4.5
65,49,3.0
65,18,4.5
65,47,2.5
65,35,4.0
65,75,3.5
65,29,4.5
65,164,5.0
65,117,4.5
65,159,3.0
65,116,5.0
65,70,3.5
65,180,4.5
65,160,4.5
65,126,5.0
65,195,4.0
65,83,5.0
65,5,3.5
65,39,3.5
65,13,4.0
65,198,3.0
65,6,3.5
65,48,4.0
65,27,3.5
65,73,3.0
65,197,4.0
65,33,3.5
65,113,5.0
65,3,4.0
65,60,5.0
65,24,4.0
65,178,4.0
65,4,3.0
65,127,4.0
66,128,5.0
66,96,2.5
66,119,5.0
66,179,3.0
66,9,4.0
66,85,4.5
66,21,3.0
66,193,3.0
66,38,4.0
66,15,3.0
66,69,3.5
66,101,4.0
66,19,2.5
66,140,4.0
66,121,3.0
66,47,3.5
66,50,1.5
66,65,4.0
66,98,2.5
66,4,3.5
66,32,4.0
66,64,4.0
66,99,2.5
66,114,4.0
66,197,4.0
66,196,4.0
66,51,3.0
66,118,2.0
66,25,3.5
66,134,2.5
66,54,3.5
66,122,2.5
66,100,3.0
66,80,4.5
66,83,4.5
66,41,4.0
66,162,3.5
66,11,3.5
66,141,4.5
66,171,3.5
66,180,3.0
66,183,3.5
66,124,4.5
66,77,2.5
66,174,3.0
66,93,2.5
66,14,4.5
66,56,3.0
66,29,4.0
66,61,2.0
66,112,2.5
66,84,3.5
66,181,4.5
66,43,5.0
66,71,4.5
66,31,3.5
66,102,5.0
66,63,4.0
66,3,2.5
66,163,2.5
66,169,4.0
66,40,3.5
66,199,4.0
66,23,4.0
66,176,4.5
66,165,4.0
66,200,5.0
66,24,5.0
66,87,4.5
66,16,4.0
67,180,3.0
67,138,4.5
67,28,3.0
67,33,4.0
67,125,4.0
67,60,5.0
67,82,3.5
67,143,4.0
67,166,5.0
67,89,2.0
67,113,3.5
67,188,2.5
67,50,3.5
67,6,3.5
67,177,4.0
67,97,5.0
67,92,3.5
67,35,4.0
67,65,5.0
67,11,4.5
67,196,4.5
67,190,3.0
67,144,4.0
67,76,3.0
67,139,4.5
67,126,4.5
67,49,3.5
67,146,5.0
67,48,5.0
68,154,5.0
68,142,3.5
68,42,2.5
68,18,4.5
68,136,4.0
68,40,4.5
68,116,4.0
68,76,3.0
68,68,3.0
68,139,5.0
68,94,2.5
68,117,4.5
68,1,3.5
68,164,4.0
68,130,4.0
68,98,3.5
68,48,4.5
68,5,5.0
68,159,2.0
68,190,5.0
68,182,4.5
68,62,4.0
68,83,5.0
68,17,3.5
68,169,3.5
68,138,3.0
68,100,3.0
68,49,3.0
68,135,4.0
68,128,5.0
68,199,3.5
68,195,5.0
68,157,4.0
68,73,2.5
68,178,4.5
68,105,5.0
68,166,5.0
68,29,3.5
68,25,3.0
68,134,4.0
68,197,4.5
68,12,4.5
68,34,3.5
68,46,3.0
68,9,4.5
68,52,4.0
68,28,4.0
68,125,3.5
68,50,3.5
68,26,3.0
68,156,2.0
68,147,5.0
68,174,4.0
68,126,5.0
68,172,4.0
68,66,4.0
68,13,4.5
68,181,5.0
68,57,4.0
68,19,4.0
68,4,2.5
68,54,5.0
68,149,4.5
68,21,3.5
68,120,2.5
68,16,4.5
68,93,4.5
68,107,2.0
68,95,5.0
68,15,3.0
68,69,2.5
68,11,3.5
68,141,5.0
68,133,3.0
68,39,4.0
69,26,3.5
69,186,4.0
69,60,4.0
69,137,3.0
69,99,3.0
69,49,4.0
69,50,3.5
69,135,3.5
69,169,3.5
69,64,5.0
69,146,4.0
69,161,3.5
69,46,3.5
69,143,5.0
69,187,3.0
69,107,3.0
69,28,4.0
69,164,4.5
69,148,3.0
69,92,4.5
69,173,5.0
69,118,3.5
69,171,3.5
69,110,3.5
69,27,3.0
69,43,5.0
70,169,3.5
70,41,5.0
70,137,2.5
70,154,3.5
70,114,4.5
70,91,4.5
70,81,4.0
70,141,5.0
70,84,4.5
70,96,4.5
70,106,2.5
70,163,2.0
70,111,4.5
70,186,4.0
70,83,5.0
70,156,3.0
70,62,4.0
70,145,4.0
70,140,4.5
70,55,3.5
70,97,5.0
70,193,4.0
70,66,4.5
70,93,3.5
70,116,4.5
70,115,3.5
70,102,4.5
70,1,3.0
70,9,4.0
70,73,2.5
70,153,4.5
70,5,3.5
70,133,2.0
70,35,3.0
70,78,4.0
70,2,2.0
70,77,2.0
70,57,3.5
70,181,4.5
70,194,4.0
70,6,4.0
71,147,3.5
71,40,4.0
71,25,4.0
71,10,3.0
71,118,4.0
71,92,3.5
71,199,4.5
71,36,5.0
71,68,2.0
71,94,3.0
71,150,4.5
71,64,4.0
71,60,5.0
71,66,3.0
71,77,4.0
71,24,5.0
71,200,5.0
71,103,5.0
71,146,5.0
71,56,3.0
71,20,3.0
71,84,4.5
71,124,5.0
71,45,4.0
71,125,3.0
71,148,3.0
71,198,3.0
71,153,4.5
71,165,5.0
71,186,3.0
71,197,4.0
71,175,4.0
71,98,4.0
71,21,2.5
71,15,3.0
71,86,4.0
71,90,5.0
71,112,2.5
71,107,3.5
71,31,1.5
71,59,5.0
71,155,5.0
71,3,3.0
71,168,5.0
71,14,3.5
71,79,2.5
71,135,5.0
71,11,3.5
71,82,3.0
71,139,4.0
71,145,5.0
71,39,5.0
71,179,2.5
71,129,3.5
71,57,4.5
71,194,4.5
71,13,5.0
71,101,4.0
71,115,3.0
71,130,4.5
71,185,4.5
71,182,5.0
71,111,5.0
71,75,3.5
71,143,4.5
71,38,4.0
71,34,4.5
71,87,4.5
71,22,5.0
71,122,4.0
71,144,4.5
71,183,3.0
71,192,3.5
71,173,5.0
71,52,3.5
71,65,4.0
71,181,5.0
71,100,4.0
71,164,5.0
72,51,3.0
72,125,3.5
72,102,4.5
72,167,3.0
72,147,3.5
72,200,4.5
72,144,3.5
72,158,4.0
72,189,4.0
72,135,2.0
72,64,5.0
72,63,5.0
72,19,3.0
72,69,3.5
72,111,4.5
72,83,5.0
72,176,4.0
72,148,4.0
72,23,4.5
72,29,4.0
72,172,3.0
72,106,3.5
72,109,5.0
72,94,3.5
72,90,4.5
72,49,3.0
72,185,4.0
72,89,2.5
72,153,3.5
72,168,4.0
72,7,4.0
72,79,3.0
72,44,2.5
72,184,5.0
72,193,5.0
72,114,4.0
72,160,3.0
72,38,3.0
72,113,3.5
72,12,2.0
72,60,4.5
72,52,4.5
72,96,5.0
72,40,3.5
72,22,3.5
72,181,5.0
72,14,4.0
72,192,5.0
72,163,2.5
72,74,4.0
72,4,4.5
72,88,4.0
72,155,4.5
72,169,4.0
72,116,4.0
73,140,4.5
73,134,3.0
73,193,4.5
73,67,3.5
73,141,4.5
73,124,3.5
73,160,5.0
73,187,4.0
73,37,3.5
73,178,3.5
73,179,4.0
73,172,3.5
73,5,4.0
73,97,3.5
73,150,5.0
73,170,3.0
73,135,3.0
73,12,3.5
73,66,4.5
73,44,3.0
73,16,5.0
73,73,1.0
73,52,3.0
73,159,4.0
73,70,2.5
73,14,3.5
73,120,3.0
73,168,5.0
73,3,2.0
73,18,3.5
73,100,3.5
73,176,5.0
73,93,3.5
74,167,2.5
74,99,4.5
74,60,5.0
74,98,3.5
74,131,4.0
74,182,4.0
74,26,2.5
74,81,4.5
74,125,5.0
74,153,5.0
74,137,2.5
74,23,4.0
74,48,5.0
74,51,4.0
74,129,4.5
74,118,3.0
74,144,4.0
74,183,3.5
74,6,2.5
74,11,4.5
74,64,5.0
74,136,2.5
74,79,2.5
74,86,4.0
74,126,5.0
74,101,3.0
74,41,3.5
74,5,3.5
74,89,2.0
74,91,2.5
74,171,4.5
74,161,5.0
74,78,5.0
74,61,2.5
74,186,4.0
74,71,4.5
74,16,5.0
74,169,3.0
74,66,4.5
74,100,3.0
74,8,3.5
74,143,3.5
74,72,4.0
74,58,2.5
74,39,4.0
74,88,3.0
74,175,2.5
74,36,5.0
74,189,5.0
74,197,5.0
74,134,2.5
74,59,4.0
74,107,3.0
74,62,3.0
74,40,3.5
74,110,5.0
74,80,3.5
74,85,5.0
74,115,4.5
74,139,5.0
74,34,3.0
74,53,5.0
74,191,4.0
74,52,3.0
74,138,4.5
74,184,4.5
74,35,2.5
74,111,4.0
74,38,3.0
74,174,4.5
74,82,3.0
74,18,4.5
74,31,2.5
74,24,4.0
74,196,4.5
75,106,3.0
75,200,4.5
75,78,5.0
75,114,4.0
75,191,3.5
75,164,5.0
75,190,4.5
75,71,5.0
75,39,4.0
75,49,2.5
75,28,4.5
75,34,4.5
75,48,4.0
75,7,5.0
75,157,3.0
75,158,3.5
75,69,4.0
75,156,2.0
75,146,3.5
75,186,4.5
75,60,4.0
75,153,4.0
75,180,5.0
75,178,3.5
75,176,3.5
75,187,4.0
75,92,4.5
75,21,3.5
75,123,3.5
75,35,3.0
75,129,3.5
75,155,5.0
75,121,2.5
75,167,3.0
75,96,3.5
75,188,3.5
75,100,2.5
75,126,4.5
75,122,4.0
75,36,4.5
75,42,3.5
75,50,2.5
75,58,3.0
75,9,4.5
75,105,5.0
75,4,3.0
75,70,3.0
75,199,3.5
75,57,5.0
75,52,2.5
75,53,4.5
75,17,5.0
75,46,3.0
75,113,3.5
75,163,3.0
75,84,5.0
75,118,4.0
75,64,3.5
75,110,5.0
75,104,5.0
75,11,4.0
75,98,3.0
75,81,5.0
75,101,3.5
75,135,2.5
75,10,4.0
75,134,3.0
75,194,4.5
75,116,4.5
75,117,4.0
75,140,4.0
75,63,4.5
75,102,4.0
75,182,4.5
75,95,4.5
75,6,3.5
76,113,4.5
76,102,4.0
76,78,5.0
76,74,3.5
76,119,5.0
76,43,4.0
76,109,5.0
76,76,4.0
76,157,5.0
76,14,4.5
76,177,4.5
76,133,3.5
76,37,3.0
76,196,4.0
76,166,5.0
76,116,4.5
76,24,5.0
76,129,4.5
76,29,3.5
76,47,2.5
76,150,4.5
76,179,3.5
76,140,3.5
76,35,4.0
76,101,4.0
76,106,4.0
76,83,3.5
76,185,3.5
76,7,5.0
76,46,2.0
76,117,5.0
76,152,3.5
76,52,5.0
76,170,4.5
76,184,4.5
76,65,4.0
76,174,4.5
76,42,4.5
77,116,3.5
77,163,2.0
77,93,3.0
77,22,5.0
77,135,4.0
77,182,5.0
77,99,2.5
77,187,2.0
77,131,5.0
77,157,3.5
77,41,3.0
77,97,5.0
77,141,5.0
77,98,2.5
77,12,2.5
77,44,4.0
77,86,3.5
77,145,4.0
77,169,3.0
77,39,5.0
77,42,3.5
77,38,3.5
77,46,2.5
77,14,3.5
77,108,3.5
77,79,2.5
77,80,4.5
77,115,3.5
77,74,3.0
77,161,4.5
77,47,3.5
77,31,3.0
77,34,3.5
77,52,2.5
77,1,3.0
77,160,5.0
77,65,4.5
77,4,3.5
77,118,4.0
77,128,5.0
77,171,4.0
77,140,4.0
77,2,2.5
77,156,2.5
77,127,3.0
77,61,3.5
77,56,3.5
77,151,4.0
77,122,4.0
77,117,4.0
77,105,4.5
77,114,3.5
77,21,2.0
77,158,3.5
77,63,3.5
77,188,2.5
77,72,2.5
77,143,4.0
77,54,4.0
77,13,4.5
77,48,4.0
77,179,2.5
77,15,3.0
77,90,4.0
77,10,3.5
78,155,4.0
78,77,3.0
78,85,5.0
78,23,4.0
78,13,4.5
78,28,4.0
78,107,3.0
78,46,3.0
78,42,3.5
78,173,4.0
78,73,3.0
78,157,3.5
78,170,2.5
78,178,3.0
78,180,3.0
78,153,3.5
78,147,4.0
78,144,3.5
78,193,4.5
78,117,4.5
78,149,3.0
78,93,3.5
78,10,3.5
78,24,3.5
78,199,3.5
78,83,3.5
78,95,5.0
78,98,2.5
78,18,3.0
78,110,4.5
78,141,4.5
78,17,3.5
78,75,2.0
78,121,3.0
78,35,3.0
78,32,4.0
78,71,4.5
78,198,2.5
78,135,4.5
78,106,3.0
78,162,4.0
78,54,5.0
78,159,3.5
78,189,4.5
78,15,2.5
78,195,5.0
78,184,3.5
78,136,3.0
78,197,3.5
78,124,5.0
78,74,3.5
78,171,3.5
78,82,3.0
78,67,3.0
78,160,4.5
78,91,4.5
79,187,2.5
79,162,4.5
79,128,5.0
79,127,4.5
79,47,3.0
79,157,4.0
79,60,4.0
79,182,4.0
79,75,3.0
79,50,4.0
79,1,2.0
79,31,3.0
79,7,4.5
79,120,2.5
79,161,4.5
79,189,4.5
79,54,4.0
79,158,3.5
79,107,2.5
79,106,3.5
79,12,2.5
79,86,4.0
79,90,4.0
79,144,4.5
79,164,5.0
79,55,4.0
79,3,3.5
79,176,2.5
79,52,3.5
79,73,2.0
79,66,2.5
79,18,4.0
79,79,3.5
79,77,3.5
79,130,4.0
79,141,4.0
79,83,4.5
79,2,3.0
79,30,3.5
79,179,2.5
79,88,3.5
79,102,4.5
79,146,4.5
79,8,1.5
79,45,4.0
79,191,4.0
79,85,5.0
79,87,5.0
79,123,3.5
79,122,3.0
79,10,2.0
79,35,2.5
79,124,5.0
80,86,4.5
80,119,5.0
80,106,4.0
80,191,3.5
80,15,2.5
80,134,3.5
80,77,4.0
80,145,4.0
80,186,4.5
80,174,3.0
80,81,5.0
80,143,3.5
80,138,4.5
80,5,3.0
80,54,3.5
80,148,4.0
80,176,3.5
80,85,4.0
80,91,3.5
80,17,3.5
80,39,4.5
80,72,4.0
80,8,4.0
80,87,4.5
80,97,5.0
80,161,4.5
80,137,2.5
80,43,3.0
80,147,3.5
80,156,2.5
80,100,3.5
80,48,5.0
80,153,4.0
80,30,3.5
80,79,3.0
80,190,5.0
80,9,4.5
80,70,3.0
80,198,3.0
80,23,3.5
80,128,5.0
80,61,2.0
80,96,4.0
80,116,4.0
80,78,5.0
80,56,4.0
80,135,3.0
80,171,2.5
80,45,4.0
80,29,4.0
80,158,4.0
80,10,3.5
80,52,3.5
80,24,3.5
80,114,4.5
80,130,3.0
80,7,5.0
80,124,4.5
80,129,3.0
80,40,3.5
80,49,3.0
80,88,3.5
80,189,5.0
80,154,4.5
80,80,3.5
80,84,5.0
80,37,3.0
80,26,3.5
80,34,3.5
80,53,4.5
80,149,4.5
80,118,2.5
80,170,4.0
80,92,5.0
80,111,4.5
80,67,2.5
80,196,4.0
81,153,4.5
81,23,3.5
81,86,3.5
81,120,3.0
81,12,4.5
81,27,3.0
81,134,2.5
81,169,4.0
81,191,4.5
81,80,5.0
81,6,2.5
81,148,4.0
81,192,3.0
81,164,5.0
81,54,4.0
81,83,5.0
81,52,3.5
81,50,1.5
81,74,3.0
81,71,3.0
81,137,3.5
81,82,2.0
81,113,3.5
81,172,2.5
81,31,2.5
81,70,3.5
81,39,4.5
81,41,4.0
81,181,5.0
81,30,3.0
81,4,3.5
81,160,4.5
81,144,4.5
81,132,1.0
81,195,4.5
81,53,4.0
81,139,4.5
81,90,4.5
81,141,4.0
81,179,2.5
81,175,3.5
81,37,3.5
81,73,2.5
81,147,3.5
81,63,5.0
81,44,3.5
81,19,3.0
81,188,4.5
81,87,3.5
81,187,2.0
81,114,4.5
81,13,4.0
81,34,3.5
81,8,3.0
81,121,3.0
81,149,5.0
81,28,5.0
81,99,3.5
81,14,3.0
81,199,2.5
81,110,2.5
81,101,2.5
81,46,3.5
82,195,5.0
82,172,4.0
82,137,3.0
82,21,3.0
82,194,4.5
82,120,3.5
82,146,3.0
82,34,4.0
82,24,5.0
82,179,3.5
82,200,5.0
82,25,5.0
82,117,4.0
82,80,3.5
82,176,3.5
82,165,4.5
82,182,5.0
82,190,5.0
82,121,2.5
82,60,5.0
82,58,4.0
82,37,3.5
82,158,4.0
82,67,3.5
82,94,4.0
82,101,3.5
82,47,2.0
82,171,4.0
82,85,4.5
82,84,4.0
82,188,3.0
82,125,4.0
82,8,2.5
82,17,4.5
82,122,4.0
82,29,4.0
82,90,3.5
82,123,3.5
82,119,4.5
82,44,4.5
82,73,2.5
82,164,3.5
82,155,4.5
82,148,3.5
82,33,4.5
82,131,4.0
82,27,4.5
82,104,4.0
82,28,5.0
82,173,5.0
82,143,5.0
82,19,3.5
82,78,5.0
82,198,3.0
82,162,2.5
82,103,5.0
82,106,3.5
82,62,3.5
82,63,5.0
82,141,4.5
82,41,4.5
82,124,4.0
82,99,3.5
82,167,3.5
82,88,3.0
83,112,2.5
83,146,5.0
83,88,4.5
83,140,3.5
83,178,4.0
83,61,2.5
83,45,5.0
83,170,3.0
83,172,4.0
83,20,4.0
83,190,4.0
83,183,5.0
83,147,3.0
83,125,4.5
83,30,3.0
83,152,3.5
83,153,3.0
83,119,4.0
83,84,3.5
83,143,3.5
83,25,3.5
83,114,4.5
83,46,3.0
83,79,3.0
83,104,4.0
83,18,3.5
83,154,5.0
83,28,3.5
83,184,5.0
83,98,2.5
83,182,4.0
83,127,4.0
83,166,5.0
83,16,5.0
83,24,4.0
83,56,3.5
83,36,4.5
83,149,5.0
83,1,2.5
83,38,3.5
83,39,5.0
83,116,5.0
83,137,3.5
83,75,2.0
83,100,1.5
83,148,4.0
83,115,4.0
84,146,3.5
84,174,3.5
84,78,4.5
84,112,3.5
84,184,4.5
84,89,2.0
84,23,4.0
84,150,4.5
84,3,3.0
84,157,4.0
84,131,4.0
84,104,4.5
84,33,4.0
84,76,4.0
84,16,4.5
84,95,4.0
84,141,4.5
84,14,5.0
84,1,3.0
84,181,4.5
84,144,5.0
84,92,3.5
84,29,3.0
84,73,2.5
84,8,3.0
84,61,2.0
84,111,4.5
84,152,4.0
84,101,3.0
84,161,4.5
84,82,4.0
84,98,2.5
84,189,5.0
84,169,3.0
84,197,3.5
84,140,3.0
84,55,3.5
84,45,4.5
84,122,4.5
85,93,3.0
85,107,3.0
85,40,4.0
85,74,3.5
85,172,4.5
85,33,5.0
85,35,1.5
85,3,1.5
85,19,2.5
85,166,5.0
85,5,2.5
85,37,1.0
85,185,4.5
85,125,4.0
85,169,2.5
85,112,2.0
85,194,3.5
85,22,4.5
85,36,4.0
85,165,4.5
85,199,1.5
85,117,3.5
85,155,4.0
85,109,4.5
85,160,4.5
85,47,3.5
85,179,2.0
85,131,4.5
85,177,4.5
85,142,5.0
85,116,4.5
85,99,3.5
85,91,3.0
85,58,1.5
85,48,5.0
85,196,3.5
85,178,4.5
85,2,2.0
85,148,4.5
85,128,5.0
85,61,3.0
85,129,4.0
85,69,3.5
85,106,2.5
85,140,4.5
85,162,3.0
85,94,4.0
85,9,3.5
85,10,2.5
85,146,5.0
85,124,4.0
85,95,5.0
85,29,3.5
85,150,3.5
85,21,3.5
85,189,4.5
85,135,3.5
85,72,3.5
85,120,2.0
85,133,3.5
85,151,5.0
85,134,3.5
85,23,3.5
85,63,5.0
85,121,3.0
85,20,3.5
85,80,3.0
85,14,4.0
85,88,4.5
85,193,4.0
85,136,4.0
85,174,3.5
85,130,3.0
86,10,4.0
86,178,3.5
86,153,5.0
86,192,4.5
86,78,5.0
86,187,4.0
86,145,5.0
86,67,2.5
86,16,4.0
86,162,4.0
86,122,3.5
86,149,4.5
86,44,3.5
86,147,3.5
86,14,3.0
86,169,3.0
86,75,2.5
86,160,4.5
86,7,4.5
86,74,3.5
86,125,5.0
86,22,3.5
86,33,5.0
86,130,4.5
86,20,3.0
86,72,3.5
86,65,4.0
86,34,4.0
86,158,4.0
86,175,4.0
87,45,4.5
87,152,3.0
87,190,4.0
87,39,4.5
87,169,4.5
87,115,3.5
87,95,4.0
87,200,5.0
87,67,2.5
87,180,3.5
87,61,2.5
87,125,3.0
87,47,2.0
87,136,4.0
87,9,3.5
87,88,3.0
87,22,4.5
87,38,3.5
87,153,4.5
87,40,3.5
87,127,4.0
87,106,2.5
87,99,3.5
87,198,3.5
87,170,3.0
87,113,4.5
87,164,4.0
87,43,5.0
87,54,4.5
87,148,3.5
87,89,3.0
87,14,3.5
87,165,5.0
87,68,2.5
87,30,2.5
87,196,4.5
87,173,4.0
87,119,5.0
87,103,5.0
87,122,3.0
87,78,5.0
87,161,3.5
87,137,3.5
87,60,5.0
87,98,3.5
87,100,2.5
87,159,2.0
87,167,3.5
87,183,2.5
87,187,3.5
87,112,3.5
87,4,3.5
87,74,4.5
87,195,5.0
87,156,2.0
87,81,5.0
87,151,4.5
87,11,3.5
88,111,4.0
88,157,3.5
88,167,2.0
88,70,2.5
88,86,3.5
88,197,2.5
88,69,3.5
88,26,3.5
88,66,3.5
88,168,4.0
88,150,5.0
88,101,3.5
88,119,5.0
88,173,4.0
88,62,4.0
88,187,4.0
88,151,3.5
88,50,4.5
88,134,3.0
88,87,4.5
88,174,3.0
88,177,4.0
88,47,2.0
88,81,4.0
88,141,4.0
88,3,3.0
88,185,4.5
88,175,3.5
88,18,2.5
88,4,4.5
88,106,4.0
88,193,3.5
88,135,3.5
88,27,3.0
88,115,3.5
88,90,5.0
88,57,4.5
88,73,2.5
88,65,4.0
88,183,2.5
88,9,4.5
88,7,5.0
89,56,3.5
89,154,5.0
89,164,5.0
89,32,3.5
89,182,4.5
89,31,2.0
89,23,3.0
89,155,4.0
89,34,4.5
89,97,5.0
89,169,3.5
89,166,5.0
89,145,4.5
89,48,5.0
89,29,4.0
89,179,4.0
89,187,3.0
89,65,4.0
89,76,4.0
89,120,3.5
89,170,2.5
89,20,3.5
89,198,2.5
89,117,2.5
89,71,4.5
89,110,4.5
89,171,4.0
89,83,3.5
89,66,3.5
89,42,2.0
89,19,4.0
89,176,2.5
89,16,5.0
89,98,3.5
89,100,2.5
89,86,3.0
89,168,4.5
89,67,2.5
89,68,3.5
89,46,3.0
89,113,3.0
89,18,3.0
89,126,5.0
89,52,3.5
89,101,2.5
89,161,4.5
89,158,4.0
89,28,4.0
89,37,3.0
89,139,4.0
89,111,3.5
89,200,5.0
89,153,4.5
89,114,4.5
89,163,1.5
89,27,2.5
89,9,3.5
89,180,4.0
89,143,4.5
89,183,4.5
89,115,3.5
89,5,3.0
90,100,3.5
90,69,4.0
90,39,5.0
90,180,4.5
90,85,4.0
90,101,2.5
90,148,3.0
90,1,3.0
90,132,4.0
90,182,5.0
90,126,5.0
90,123,4.5
90,112,3.0
90,104,4.0
90,18,4.5
90,139,4.5
90,58,3.0
90,193,4.5
90,99,3.5
90,177,5.0
90,124,5.0
90,32,4.0
90,146,4.5
90,138,4.5
90,92,3.5
90,86,4.0
90,78,4.0
90,103,4.5
90,15,2.0
90,162,4.0
90,166,4.5
90,24,4.5
90,94,3.5
90,137,2.0
90,88,4.0
90,21,3.0
90,118,4.5
90,75,3.0
90,52,4.0
90,46,3.0
90,142,4.0
90,11,4.0
90,191,4.0
90,49,4.0
90,77,3.0
90,200,5.0
90,28,2.5
90,176,2.5
90,125,3.0
90,22,3.5
90,113,2.5
90,157,4.5
90,36,4.0
90,10,3.5
90,50,3.5
90,7,5.0
90,62,4.0
90,190,4.0
90,155,3.5
90,17,4.5
90,185,3.5
90,79,2.5
91,15,2.5
91,87,4.0
91,185,4.0
91,11,4.5
91,104,5.0
91,31,2.5
91,55,3.5
91,168,5.0
91,171,4.5
91,134,4.5
91,118,5.0
91,174,4.0
91,138,3.5
91,39,5.0
91,149,4.5
91,60,4.5
91,19,3.0
91,10,3.5
91,37,3.5
91,126,5.0
91,193,4.5
91,5,3.0
91,121,3.5
91,159,3.0
91,12,3.5
91,63,5.0
91,167,2.5
91,34,5.0
91,4,2.0
91,45,4.0
91,162,4.0
91,13,5.0
91,79,2.5
91,25,4.0
91,117,4.5
91,157,4.0
91,44,5.0
91,152,4.0
91,17,4.5
91,28,3.5
91,30,3.5
92,52,3.5
92,110,4.5
92,87,5.0
92,189,4.5
92,174,4.0
92,103,3.5
92,84,5.0
92,31,3.0
92,176,4.0
92,148,4.0
92,140,3.0
92,36,4.5
92,83,4.0
92,55,5.0
92,12,3.0
92,152,3.0
92,45,4.0
92,86,4.5
92,17,3.0
92,193,4.0
92,71,4.0
92,37,2.5
92,107,4.0
92,44,4.0
92,95,5.0
92,142,5.0
92,43,3.5
92,113,4.0
92,63,5.0
92,149,4.5
92,11,5.0
92,35,3.5
92,26,3.5
92,162,3.0
92,157,3.5
92,97,4.5
92,41,4.5
92,5,3.5
92,125,2.5
92,21,3.0
92,2,3.0
92,160,4.5
92,46,4.0
92,23,4.0
92,185,5.0
92,73,2.5
92,178,4.5
92,122,4.5
92,33,5.0
92,53,4.0
92,179,3.5
92,70,2.5
92,134,3.5
92,116,5.0
92,106,3.0
92,62,4.0
92,184,3.0
92,10,4.0
92,47,2.5
92,128,5.0
92,166,4.5
92,78,5.0
92,90,3.0
92,108,4.5
92,159,3.5
92,61,2.5
92,50,4.0
92,181,4.5
92,25,4.0
92,93,3.5
92,130,4.5
93,54,3.5
93,71,4.0
93,14,4.5
93,50,3.5
93,29,3.0
93,39,4.0
93,176,3.5
93,122,4.0
93,128,4.5
93,46,1.5
93,41,4.5
93,172,3.0
93,12,1.5
93,198,1.5
93,166,5.0
93,94,3.5
93,73,2.5
93,200,5.0
93,112,3.0
93,65,5.0
93,86,3.0
93,158,3.5
93,117,3.5
93,188,3.0
93,27,3.0
93,187,3.5
93,138,4.5
93,191,4.0
93,190,4.5
93,8,4.5
93,125,3.5
93,132,2.5
93,30,3.5
93,19,2.5
93,61,4.0
93,114,4.0
93,152,3.0
93,149,4.0
93,84,4.5
93,108,4.5
93,51,3.0
93,162,4.5
93,59,3.5
93,196,3.5
93,159,3.5
93,179,2.5
93,26,3.0
93,186,3.0
93,106,4.5
93,52,3.0
93,97,5.0
93,57,5.0
93,167,4.0
93,121,3.5
93,170,3.0
93,175,3.0
93,182,5.0
93,38,3.0
93,56,2.5
93,178,4.5
93,173,4.0
93,100,2.0
94,92,3.0
94,70,2.0
94,52,3.5
94,86,4.0
94,33,5.0
94,9,5.0
94,178,4.0
94,146,4.0
94,16,5.0
94,72,4.5
94,35,3.0
94,29,3.5
94,120,2.5
94,118,3.0
94,108,5.0
94,44,4.5
94,88,4.0
94,57,5.0
94,76,4.5
94,155,4.0
94,41,5.0
94,164,4.5
94,157,3.5
94,185,4.5
94,148,4.0
94,142,4.5
94,59,4.5
94,23,3.5
94,106,5.0
94,134,4.0
94,126,5.0
94,56,3.5
94,152,4.5
94,122,4.0
94,119,4.5
94,191,3.0
94,4,3.5
94,110,2.5
94,64,4.5
94,162,3.0
94,84,5.0
94,112,3.0
94,149,4.0
94,183,4.0
94,168,3.5
94,39,5.0
94,147,4.0
94,2,3.5
94,107,2.5
94,12,3.0
94,11,3.5
94,121,3.5
94,130,4.0
94,195,5.0
94,109,5.0
94,136,3.5
94,101,4.0
94,123,3.5
94,26,3.0
94,116,3.5
95,56,3.0
95,34,4.0
95,92,4.5
95,76,3.5
95,62,3.5
95,166,4.5
95,24,4.5
95,5,3.5
95,123,2.5
95,172,5.0
95,79,2.0
95,42,4.0
95,181,4.5
95,118,4.0
95,147,4.0
95,150,5.0
95,7,4.5
95,117,4.5
95,119,4.0
95,36,4.5
95,104,5.0
95,48,5.0
95,95,4.5
95,161,3.5
95,182,4.5
95,163,3.5
95,1,1.5
95,177,5.0
95,19,3.0
95,99,4.0
95,86,3.0
95,136,1.5
95,9,5.0
95,197,4.0
95,110,3.5
95,70,2.0
95,157,5.0
95,139,3.5
95,148,4.5
95,54,4.5
95,21,1.5
95,159,3.0
95,170,2.5
95,15,2.5
95,132,2.5
95,94,4.0
95,14,4.0
95,29,3.0
95,171,4.5
95,155,3.5
95,120,2.0
95,11,5.0
95,151,5.0
95,162,3.5
95,45,3.5
95,144,4.0
95,18,4.0
95,53,3.5
95,188,3.0
95,158,3.5
95,196,5.0
95,175,3.0
95,30,3.5
95,192,3.5
95,173,4.5
95,58,2.5
95,83,4.5
95,91,4.0
95,69,4.0
95,129,3.5
95,109,5.0
95,71,4.0
95,154,4.0
95,168,4.0
95,179,2.5
95,146,4.0
95,135,3.5
95,63,5.0
95,65,4.5
95,68,3.5
96,174,4.0
96,137,2.5
96,75,3.0
96,116,3.5
96,159,3.5
96,95,5.0
96,173,3.0
96,178,4.0
96,17,3.0
96,49,2.5
96,118,4.5
96,23,3.0
96,21,2.5
96,101,3.0
96,46,3.5
96,74,3.5
96,20,4.0
96,28,4.5
96,43,3.0
96,71,4.0
96,29,3.5
96,179,3.5
96,38,1.5
96,128,5.0
96,39,5.0
96,53,4.5
96,134,4.0
96,161,5.0
96,6,3.5
96,76,4.5
96,107,3.0
96,139,4.0
96,34,3.5
96,122,3.0
96,89,2.0
96,108,4.0
96,114,4.5
96,172,3.0
96,198,3.5
96,191,3.5
96,192,4.5
96,163,2.5
96,60,5.0
96,200,5.0
96,86,3.0
96,106,4.0
96,149,4.0
96,88,3.0
96,84,3.5
96,125,4.0
96,136,3.0
96,141,5.0
96,164,5.0
96,190,5.0
97,67,2.5
97,59,5.0
97,124,5.0
97,96,4.0
97,74,3.0
97,13,5.0
97,38,3.5
97,91,4.5
97,73,2.5
97,117,3.5
97,43,4.0
97,159,3.5
97,42,2.5
97,183,3.5
97,138,3.5
97,196,3.0
97,47,3.0
97,45,4.5
97,182,4.5
97,178,3.0
97,171,3.5
97,40,3.5
97,188,3.5
97,61,3.5
97,30,3.0
97,11,3.0
97,82,3.5
97,148,3.0
97,33,4.0
97,113,5.0
97,200,5.0
97,95,5.0
97,48,3.5
97,53,4.5
97,144,5.0
97,9,4.0
97,174,4.5
97,89,3.5
97,194,5.0
97,197,4.0
97,115,4.5
97,139,5.0
97,181,5.0
97,137,2.5
97,78,4.5
97,32,4.0
97,7,4.0
97,104,5.0
97,128,5.0
97,162,2.0
97,118,4.5
97,164,5.0
97,179,3.0
97,2,3.0
97,140,3.5
97,130,4.0
97,85,5.0
97,76,3.0
97,122,4.0
97,75,3.0
97,151,4.0
97,114,3.5
97,87,5.0
97,29,5.0
97,123,3.0
97,175,2.5
97,36,4.0
97,176,3.5
97,79,2.5
97,154,5.0
98,15,3.5
98,156,3.0
98,165,4.5
98,50,2.5
98,150,4.5
98,135,4.0
98,57,5.0
98,72,4.0
98,51,3.0
98,6,2.5
98,22,4.5
98,138,4.5
98,115,4.0
98,174,3.5
98,172,3.5
98,23,4.0
98,132,2.5
98,101,4.0
98,197,5.0
98,126,5.0
98,82,3.0
98,155,3.5
98,179,2.5
98,131,4.0
98,200,5.0
98,171,4.5
98,93,4.0
98,102,3.0
98,38,2.5
98,110,5.0
98,95,5.0
98,99,3.5
98,96,4.5
98,4,4.5
98,73,2.5
98,89,2.5
98,90,4.5
98,79,4.5
98,188,1.5
98,144,5.0
99,114,4.0
99,190,4.5
99,107,2.5
99,200,4.5
99,74,3.5
99,42,5.0
99,187,4.5
99,109,4.5
99,194,4.5
99,198,3.0
99,36,3.0
99,151,4.0
99,154,5.0
99,23,2.5
99,37,3.5
99,54,4.5
99,78,4.5
99,122,3.5
99,135,4.5
99,86,4.0
99,17,3.5
99,152,3.5
99,97,4.5
99,192,4.0
99,2,1.5
99,105,5.0
99,164,4.5
99,70,2.5
99,191,3.5
99,45,3.5
99,143,4.0
99,119,3.5
99,146,5.0
99,199,2.5
99,52,3.0
99,48,4.0
99,98,3.5
99,75,3.0
99,142,3.5
99,126,5.0
99,11,4.5
99,184,4.5
99,150,5.0
99,159,4.5
99,127,5.0
99,144,4.5
99,169,4.5
99,58,3.0
99,7,5.0
99,1,2.0
99,40,4.0
99,68,3.0
99,77,3.5
99,121,3.5
99,32,2.5
99,196,3.5
99,172,4.5
99,46,3.0
99,161,4.5
99,63,5.0
99,8,3.0
99,31,2.5
99,71,4.0
99,156,2.0
99,18,4.5
99,93,3.5
99,124,4.0
99,112,2.5
99,67,3.5
99,183,4.5
99,139,4.0
99,96,3.0
99,5,3.5
99,193,4.5
99,34,4.0
99,21,4.0
100,178,3.5
100,35,3.0
100,92,3.5
100,42,3.0
100,14,4.5
100,70,2.0
100,93,3.5
100,108,5.0
100,163,3.0
100,198,4.0
100,13,5.0
100,75,4.0
100,189,4.0
100,136,3.5
100,164,4.5
100,20,3.0
100,132,3.5
100,50,4.0
100,161,4.5
100,47,3.0
100,25,4.0
100,154,4.0
100,43,3.0
100,140,3.0
100,83,3.5
100,81,5.0
100,78,4.5
100,195,4.5
100,194,5.0
100,180,3.5
100,137,2.5
100,149,4.5
100,91,5.0
100,37,3.5
100,4,3.5
100,36,4.0
100,133,3.5
100,73,3.0
100,96,3.0
100,125,3.5
100,106,3.0
100,88,4.0
100,197,3.5
100,27,4.0
100,56,3.5
100,40,3.5
100,129,3.5
100,57,5.0
100,49,4.0
101,20,3.0
101,30,2.5
101,34,4.5
101,5,2.5
101,123,3.0
101,90,4.5
101,80,4.0
101,177,4.5
101,93,3.0
101,36,4.5
101,114,4.5
101,153,4.5
101,134,3.5
101,88,4.0
101,45,4.5
101,182,4.5
101,78,5.0
101,8,2.0
101,31,3.0
101,57,5.0
101,33,4.5
101,178,3.5
101,37,2.5
101,193,3.5
101,59,4.5
101,79,3.0
101,180,3.5
101,54,5.0
101,198,3.0
101,21,3.0
101,109,4.5
101,29,4.0
101,200,5.0
101,197,5.0
101,124,3.5
101,111,5.0
101,11,4.0
101,51,3.0
101,28,4.0
101,9,4.5
101,132,4.5
101,152,3.5
101,16,4.0
101,121,3.0
101,185,3.0
101,65,4.5
101,12,3.0
101,17,4.5
101,184,5.0
101,3,2.5
101,25,3.5
101,32,3.5
101,53,4.0
101,52,4.0
101,48,3.5
101,195,4.5
101,183,3.0
101,24,5.0
101,38,4.5
101,72,3.0
101,145,3.5
101,91,4.0
101,42,3.0
101,129,4.0
101,62,3.5
101,130,3.5
101,18,4.0
101,26,3.5
101,4,2.0
101,56,3.0
101,50,3.0
101,73,2.0
101,44,5.0
101,116,4.0
101,97,4.5
101,69,3.5
101,1,2.5
101,192,3.5
102,182,4.0
102,122,4.0
102,94,3.0
102,179,2.5
102,151,4.5
102,48,4.5
102,113,3.5
102,173,4.5
102,28,4.5
102,47,4.0
102,91,4.5
102,98,3.0
102,109,4.5
102,55,3.5
102,132,3.0
102,59,4.5
102,105,4.0
102,29,3.5
102,81,4.5
102,32,3.5
102,120,3.0
102,183,4.0
102,134,3.0
102,35,2.5
102,127,3.0
102,93,4.5
102,74,3.0
102,143,4.0
102,11,3.5
102,22,5.0
102,84,3.5
102,176,3.0
102,30,3.5
102,99,4.0
102,73,3.5
102,117,5.0
102,154,4.5
102,80,3.0
102,114,4.0
102,58,3.0
102,142,5.0
102,184,3.5
102,75,3.5
102,110,4.5
102,49,3.5
102,18,4.0
102,199,3.0
102,95,5.0
102,46,3.5
102,4,4.0
102,126,5.0
102,27,2.5
102,102,3.5
102,194,5.0
102,178,4.0
102,171,3.5
102,31,2.5
102,37,2.5
102,148,3.0
102,103,4.0
102,149,3.5
102,44,4.0
102,17,3.0
102,198,2.0
102,51,4.5
102,87,5.0
102,52,3.0
102,104,5.0
102,181,5.0
102,60,5.0
102,188,2.5
102,128,5.0
102,72,3.5
102,189,4.0
103,122,4.0
103,171,5.0
103,155,5.0
103,104,4.0
103,125,4.5
103,131,4.0
103,72,4.0
103,38,2.5
103,117,3.5
103,28,3.5
103,32,3.5
103,65,4.0
103,126,5.0
103,128,5.0
103,60,5.0
103,161,5.0
103,35,3.0
103,8,2.5
103,26,4.0
103,14,3.5
103,18,4.5
103,187,4.0
103,174,4.0
103,7,4.0
103,46,2.5
103,98,3.5
103,198,3.0
103,84,4.5
103,40,4.5
103,78,5.0
103,160,5.0
103,170,3.0
103,25,3.5
103,20,4.0
103,134,3.5
103,127,3.5
103,120,3.5
103,52,3.5
103,76,3.0
103,179,3.0
103,188,2.5
103,130,3.5
104,196,4.5
104,9,3.5
104,111,4.5
104,31,3.0
104,99,3.0
104,116,3.5
104,81,5.0
104,97,4.5
104,114,4.5
104,118,3.5
104,10,2.5
104,46,4.0
104,143,4.0
104,169,3.5
104,200,4.5
104,78,4.5
104,181,5.0
104,43,4.5
104,126,4.0
104,35,2.5
104,80,3.5
105,142,5.0
105,176,4.0
105,139,3.5
105,147,3.5
105,121,3.0
105,122,3.0
105,144,4.5
105,41,4.5
105,130,3.0
105,15,3.0
105,101,2.0
105,68,3.0
105,127,3.5
105,152,4.5
105,97,4.5
105,158,2.5
105,174,2.5
105,91,4.5
105,73,3.0
105,83,5.0
105,16,5.0
105,8,3.5
105,187,3.0
105,12,3.5
105,33,3.0
105,94,3.0
105,90,3.5
105,150,5.0
105,7,4.5
105,161,4.5
105,88,4.0
105,98,2.0
105,25,3.5
105,110,3.5
105,89,3.5
105,92,4.0
105,106,3.0
105,184,5.0
105,191,3.5
105,63,4.0
105,64,4.0
105,61,3.0
105,80,4.0
105,178,4.5
105,22,5.0
105,17,2.0
105,79,3.0
105,30,3.0
105,87,4.5
105,44,3.5
105,6,3.0
105,138,5.0
105,84,5.0
105,10,3.0
105,118,5.0
105,109,4.0
105,132,2.5
105,108,3.5
105,69,3.0
105,173,5.0
105,196,3.5
105,141,5.0
106,26,2.0
106,126,5.0
106,200,5.0
106,177,4.5
106,173,3.5
106,53,4.5
106,87,4.0
106,128,5.0
106,129,4.5
106,171,4.5
106,194,4.0
106,43,4.5
106,158,2.5
106,77,3.5
106,94,3.5
106,112,3.5
106,52,3.5
106,193,4.0
106,163,2.5
106,20,4.0
106,138,4.0
106,55,4.5
106,74,3.0
106,68,2.5
106,13,4.0
106,187,2.5
106,147,3.5
106,103,3.5
106,58,4.0
106,160,4.5
106,24,4.5
106,149,4.5
106,25,4.5
106,152,3.5
106,190,4.0
106,70,1.5
106,18,4.0
106,146,4.0
106,136,3.5
106,122,3.0
106,110,5.0
106,54,4.0
106,89,3.0
106,181,5.0
106,78,5.0
106,130,4.0
106,175,3.0
106,111,4.0
106,139,3.5
106,81,5.0
106,184,5.0
106,107,3.0
106,196,3.0
106,65,5.0
106,132,3.5
106,117,3.5
107,48,4.5
107,148,4.0
107,128,5.0
107,55,3.5
107,170,3.5
107,191,4.0
107,120,2.5
107,69,3.0
107,164,4.0
107,137,3.0
107,158,3.5
107,112,3.0
107,145,5.0
107,187,3.0
107,161,3.0
107,16,4.5
107,134,3.5
107,52,4.0
107,94,3.0
107,119,5.0
107,38,4.5
107,62,4.0
107,39,4.5
107,176,3.0
107,77,3.0
107,189,5.0
107,106,4.0
107,82,3.0
107,17,3.5
107,163,3.5
107,53,5.0
107,174,3.5
107,193,4.5
107,74,3.0
107,166,3.0
107,42,4.0
107,66,3.5
107,154,5.0
107,61,2.0
107,104,4.5
107,179,3.5
107,30,4.0
107,178,4.0
107,50,4.0
107,8,3.5
107,63,4.0
107,80,3.5
107,181,4.5
107,125,2.5
107,144,5.0
107,175,3.5
107,109,5.0
107,10,3.5
108,67,2.5
108,72,3.5
108,169,4.0
108,141,4.5
108,46,2.0
108,165,4.5
108,11,4.0
108,185,4.5
108,125,4.5
108,6,3.5
108,15,3.0
108,22,5.0
108,81,4.0
108,155,4.5
108,77,3.5
108,17,3.0
108,105,4.0
108,94,3.5
108,172,3.5
108,24,5.0
108,102,4.5
109,129,3.5
109,31,3.0
109,134,4.0
109,171,4.5
109,149,4.5
109,135,3.0
109,65,5.0
109,128,4.0
109,24,5.0
109,61,2.5
109,154,4.0
109,32,5.0
109,81,4.0
109,85,5.0
109,150,4.0
109,100,3.5
109,191,5.0
109,109,5.0
109,56,4.5
109,37,3.0
109,28,4.0
109,45,3.5
109,55,5.0
109,71,4.5
109,113,3.5
109,105,5.0
109,66,3.5
109,151,4.5
109,15,2.5
109,126,5.0
109,137,3.0
109,96,3.0
109,29,4.5
109,82,3.5
109,140,3.5
109,183,4.0
109,122,2.5
109,64,4.5
109,72,3.0
109,38,3.5
109,93,3.5
109,164,5.0
109,95,5.0
109,79,3.0
109,6,3.5
109,9,4.0
109,14,4.0
109,62,3.5
109,194,4.0
109,142,4.0
109,99,3.0
109,80,2.5
109,160,4.5
109,189,4.5
109,170,2.0
109,184,4.5
109,114,5.0
109,185,5.0
109,3,4.0
109,101,3.0
109,174,4.0
109,78,4.5
109,192,4.0
109,145,3.0
109,77,4.0
109,54,5.0
109,42,3.0
110,21,3.0
110,126,5.0
110,121,3.0
110,189,5.0
110,106,3.0
110,86,4.0
110,184,4.5
110,109,5.0
110,26,3.5
110,42,3.5
110,179,3.5
110,67,3.5
110,130,4.5
110,17,4.5
110,91,4.0
110,108,5.0
110,155,4.5
110,141,5.0
110,84,4.5
110,117,5.0
110,178,5.0
110,8,4.0
110,14,4.0
110,165,4.0
110,177,2.5
110,48,4.5
110,162,3.5
110,114,4.5
110,176,3.5
110,35,3.0
110,1,1.5
110,103,3.5
110,52,4.5
110,161,5.0
110,79,3.0
110,81,5.0
110,148,4.5
111,133,3.0
111,183,4.0
111,197,3.5
111,167,4.0
111,196,3.5
111,34,4.0
111,153,4.0
111,176,4.0
111,106,5.0
111,82,2.5
111,116,4.0
111,123,3.5
111,35,3.0
111,67,3.0
111,45,3.0
111,193,5.0
111,152,4.0
111,84,3.5
111,73,2.5
111,51,4.5
111,22,5.0
111,107,3.5
111,95,4.5
111,47,3.0
111,101,3.0
111,97,5.0
111,147,3.0
111,58,2.5
111,6,3.5
111,172,4.0
111,143,5.0
111,166,4.5
111,157,4.0
111,161,4.0
111,59,4.5
112,180,3.0
112,44,4.0
112,13,4.0
112,103,4.5
112,159,3.5
112,110,3.5
112,154,5.0
112,67,5.0
112,39,4.5
112,23,3.0
112,95,5.0
112,199,2.5
112,146,4.0
112,31,3.0
112,4,4.0
112,184,4.5
112,135,3.5
112,112,2.0
112,117,4.5
112,173,3.5
112,127,3.5
112,187,3.0
112,58,2.0
112,53,5.0
112,49,2.5
112,69,2.5
112,74,3.5
112,200,4.5
112,98,1.5
112,34,4.0
112,111,4.0
112,177,5.0
112,194,5.0
112,56,3.5
112,73,2.5
112,176,3.5
113,61,3.0
113,159,3.5
113,116,4.0
113,64,5.0
113,95,4.0
113,150,5.0
113,176,2.0
113,166,5.0
113,118,3.5
113,22,4.0
113,3,4.5
113,121,3.0
113,35,2.0
113,83,4.5
113,178,4.0
113,102,5.0
113,194,4.0
113,55,4.5
113,99,3.0
113,109,5.0
113,153,3.0
113,66,3.5
113,19,4.5
113,25,3.5
113,143,4.5
113,16,5.0
113,14,3.5
113,86,2.5
113,200,5.0
113,189,5.0
113,91,4.0
113,156,2.5
113,154,4.5
113,12,4.0
113,2,2.5
113,65,4.5
114,144,4.0
114,11,4.0
114,149,5.0
114,46,3.0
114,67,3.5
114,44,4.5
114,129,3.0
114,127,4.0
114,87,4.0
114,120,2.0
114,34,4.0
114,23,3.0
114,82,3.0
114,182,4.5
114,136,2.5
114,111,5.0
114,37,2.5
114,196,4.5
114,30,2.5
114,81,4.5
114,12,2.5
114,33,4.5
114,128,5.0
114,72,3.5
114,93,3.5
114,185,4.5
114,73,3.5
114,68,3.0
114,157,3.5
114,173,4.5
114,133,3.5
114,181,5.0
114,112,3.0
114,43,4.5
114,169,2.5
114,126,5.0
114,39,4.5
114,143,5.0
114,113,3.0
114,14,4.5
114,49,2.5
114,164,5.0
114,161,4.5
114,59,4.5
114,47,3.5
114,10,2.5
114,121,2.5
114,183,4.0
114,42,5.0
114,191,3.5
114,168,5.0
114,187,3.0
114,193,5.0
114,199,2.5
114,114,4.0
114,92,3.0
114,200,3.5
114,125,4.5
114,118,3.5
114,148,4.0
114,29,3.5
114,38,5.0
114,32,3.5
114,90,5.0
114,24,4.0
114,53,4.5
114,174,3.0
114,156,2.5
114,195,5.0
114,131,5.0
114,70,3.0
114,55,3.0
114,2,2.5
114,171,5.0
114,99,3.5
114,74,4.0
114,186,4.5
115,85,5.0
115,7,5.0
115,73,1.0
115,175,3.5
115,197,3.5
115,32,4.0
115,101,2.0
115,96,4.0
115,152,3.5
115,28,4.0
115,83,4.0
115,40,4.5
115,8,3.0
115,21,2.0
115,118,4.0
115,182,4.0
115,169,4.0
115,123,4.0
115,117,4.5
115,161,4.0
115,69,2.5
115,153,5.0
115,184,4.5
115,2,2.5
115,200,3.5
115,12,3.5
115,168,3.5
115,160,4.5
115,116,4.5
115,84,3.5
115,146,3.5
115,34,3.0
115,55,4.5
115,13,4.5
115,165,5.0
115,198,2.5
115,190,4.0
115,15,2.5
115,19,3.0
115,141,4.5
115,155,5.0
115,98,2.0
115,24,3.5
115,103,3.0
115,66,2.5
115,46,3.0
115,62,3.5
115,157,3.5
115,23,4.0
115,6,4.0
115,54,4.0
115,42,2.5
115,100,2.5
115,104,4.0
115,166,4.0
115,189,4.5
115,31,3.0
115,77,3.0
115,126,4.5
115,111,4.5
115,80,4.0
115,178,3.5
115,92,5.0
115,25,3.0
115,95,4.0
115,132,3.5
115,52,3.0
115,142,5.0
115,115,3.0
115,148,4.5
115,122,3.5
115,180,3.0
115,109,4.0
115,196,4.5
115,97,4.5
115,174,3.0
116,24,3.0
116,11,3.5
116,132,3.5
116,88,4.0
116,119,4.0
116,174,2.5
116,58,3.0
116,166,5.0
116,176,2.0
116,183,4.0
116,40,4.0
116,127,4.5
116,135,3.5
116,162,2.0
116,193,4.0
116,188,3.5
116,22,4.0
116,75,3.0
116,120,3.0
116,112,1.5
116,21,4.0
116,123,3.0
116,77,3.5
116,39,4.5
116,33,5.0
116,178,4.0
116,64,4.5
116,134,2.5
116,110,5.0
116,76,2.5
116,146,4.5
116,13,4.0
116,142,5.0
116,20,3.5
116,12,3.0
116,198,3.5
116,28,3.0
116,131,4.0
116,109,5.0
116,106,4.0
116,25,4.5
116,196,4.0
116,170,2.5
116,65,4.0
116,91,4.5
116,66,2.0
116,150,5.0
117,30,3.5
117,190,5.0
117,170,2.0
117,119,5.0
117,46,4.5
117,47,2.0
117,101,4.0
117,12,3.0
117,22,3.5
117,107,3.5
117,181,5.0
117,77,2.5
117,81,5.0
117,151,3.0
117,186,2.5
117,117,4.5
117,194,4.5
117,172,4.0
117,116,5.0
117,160,5.0
117,68,3.5
118,21,3.0
118,192,4.5
118,155,4.0
118,67,4.5
118,173,4.0
118,28,5.0
118,112,3.0
118,137,2.0
118,5,4.0
118,2,3.0
118,102,5.0
118,30,4.0
118,4,3.5
118,44,4.0
118,168,5.0
118,123,3.5
118,118,4.0
118,178,2.5
118,104,5.0
118,169,3.0
118,198,4.5
118,125,4.0
118,78,5.0
118,159,4.0
118,158,3.0
118,93,4.0
118,196,5.0
118,174,4.0
118,190,5.0
118,183,3.5
118,23,3.0
119,5,3.0
119,179,3.5
119,49,2.5
119,7,5.0
119,54,4.5
119,124,4.0
119,167,4.0
119,38,4.0
119,194,4.5
119,62,4.5
119,112,2.5
119,161,5.0
119,138,3.5
119,198,2.5
119,23,3.0
119,78,4.0
119,119,4.0
119,193,4.0
119,122,4.0
119,109,4.5
119,6,2.5
119,30,4.0
119,43,3.5
119,40,4.0
119,114,4.5
119,125,4.0
119,121,3.5
120,63,5.0
120,52,3.0
120,76,5.0
120,146,4.5
120,101,3.0
120,14,4.5
120,86,4.5
120,3,3.0
120,27,4.0
120,162,3.0
120,183,3.5
120,111,4.5
120,107,3.5
120,127,2.5
120,149,3.0
120,153,4.0
120,142,3.5
120,75,2.5
120,10,3.5
120,125,3.0
120,103,3.0
120,181,5.0
120,132,3.5
120,152,2.5
120,157,4.5
120,174,3.5
120,179,4.0
120,60,5.0
120,16,5.0
120,136,3.5
120,5,3.5
120,109,4.5
120,148,3.5
120,81,5.0
120,184,3.5
120,17,3.0
120,69,4.0
120,188,4.0
120,122,3.0
120,30,4.0
120,187,3.5
120,89,4.0
120,115,4.0
120,112,3.5
120,6,4.5
120,42,3.5
120,74,3.5
120,50,3.5
120,121,3.0
120,159,4.5
120,113,4.0
120,173,4.0
120,130,3.5
120,57,5.0
120,87,5.0
120,120,2.5
120,34,4.5
121,173,3.5
121,168,4.5
121,189,5.0
121,93,4.5
121,121,3.0
121,42,2.5
121,160,4.5
121,54,3.5
121,73,3.5
121,177,5.0
121,23,4.0
121,171,5.0
121,124,4.5
121,34,4.0
121,45,4.0
121,52,3.5
121,41,3.5
121,156,3.0
121,126,5.0
121,26,3.5
121,107,3.0
121,127,3.5
121,78,4.5
121,61,3.0
121,193,4.5
121,143,4.0
121,13,4.5
121,5,3.5
121,92,3.5
121,67,3.0
121,172,4.0
121,184,4.0
121,186,4.0
121,129,3.5
121,9,5.0
121,17,5.0
121,87,4.0
121,111,5.0
121,30,3.0
121,159,4.0
121,59,3.5
121,31,3.5
121,144,4.0
121,58,3.0
121,125,3.5
121,198,4.0
121,88,3.5
121,91,4.0
121,12,2.5
121,175,3.0
121,69,3.5
121,39,4.5
121,132,3.0
121,27,4.0
121,174,3.0
121,113,4.5
121,118,4.5
121,29,3.5
121,28,3.0
121,147,4.0
121,11,3.5
121,130,5.0
121,141,4.5
121,43,4.0
121,161,3.5
121,53,5.0
121,197,3.5
121,169,3.5
121,75,3.5
121,114,4.0
121,139,4.0
121,128,5.0
121,181,5.0
122,36,4.5
122,32,3.5
122,52,3.5
122,113,3.5
122,107,2.0
122,2,3.0
122,63,5.0
122,122,3.0
122,88,3.5
122,74,2.5
122,130,4.0
122,44,4.5
122,22,4.5
122,69,3.0
122,96,4.0
122,184,3.5
122,196,3.5
122,93,3.5
122,162,3.0
122,171,3.0
122,194,5.0
122,39,4.5
122,136,4.0
122,108,5.0
122,59,4.0
122,200,5.0
122,110,4.0
122,106,4.0
122,105,4.5
122,118,3.0
122,133,4.0
122,183,3.5
122,8,3.0
122,114,3.5
122,38,4.5
122,3,3.5
122,170,3.5
122,18,3.5
122,188,2.0
122,87,5.0
122,81,5.0
122,103,3.5
122,43,4.5
122,112,3.5
122,16,5.0
122,101,4.5
122,10,3.5
122,179,3.0
122,148,3.5
122,15,3.5
122,134,1.5
122,76,3.5
122,177,3.0
122,159,3.0
122,142,4.5
122,78,4.5
122,160,4.5
122,89,2.0
122,165,5.0
122,72,4.5
122,178,3.0
122,166,5.0
122,104,4.5
122,115,4.0
122,53,4.5
122,167,3.0
122,143,5.0
122,138,4.5
122,51,3.0
122,145,4.5
122,182,4.5
122,154,3.5
123,139,4.0
123,73,2.5
123,55,4.0
123,24,5.0
123,131,5.0
123,142,4.5
123,80,3.5
123,134,4.5
123,88,4.0
123,163,2.5
123,41,3.5
123,6,3.5
123,8,3.5
123,200,4.5
123,152,4.0
123,67,3.5
123,62,3.5
123,78,3.5
123,109,5.0
123,130,4.5
123,29,3.5
123,16,5.0
123,96,3.5
123,185,4.5
123,161,4.5
123,181,4.5
123,91,5.0
123,32,4.0
123,13,4.5
123,167,3.5
123,173,5.0
123,115,4.5
123,77,2.0
123,147,4.5
123,2,2.5
123,117,4.0
123,87,5.0
123,61,3.0
123,149,4.5
123,145,3.5
123,137,4.0
123,153,3.5
123,60,4.0
123,90,4.5
123,168,5.0
123,199,4.0
123,171,4.0
123,36,4.5
123,97,4.0
123,193,4.5
123,64,4.5
123,27,3.5
123,84,5.0
124,26,3.5
124,38,3.0
124,183,4.0
124,109,5.0
124,106,3.0
124,21,3.0
124,24,4.5
124,16,5.0
124,197,4.0
124,34,3.5
124,122,3.5
124,55,4.0
124,115,4.0
124,20,4.0
124,95,5.0
124,174,3.0
124,135,3.0
124,104,4.0
124,151,4.5
124,144,5.0
124,133,3.5
124,102,4.5
124,68,4.5
124,150,5.0
124,128,5.0
124,163,2.0
124,192,5.0
124,113,3.0
124,126,4.0
124,107,3.0
124,42,3.0
124,37,3.0
124,130,3.0
124,33,4.5
124,125,4.5
124,118,2.5
124,191,4.0
124,132,2.5
124,136,3.5
124,31,3.0
124,189,5.0
124,117,4.5
124,190,5.0
124,9,3.5
124,41,4.5
124,181,5.0
124,186,4.0
124,161,5.0
124,105,4.5
125,75,3.5
125,11,4.0
125,134,4.0
125,40,4.0
125,31,3.0
125,96,4.5
125,79,2.5
125,195,4.0
125,78,4.5
125,76,4.0
125,125,4.5
125,8,3.0
125,37,4.0
125,188,2.0
125,151,4.0
125,108,5.0
125,13,4.5
125,194,4.5
125,73,3.0
125,56,3.5
125,47,3.0
125,126,5.0
125,1,2.0
125,32,3.5
125,141,4.5
125,90,4.5
125,18,4.0
125,12,3.0
125,107,2.5
125,124,5.0
125,147,3.0
125,80,3.0
125,145,5.0
125,116,3.5
125,87,4.0
125,97,5.0
125,122,2.0
125,156,2.5
125,34,5.0
125,36,3.5
125,130,2.5
125,118,3.0
125,167,4.0
125,115,5.0
125,39,4.5
125,84,4.5
125,23,4.0
125,105,5.0
125,100,2.5
125,60,3.5
125,102,4.0
125,166,4.5
125,139,3.5
125,173,4.0
125,114,5.0
125,72,4.5
126,7,4.5
126,147,4.5
126,162,3.5
126,182,4.0
126,80,4.0
126,144,4.0
126,166,5.0
126,32,2.5
126,165,4.0
126,195,4.5
126,22,5.0
126,50,3.5
126,159,3.5
126,139,3.0
126,148,4.0
126,14,4.5
126,146,3.0
126,134,3.0
126,49,2.0
126,122,3.0
126,129,3.0
126,5,3.5
126,31,3.5
126,169,2.5
126,137,3.5
126,47,2.0
126,179,3.5
126,71,4.0
126,53,4.0
126,63,5.0
126,149,4.5
126,114,5.0
126,190,4.5
126,176,3.5
126,156,2.5
126,83,4.5
126,103,4.5
126,151,4.0
126,12,1.5
126,126,5.0
126,6,3.0
126,88,3.5
126,112,2.5
126,175,4.0
126,107,3.5
126,200,5.0
126,136,2.5
126,82,2.5
126,98,3.5
126,66,3.5
126,24,4.0
126,30,3.5
126,26,3.0
126,187,4.0
126,44,5.0
126,74,3.0
126,37,3.0
126,157,2.5
126,163,2.0
126,23,2.5
126,40,4.0
126,79,2.5
126,105,4.0
126,184,4.0
126,16,5.0
127,100,3.0
127,26,2.0
127,82,3.0
127,37,2.5
127,106,4.5
127,83,4.5
127,67,2.5
127,97,4.0
127,31,2.5
127,14,2.5
127,52,4.0
127,62,3.5
127,153,5.0
127,151,3.5
127,61,2.5
127,127,2.5
127,131,4.0
127,130,3.0
127,99,3.5
127,30,3.0
127,69,4.0
127,16,5.0
127,198,3.0
127,119,4.5
127,142,5.0
127,105,4.5
127,17,4.0
127,124,4.0
127,8,2.5
127,175,3.5
127,163,2.5
127,60,4.5
127,5,3.0
127,180,4.0
127,176,1.5
127,187,2.5
127,199,4.0
127,64,5.0
127,143,4.0
128,22,4.5
128,163,3.5
128,129,4.5
128,53,3.5
128,37,2.5
128,96,3.5
128,139,4.5
128,44,5.0
128,63,5.0
128,138,3.5
128,109,5.0
128,143,5.0
128,116,4.5
128,11,3.5
128,1,3.5
128,119,5.0
128,159,3.0
128,75,3.0
128,168,5.0
128,43,5.0
128,186,3.5
128,16,4.5
128,124,5.0
128,70,2.0
128,154,5.0
128,65,3.5
128,98,3.5
128,90,4.5
128,162,4.0
128,55,4.5
128,150,3.5
128,131,5.0
128,73,3.5
128,12,3.5
128,42,2.5
128,137,2.5
128,145,5.0
128,18,4.0
128,77,4.0
128,23,3.5
128,102,3.0
128,32,4.0
128,36,4.5
128,189,4.5
128,72,3.5
128,111,5.0
128,54,5.0
128,130,3.5
129,182,4.5
129,116,4.5
129,70,3.0
129,63,4.5
129,170,3.5
129,83,5.0
129,88,5.0
129,54,5.0
129,118,3.0
129,154,5.0
129,85,4.0
129,5,3.5
129,178,3.5
129,35,2.5
129,166,5.0
129,1,1.0
129,156,1.5
129,122,3.0
129,2,2.5
129,3,2.5
129,173,3.5
129,45,4.0
129,106,4.0
129,143,4.5
129,126,5.0
129,101,4.0
129,138,4.5
129,21,3.0
129,167,3.0
129,172,3.0
129,20,3.5
129,174,4.0
129,8,4.0
129,114,5.0
129,32,3.5
129,91,4.5
129,97,5.0
129,191,4.5
129,92,4.0
129,100,3.0
129,46,4.0
129,181,4.5
129,186,3.5
129,119,5.0
129,95,5.0
129,50,2.0
129,171,5.0
129,159,3.0
129,57,5.0
129,6,4.0
129,72,3.0
129,162,3.0
129,155,5.0
129,24,3.0
129,78,5.0
129,152,3.5
129,60,5.0
129,127,3.5
129,93,4.0
129,10,3.0
129,150,5.0
129,177,3.5
129,193,3.5
129,200,5.0
129,51,3.5
129,102,4.0
129,29,4.5
129,140,3.0
130,175,2.0
130,155,5.0
130,145,4.5
130,45,4.0
130,17,2.5
130,151,5.0
130,33,3.5
130,191,3.5
130,196,4.0
130,194,4.5
130,67,3.5
130,146,3.0
130,59,4.5
130,134,3.5
130,71,4.0
130,50,3.5
130,174,4.0
130,6,4.0
130,178,3.0
130,184,5.0
130,137,3.5
130,158,3.5
130,65,5.0
130,200,5.0
130,144,3.5
130,117,4.0
130,1,1.5
130,110,4.5
130,165,4.5
130,167,3.5
130,14,4.0
130,83,3.5
130,111,5.0
130,105,5.0
130,186,3.0
130,32,4.0
130,133,3.0
130,120,3.5
130,127,3.5
130,93,2.5
130,164,4.5
130,12,3.0
130,58,3.0
130,13,4.0
130,72,3.5
130,108,4.5
130,180,3.0
130,115,5.0
130,81,4.0
130,2,2.5
130,101,2.5
130,185,5.0
130,86,4.0
130,21,2.5
130,7,5.0
130,179,4.0
130,109,5.0
130,20,3.5
130,64,4.0
130,51,4.0
130,43,4.0
130,85,5.0
130,80,2.5
131,8,4.0
131,123,3.5
131,111,4.5
131,7,5.0
131,152,3.0
131,161,5.0
131,86,2.5
131,65,4.0
131,64,4.0
131,28,3.0
131,122,3.0
131,62,4.0
131,88,4.5
131,14,4.0
131,194,4.0
131,134,3.5
131,61,2.5
131,19,3.5
131,154,5.0
131,159,3.0
131,113,3.0
131,25,3.5
131,195,4.5
131,115,3.5
131,149,4.5
131,32,4.0
132,81,5.0
132,178,4.0
132,17,3.5
132,33,4.0
132,16,4.5
132,114,3.0
132,15,2.0
132,78,5.0
132,157,3.5
132,161,4.0
132,111,5.0
132,198,3.5
132,27,2.0
132,174,4.0
132,194,5.0
132,144,3.5
132,14,3.0
132,76,4.0
132,98,2.5
132,103,2.5
132,25,3.0
132,159,3.0
132,106,3.0
132,60,4.5
132,154,4.5
132,169,4.0
132,160,5.0
132,3,4.0
132,117,5.0
132,99,4.0
132,119,4.5
132,110,3.5
132,179,3.5
132,168,5.0
132,26,3.0
132,87,5.0
132,7,5.0
132,172,4.0
132,133,4.0
132,85,5.0
132,151,3.0
132,50,2.5
132,28,4.5
132,188,3.0
133,152,3.5
133,50,2.0
133,147,5.0
133,33,5.0
133,164,4.5
133,131,4.5
133,66,3.0
133,91,4.5
133,108,5.0
133,124,5.0
133,186,4.0
133,159,5.0
133,114,3.5
133,48,3.5
133,63,4.5
133,36,3.5
133,12,2.0
133,16,4.0
133,197,3.0
133,80,3.0
133,150,4.5
133,112,2.5
133,132,2.5
133,167,4.0
134,121,2.5
134,80,3.5
134,155,5.0
134,88,2.5
134,75,1.5
134,95,5.0
134,3,3.0
134,133,5.0
134,151,4.0
134,169,4.0
134,174,3.0
134,38,3.5
134,15,3.5
134,61,1.5
134,130,3.5
134,144,5.0
134,14,4.0
134,109,5.0
134,89,2.0
134,51,3.5
134,52,3.5
134,164,3.5
134,180,3.0
134,18,3.5
134,197,4.5
134,49,3.5
134,171,4.0
134,122,4.0
134,120,3.0
135,77,3.5
135,108,5.0
135,85,4.5
135,42,3.0
135,27,3.5
135,117,4.0
135,11,4.5
135,127,3.0
135,57,4.0
135,1,3.0
135,164,5.0
135,58,3.0
135,178,4.0
135,59,4.0
135,120,3.0
135,160,5.0
135,55,5.0
135,62,5.0
135,124,4.5
135,198,4.0
135,97,4.0
135,53,4.0
135,103,2.5
135,48,5.0
135,2,2.0
135,93,3.0
135,3,2.5
135,19,3.5
135,92,4.0
135,8,2.0
135,143,4.5
135,30,2.5
135,37,3.0
135,75,1.5
135,113,3.0
135,50,3.0
135,162,2.0
135,150,4.0
135,175,3.5
135,12,2.5
135,171,5.0
135,51,4.5
135,159,3.0
135,73,3.0
135,45,4.5
135,192,4.0
135,68,2.5
135,156,3.0
135,87,5.0
135,142,4.5
135,63,5.0
135,46,2.5
135,158,2.5
135,6,3.5
135,149,4.5
135,154,3.5
135,26,3.5
135,147,2.5
135,36,4.0
136,117,4.0
136,62,3.0
136,95,4.5
136,96,5.0
136,170,2.5
136,44,5.0
136,135,3.5
136,160,5.0
136,112,3.0
136,183,5.0
136,17,3.0
136,31,2.5
136,37,2.5
136,34,4.0
136,49,2.0
136,50,3.5
136,137,4.0
136,97,4.5
136,178,3.5
136,197,4.0
136,82,3.5
136,154,4.0
136,110,5.0
136,163,4.5
136,63,5.0
136,12,3.0
136,158,4.0
136,151,5.0
136,186,3.0
136,138,4.0
136,76,2.5
136,39,5.0
136,84,4.5
136,64,3.5
136,14,4.0
136,162,3.0
136,72,3.0
136,33,4.5
136,131,4.0
137,43,4.0
137,131,3.5
137,100,3.0
137,193,5.0
137,166,4.0
137,197,4.0
137,199,4.0
137,96,3.5
137,128,3.5
137,133,5.0
137,119,4.5
137,46,3.0
137,83,5.0
137,183,5.0
137,195,4.0
137,135,4.0
137,178,3.5
137,124,4.5
137,127,3.0
137,122,3.0
137,69,3.5
137,149,4.0
137,103,5.0
137,164,5.0
138,52,4.0
138,116,4.0
138,61,2.5
138,102,4.5
138,56,3.0
138,79,2.5
138,109,4.5
138,97,4.5
138,147,2.5
138,41,5.0
138,96,3.5
138,66,4.5
138,141,5.0
138,22,4.0
138,35,2.5
138,187,5.0
138,76,4.5
138,114,4.0
138,133,3.5
138,91,3.5
138,59,4.5
138,150,4.5
138,11,2.5
138,120,2.0
138,132,3.0
138,160,4.0
138,87,4.5
138,110,4.5
138,199,3.0
138,177,4.5
138,111,4.5
138,105,5.0
138,95,5.0
138,128,5.0
138,82,4.0
138,70,2.0
138,98,2.0
138,7,4.0
138,46,3.0
138,183,4.0
138,60,5.0
138,68,4.0
138,20,2.5
138,92,4.5
138,185,3.0
138,184,5.0
138,129,3.5
138,176,4.0
138,140,2.5
138,21,3.5
138,71,3.5
138,180,3.5
138,26,2.5
138,31,2.0
138,19,3.0
138,93,4.5
138,10,4.5
138,152,3.5
138,200,5.0
138,86,4.0
138,51,3.5
138,85,5.0
138,65,4.5
138,78,5.0
138,179,3.0
138,49,3.0
138,36,4.0
138,67,4.0
138,3,2.5
138,77,3.0
138,73,4.0
138,89,3.5
138,104,5.0
138,122,3.5
138,142,5.0
138,106,4.0
138,75,4.0
139,195,3.5
139,39,3.5
139,102,5.0
139,59,4.0
139,197,3.5
139,186,3.0
139,192,4.0
139,54,3.5
139,122,4.5
139,60,5.0
139,133,3.5
139,151,4.5
139,142,5.0
139,120,3.5
139,185,4.5
139,119,4.5
139,88,3.5
139,22,5.0
139,81,4.0
139,49,3.0
139,110,4.5
139,179,4.0
139,107,2.0
139,193,4.5
139,113,3.5
139,116,4.5
139,143,4.5
139,8,4.5
139,96,5.0
139,36,5.0
139,148,4.5
139,33,4.5
139,79,2.5
139,3,3.5
139,128,5.0
139,91,4.0
139,87,4.5
139,58,3.0
139,108,4.0
139,109,5.0
139,104,4.5
139,138,5.0
139,77,2.0
139,84,4.0
139,189,4.5
139,6,3.5
139,146,4.0
139,9,4.5
139,171,3.5
139,40,3.0
139,85,5.0
139,154,3.5
140,49,3.5
140,122,3.5
140,28,3.5
140,85,5.0
140,146,5.0
140,116,3.5
140,164,4.0
140,78,3.5
140,24,4.0
140,44,5.0
140,27,3.0
140,173,4.5
140,142,3.5
140,46,3.5
140,9,4.5
140,177,4.5
140,155,4.5
140,126,4.0
140,7,4.5
140,48,5.0
140,51,3.5
140,18,4.5
140,99,3.5
140,73,3.0
140,53,3.5
140,60,4.5
140,75,3.5
140,169,5.0
140,135,4.0
140,179,4.0
140,117,5.0
140,15,2.0
140,95,4.5
140,133,3.5
140,3,2.5
140,191,3.5
140,84,4.0
140,106,4.5
140,101,2.0
140,41,5.0
140,29,3.5
140,34,3.5
140,138,4.5
140,108,5.0
141,53,5.0
141,80,4.0
141,111,5.0
141,182,4.5
141,171,4.0
141,122,4.0
141,41,5.0
141,155,4.0
141,148,3.5
141,199,3.0
141,151,3.0
141,52,4.0
141,129,2.5
141,184,4.5
141,176,4.0
141,118,3.5
141,71,5.0
141,189,3.5
141,2,3.5
141,37,3.5
141,115,3.0
141,17,5.0
141,103,4.5
141,193,4.0
141,64,3.5
141,135,3.0
141,85,5.0
141,146,4.0
141,126,4.5
141,185,4.5
141,119,4.5
141,192,3.5
141,11,4.0
141,24,3.0
141,74,3.5
141,117,3.5
141,89,2.5
141,77,4.0
141,101,2.5
141,157,4.5
141,45,4.5
141,107,4.0
141,186,3.5
141,46,3.0
141,198,4.0
141,196,3.5
141,99,3.0
141,47,3.0
141,173,4.5
141,25,4.5
141,162,2.0
141,12,3.0
141,62,4.0
141,194,4.5
141,187,5.0
141,138,4.0
141,75,3.5
141,18,4.5
141,56,3.5
141,127,3.5
141,106,4.0
141,32,3.0
141,95,4.0
141,20,3.5
141,27,4.0
141,130,2.0
141,84,4.5
141,105,5.0
141,116,3.5
141,43,4.5
141,65,5.0
141,54,5.0
141,149,3.5
141,60,5.0
141,4,3.0
142,192,4.5
142,119,5.0
142,98,2.5
142,88,4.0
142,191,3.0
142,103,3.0
142,50,3.5
142,102,4.0
142,10,3.0
142,3,2.5
142,65,4.5
142,30,3.0
142,182,4.5
142,35,2.0
142,84,4.0
142,172,4.0
142,199,4.5
142,125,3.5
142,184,5.0
142,18,4.0
142,22,4.0
142,141,4.5
142,169,3.0
142,63,5.0
142,113,4.5
142,36,4.5
142,121,3.5
142,72,3.0
142,42,3.5
142,44,3.5
142,5,3.5
142,156,2.5
142,26,3.0
142,46,2.5
142,76,4.0
142,32,4.0
142,137,2.0
142,101,4.0
142,171,4.0
142,20,2.5
142,196,3.5
142,70,2.5
142,40,4.0
142,176,3.5
142,92,4.5
142,167,3.5
142,56,3.5
142,9,4.0
142,164,5.0
142,154,3.5
142,114,4.0
142,13,4.5
142,134,3.5
142,27,2.0
142,100,2.0
142,79,3.0
142,150,4.5
142,14,4.5
142,2,2.0
142,149,5.0
142,97,5.0
142,52,3.5
142,64,3.5
143,8,3.0
143,4,3.5
143,87,4.5
143,50,2.5
143,175,4.0
143,172,3.0
143,17,2.5
143,57,5.0
143,25,2.5
143,171,4.5
143,43,5.0
143,186,3.5
143,190,4.0
143,12,3.0
143,107,3.5
143,132,3.0
143,28,4.5
143,84,4.0
143,83,5.0
143,144,4.5
143,161,4.5
143,49,3.0
143,160,5.0
143,54,4.0
143,139,4.0
143,102,4.0
143,110,4.5
143,31,4.0
143,60,4.5
143,55,3.5
143,184,4.0
143,92,4.5
143,182,4.0
143,45,4.0
143,199,3.5
143,103,3.0
143,81,4.0
143,166,5.0
143,100,2.5
143,191,4.5
143,118,4.5
143,193,4.5
143,194,5.0
143,72,4.0
143,95,5.0
143,187,3.5
144,197,5.0
144,154,5.0
144,128,4.5
144,27,3.0
144,183,4.5
144,138,4.0
144,146,3.5
144,44,5.0
144,65,4.5
144,25,4.0
144,199,3.0
144,84,3.5
144,162,3.5
144,179,3.5
144,100,2.5
144,174,4.5
144,178,3.5
144,35,2.5
144,86,3.5
144,45,4.0
144,163,3.5
144,177,4.0
144,82,4.0
144,171,5.0
144,124,4.0
144,18,4.5
144,182,3.5
144,5,4.0
144,156,3.0
144,150,5.0
144,115,4.0
144,98,1.0
144,131,4.0
144,164,4.0
144,60,4.0
144,129,4.0
144,151,3.5
144,4,3.0
144,166,4.0
145,32,3.0
145,80,4.0
145,61,2.5
145,189,4.0
145,110,4.0
145,194,4.5
145,63,5.0
145,159,1.5
145,21,3.5
145,16,5.0
145,36,3.5
145,96,3.5
145,128,4.0
145,76,3.0
145,52,3.5
145,39,3.5
145,97,4.0
145,53,5.0
145,165,4.0
145,10,4.0
145,198,3.5
145,154,3.0
145,114,4.5
145,85,4.5
145,35,2.5
145,72,3.5
145,82,3.5
145,182,5.0
145,11,4.5
145,134,3.5
145,107,2.0
145,166,4.5
145,74,5.0
145,7,5.0
145,59,5.0
145,177,4.5
145,88,4.0
145,195,5.0
145,183,3.5
145,139,3.0
145,14,3.5
145,64,5.0
145,57,4.5
145,156,3.0
145,98,3.0
145,171,3.5
145,83,4.0
145,47,2.0
145,178,3.0
145,2,2.0
145,17,3.0
145,126,5.0
145,18,3.5
145,50,3.0
145,160,4.5
145,37,3.5
145,162,4.0
145,33,4.5
145,24,4.5
145,45,4.0
145,144,3.5
145,180,5.0
145,130,3.0
145,192,4.5
145,196,4.0
145,120,3.0
145,199,4.5
145,43,4.5
145,51,4.5
145,163,2.5
145,109,4.5
145,46,3.0
145,193,4.5
145,185,4.5
145,145,4.5
145,168,3.0
145,58,3.0
146,93,4.5
146,102,5.0
146,97,5.0
146,43,4.5
146,121,3.5
146,113,4.5
146,109,5.0
146,130,3.5
146,157,4.0
146,189,4.5
146,111,5.0
146,40,3.5
146,124,4.5
146,6,4.0
146,98,3.5
146,110,5.0
146,22,4.5
146,77,2.0
146,153,4.0
146,138,4.0
146,191,2.5
146,142,5.0
146,45,4.0
146,66,4.0
146,186,4.5
147,124,4.0
147,19,3.5
147,86,4.0
147,35,2.5
147,184,4.0
147,121,4.0
147,51,3.0
147,40,4.5
147,49,2.5
147,2,3.5
147,4,4.0
147,129,4.0
147,187,3.0
147,186,4.0
147,96,5.0
147,126,4.0
147,104,5.0
147,107,3.0
147,102,4.5
147,188,3.0
147,99,3.0
147,185,4.5
147,79,2.0
147,165,5.0
147,151,3.0
147,199,3.5
147,105,4.5
147,10,2.5
147,32,4.0
147,180,3.0
147,145,5.0
147,42,2.5
147,50,3.5
147,112,2.0
147,66,3.5
147,90,5.0
147,131,4.0
147,179,3.0
147,95,3.5
147,15,3.0
147,171,5.0
147,109,5.0
147,64,5.0
147,63,5.0
147,123,2.5
147,9,5.0
147,93,4.0
147,8,3.0
147,38,4.0
147,67,3.5
147,117,4.5
147,152,4.0
147,166,4.5
147,158,4.0
147,169,3.0
147,190,4.0
147,30,3.0
147,24,5.0
148,49,3.0
148,109,4.0
148,43,4.0
148,110,4.5
148,65,3.5
148,178,3.0
148,78,5.0
148,129,3.5
148,137,3.5
148,169,3.5
148,98,2.0
148,151,4.5
148,79,3.5
148,106,3.5
148,23,2.5
148,28,5.0
148,163,3.0
148,147,4.5
148,89,1.5
148,37,3.0
148,69,4.5
148,54,4.0
148,102,4.5
148,188,3.5
148,2,2.5
148,44,4.0
148,126,4.5
148,1,2.5
148,25,4.5
148,18,4.5
148,107,3.0
148,135,4.0
148,170,2.5
148,74,2.5
148,111,4.0
148,175,3.0
148,46,2.5
148,96,3.5
148,48,4.5
148,35,4.0
148,51,1.5
148,125,4.0
148,47,4.5
148,193,4.5
148,29,5.0
148,116,5.0
148,146,3.5
148,55,3.0
148,162,3.5
148,52,3.5
148,16,4.0
148,158,3.0
148,50,3.5
148,67,5.0
148,105,5.0
148,113,4.0
148,185,3.5
148,198,3.5
148,21,4.5
148,76,3.5
148,22,3.0
148,97,5.0
148,32,4.0
148,71,3.5
148,17,4.0
148,88,4.0
148,8,3.0
148,61,2.0
148,123,4.5
148,159,3.5
148,26,2.0
148,3,1.5
148,150,5.0
148,161,4.5
148,139,4.5
148,132,2.5
148,173,4.5
148,86,3.0
149,2,2.5
149,97,3.0
149,155,4.0
149,134,3.0
149,195,5.0
149,69,3.5
149,125,4.0
149,122,4.0
149,87,5.0
149,198,3.5
149,110,4.5
149,192,4.0
149,95,5.0
149,175,4.0
149,88,4.0
149,81,5.0
149,62,2.5
149,93,3.0
149,171,5.0
149,103,4.5
149,199,4.0
149,157,4.0
149,15,2.0
149,92,4.0
149,85,4.0
149,26,2.0
149,1,3.5
149,117,4.5
149,181,5.0
149,36,3.0
149,7,5.0
149,191,3.0
149,32,4.0
149,136,3.0
149,72,3.0
149,64,4.5
149,188,2.5
149,116,5.0
149,159,3.0
149,193,3.5
149,132,1.5
149,106,3.5
149,49,2.5
149,174,2.5
149,83,5.0
149,5,3.5
149,183,3.5
149,12,3.5
149,84,4.5
149,114,3.5
149,60,4.0
149,194,5.0
149,172,4.0
150,122,3.5
150,169,3.0
150,180,4.5
150,26,2.0
150,188,3.0
150,99,4.0
150,76,3.0
150,156,1.5
150,50,2.0
150,183,4.0
150,37,3.0
150,134,3.0
150,147,3.5
150,184,5.0
150,130,3.0
150,9,4.5
150,33,3.5
150,128,4.5
150,23,3.0
150,78,4.5
150,173,4.5
150,141,5.0
150,120,1.0
150,44,4.0
150,115,3.5
150,30,4.0
150,124,3.5
150,170,3.0
150,139,5.0
150,62,3.0
150,63,5.0
150,55,4.0
150,177,4.0
150,182,4.0
150,28,3.5
150,112,4.5
150,8,3.5
150,42,4.0
150,84,4.5
150,195,4.0
150,72,4.0
150,57,5.0
150,66,3.0
150,200,5.0
150,32,4.0
150,35,4.0
150,137,2.5
150,126,4.0
150,24,4.5
150,86,4.5
150,58,2.0
150,148,3.0
150,17,4.0
150,88,3.5
150,97,4.5
150,98,3.0
150,144,4.0
150,165,3.5
150,60,5.0
150,150,4.0
150,67,3.0
150,175,4.0
150,75,2.5
150,167,3.5
150,29,4.0
150,154,5.0
150,196,3.5
150,49,4.0
150,172,2.5
150,95,5.0
150,187,2.5
150,81,5.0
150,145,5.0
150,74,3.0
150,131,5.0
150,1,3.0
150,40,4.5
150,164,4.0
150,194,4.0
150,69,3.0
151,198,3.0
151,94,4.0
151,174,2.5
151,33,4.5
151,134,3.0
151,170,2.5
151,155,4.0
151,152,3.5
151,57,2.5
151,28,3.5
151,102,4.0
151,3,3.5
151,138,3.5
151,118,3.5
151,81,5.0
151,38,4.0
151,76,4.0
151,192,4.0
151,128,5.0
151,175,3.0
151,117,4.5
151,185,4.5
151,154,4.0
151,73,3.5
151,179,3.0
151,171,4.5
151,9,5.0
151,178,4.5
151,82,2.5
151,80,4.0
151,129,4.5
151,32,4.0
151,71,3.5
151,147,3.5
151,123,4.0
151,162,3.0
151,56,3.0
151,127,4.5
151,75,2.5
151,97,4.5
152,184,4.0
152,54,4.5
152,188,2.0
152,58,3.0
152,180,4.5
152,189,5.0
152,14,4.5
152,46,2.5
152,125,4.5
152,187,3.0
152,101,3.0
152,77,2.5
152,169,4.5
152,41,4.5
152,6,3.5
152,141,5.0
152,190,3.0
152,87,4.0
152,109,4.0
152,174,3.5
152,122,3.5
152,90,5.0
152,200,5.0
152,178,3.5
152,19,3.0
152,136,3.5
152,73,1.5
152,181,5.0
152,50,3.0
153,182,4.5
153,78,5.0
153,118,4.0
153,168,4.0
153,42,3.0
153,148,4.0
153,36,4.5
153,114,3.5
153,179,4.5
153,124,5.0
153,75,3.5
153,38,4.0
153,54,4.5
153,56,4.0
153,51,4.0
153,167,3.0
153,3,3.0
153,93,3.5
153,195,4.5
153,27,4.5
153,174,2.5
153,189,4.0
153,97,5.0
153,110,5.0
153,180,4.0
153,44,4.5
153,15,4.0
153,25,4.0
153,92,5.0
153,122,2.5
153,46,4.0
153,14,5.0
153,31,3.5
153,132,3.0
153,87,4.5
153,152,4.0
153,112,3.5
153,39,5.0
153,161,5.0
153,104,4.5
153,63,4.5
153,9,4.0
153,197,4.0
153,62,4.0
153,102,5.0
153,126,5.0
153,199,4.0
153,153,4.5
153,45,4.5
153,178,3.5
153,23,3.5
153,119,5.0
153,98,3.0
153,71,4.0
153,193,3.5
153,95,4.5
153,184,4.5
153,158,4.5
153,30,2.5
153,22,4.0
153,32,4.0
153,155,3.5
153,131,4.0
153,58,2.5
153,6,2.5
153,123,3.5
153,147,3.5
153,173,4.5
153,47,3.0
153,99,4.0
153,191,5.0
153,164,3.5
153,77,3.5
153,74,3.0
154,138,4.0
154,48,4.5
154,104,4.5
154,180,4.0
154,6,2.5
154,101,2.5
154,143,4.0
154,200,5.0
154,136,3.5
154,126,5.0
154,17,3.0
154,133,3.5
154,150,5.0
154,193,4.5
154,183,3.5
154,167,3.0
154,32,3.5
154,54,3.5
154,169,3.5
154,31,4.0
154,47,3.0
154,154,4.0
154,178,4.0
154,197,4.0
154,2,3.0
154,194,4.5
154,115,4.0
154,81,5.0
154,184,4.5
154,11,4.0
154,33,4.5
154,148,3.5
154,53,5.0
154,42,4.5
154,23,3.0
154,144,4.0
154,66,3.0
154,9,4.5
154,22,5.0
154,172,3.5
154,130,4.0
154,77,3.0
154,94,3.0
154,140,3.0
154,44,3.5
154,109,4.5
154,1,1.0
154,64,5.0
154,159,4.5
154,12,3.0
154,189,4.5
154,76,3.0
154,137,3.0
154,114,3.5
154,36,4.5
154,191,4.0
154,173,3.5
154,134,3.5
154,91,5.0
154,187,4.5
154,131,5.0
154,186,3.0
154,26,4.5
154,151,4.0
154,61,2.0
155,56,4.0
155,35,2.5
155,155,4.5
155,142,3.5
155,200,5.0
155,152,4.5
155,92,4.0
155,72,3.5
155,33,4.5
155,187,4.0
155,160,4.0
155,109,5.0
155,20,3.5
155,141,5.0
155,66,4.5
155,67,3.0
155,98,2.0
155,167,2.5
155,42,3.0
155,103,5.0
155,117,4.0
155,22,3.5
155,186,3.5
155,174,2.5
155,189,4.0
155,37,3.0
155,138,3.5
155,53,5.0
155,19,3.0
155,162,3.5
155,69,3.5
155,163,3.5
155,166,5.0
155,50,3.0
155,96,4.0
155,145,4.5
155,131,4.5
155,198,3.0
155,182,4.0
156,155,4.5
156,64,4.5
156,20,3.0
156,70,3.0
156,32,4.5
156,137,3.5
156,29,3.0
156,176,4.0
156,141,5.0
156,105,5.0
156,17,3.5
156,85,5.0
156,164,5.0
156,23,2.5
156,93,3.5
156,86,4.5
156,200,5.0
156,38,4.5
156,58,3.0
156,71,5.0
156,3,1.5
157,27,4.5
157,32,4.5
157,45,4.0
157,135,2.0
157,187,3.5
157,79,1.5
157,151,4.5
157,126,5.0
157,25,3.0
157,136,4.0
157,90,5.0
157,180,4.5
157,147,3.5
157,73,2.0
157,142,5.0
157,70,2.5
157,156,2.0
157,26,3.5
157,13,5.0
157,44,4.5
157,82,4.5
157,100,3.0
157,47,3.0
157,89,2.0
157,174,4.5
157,137,2.5
157,186,4.0
157,153,4.0
157,104,4.5
157,123,4.0
157,152,3.5
157,33,4.0
157,67,4.5
157,3,4.0
157,132,3.0
157,40,3.5
157,169,3.0
157,37,3.0
157,97,4.5
157,146,3.5
157,69,4.0
157,14,4.0
157,95,3.5
157,64,4.0
158,120,2.5
158,129,3.5
158,74,4.5
158,71,5.0
158,110,4.0
158,134,3.5
158,184,4.0
158,59,4.5
158,79,3.5
158,163,3.5
158,23,3.5
158,192,5.0
158,105,5.0
158,81,4.5
158,24,5.0
158,191,3.5
158,21,3.0
158,20,4.5
158,62,5.0
158,186,4.0
158,43,4.0
158,148,3.5
158,15,3.5
158,22,5.0
158,198,4.0
158,142,4.5
158,127,5.0
158,3,3.0
158,109,5.0
158,131,4.5
158,35,3.0
158,123,3.5
158,128,5.0
158,132,3.0
158,137,4.0
158,32,3.5
158,104,4.0
158,4,4.5
158,158,4.5
158,49,1.5
158,2,2.5
158,172,3.0
158,166,4.5
158,89,1.0
158,63,4.5
158,136,3.0
158,11,4.0
158,115,3.0
158,44,4.0
158,135,3.5
158,58,4.0
158,45,5.0
158,183,4.5
158,94,3.5
158,170,4.0
158,167,2.5
158,91,3.5
158,14,4.0
158,159,5.0
158,174,3.5
158,98,2.5
158,152,3.0
158,96,5.0
158,29,4.5
158,87,5.0
158,64,4.0
158,31,2.5
158,75,2.0
158,77,3.0
158,124,3.5
158,76,3.0
159,101,2.5
159,56,3.5
159,79,2.5
159,165,5.0
159,132,3.0
159,10,3.0
159,119,5.0
159,159,2.5
159,125,4.0
159,15,2.5
159,92,3.0
159,2,3.5
159,158,3.0
159,118,3.5
159,85,5.0
159,77,4.0
159,91,4.0
159,28,4.0
159,189,5.0
159,90,5.0
159,48,4.5
159,103,3.5
159,184,3.0
159,3,3.5
159,26,2.5
159,111,5.0
159,126,5.0
159,51,4.0
159,22,4.0
159,136,4.0
159,196,3.5
159,40,4.5
159,106,3.0
159,32,4.0
159,192,3.0
159,182,4.0
159,169,3.5
159,65,4.0
159,58,2.5
159,121,3.5
159,102,4.5
159,96,4.0
159,185,4.0
159,94,5.0
159,110,5.0
159,47,4.0
159,138,4.5
159,69,3.5
159,183,2.5
159,113,3.5
159,151,4.0
159,42,2.5
159,36,3.5
159,178,3.0
159,112,3.0
159,197,4.0
160,73,3.5
160,11,4.5
160,35,2.5
160,102,3.5
160,108,3.5
160,191,3.0
160,85,4.5
160,9,4.5
160,42,3.0
160,171,5.0
160,51,3.5
160,123,3.5
160,195,5.0
160,69,2.5
160,31,4.0
160,196,3.5
160,126,4.5
160,141,5.0
160,127,4.0
160,175,2.5
160,33,4.5
160,84,4.5
160,103,4.0
160,129,4.0
160,100,3.0
160,34,5.0
160,29,3.0
160,28,4.0
160,6,3.0
160,180,4.0
160,40,3.0
160,89,3.0
161,14,3.5
161,174,3.0
161,88,3.0
161,110,4.0
161,153,5.0
161,189,4.5
161,3,3.5
161,112,4.0
161,123,3.5
161,75,2.5
161,73,3.0
161,125,3.5
161,22,4.0
161,197,3.0
161,64,5.0
161,159,3.0
161,40,4.0
161,131,3.5
161,48,5.0
161,186,3.0
161,72,3.5
161,30,3.5
161,68,3.5
161,181,5.0
161,171,3.0
161,187,5.0
161,51,4.5
161,122,4.0
161,27,2.5
161,129,3.5
161,157,4.0
161,47,3.5
161,49,3.0
161,152,3.0
161,162,3.5
162,10,4.0
162,71,5.0
162,50,4.0
162,38,4.0
162,110,4.5
162,5,1.5
162,158,4.0
162,52,3.5
162,24,4.5
162,14,4.5
162,98,1.5
162,105,5.0
162,135,3.5
162,79,3.0
162,180,4.5
162,163,4.0
162,60,4.5
162,57,5.0
162,87,4.5
162,196,3.5
162,123,4.0
162,16,5.0
162,131,5.0
162,181,5.0
162,165,4.5
162,191,1.5
162,78,5.0
162,29,3.5
162,69,3.0
162,94,3.5
162,72,3.5
162,90,5.0
162,108,4.0
162,64,4.0
162,82,3.5
162,13,5.0
162,47,3.0
162,11,3.5
162,1,2.5
162,175,3.0
162,83,4.5
162,55,5.0
162,74,2.0
162,121,3.0
162,170,2.0
163,126,4.0
163,94,4.5
163,86,4.0
163,78,5.0
163,29,4.5
163,25,3.5
163,172,3.5
163,4,4.5
163,175,3.0
163,142,4.5
163,34,4.0
163,85,3.5
163,93,2.0
163,188,2.5
163,151,4.5
163,136,3.5
163,155,5.0
163,96,3.0
163,61,3.5
163,167,2.5
163,71,4.5
163,54,4.5
163,150,4.5
163,99,4.0
163,23,3.0
163,28,3.0
163,190,4.0
163,162,3.0
163,184,5.0
163,31,3.5
163,11,3.5
163,186,3.0
163,168,3.0
163,49,2.5
163,50,3.0
163,115,5.0
164,88,4.5
164,78,5.0
164,186,3.5
164,122,3.5
164,195,4.5
164,52,4.5
164,137,3.0
164,185,4.0
164,40,2.5
164,12,3.0
164,33,4.5
164,50,2.0
164,108,4.0
164,141,5.0
164,183,2.5
164,65,5.0
164,144,4.0
164,89,2.5
164,94,2.5
164,115,4.5
164,162,5.0
164,31,3.5
164,112,2.5
164,18,4.5
164,124,4.5
164,188,4.0
164,135,4.0
164,129,1.5
164,6,2.5
164,43,4.5
164,154,4.5
164,71,3.5
164,34,3.5
164,75,2.0
164,191,3.5
164,145,5.0
164,16,5.0
164,49,4.5
164,102,5.0
164,127,4.0
164,194,5.0
164,132,3.0
164,20,3.5
164,171,5.0
164,113,5.0
164,131,4.0
164,99,2.5
164,184,4.5
164,100,3.5
164,103,5.0
164,70,1.5
164,53,5.0
164,48,4.5
164,1,2.5
164,41,4.0
164,56,5.0
164,3,3.0
164,159,2.5
164,117,4.5
165,31,3.5
165,44,4.0
165,58,3.5
165,12,2.5
165,137,3.0
165,61,1.5
165,75,2.0
165,11,5.0
165,164,5.0
165,38,3.5
165,72,4.5
165,35,3.0
165,70,2.5
165,14,4.0
165,165,4.5
165,64,4.5
165,54,5.0
165,196,3.5
165,30,3.5
165,1,3.5
165,167,4.0
165,89,2.5
165,162,2.5
165,155,4.5
165,95,4.5
165,84,4.5
165,22,4.5
165,141,5.0
165,68,2.5
165,189,3.5
165,105,5.0
165,157,4.0
165,76,4.5
165,175,3.5
165,15,3.5
165,161,3.5
165,3,2.5
165,92,4.5
165,57,5.0
165,190,5.0
165,46,3.5
165,66,4.0
165,5,2.5
165,138,3.5
165,150,4.5
165,28,4.5
165,98,3.0
165,159,2.5
165,142,4.5
165,53,4.5
165,114,4.5
165,178,4.0
165,180,4.0
165,69,4.5
165,151,4.0
166,123,3.0
166,24,4.0
166,127,4.0
166,47,2.0
166,118,3.5
166,48,4.5
166,46,2.5
166,49,2.5
166,146,4.5
166,126,5.0
166,187,3.5
166,197,4.0
166,166,5.0
166,73,3.5
166,6,3.5
166,80,3.0
166,42,4.0
166,194,5.0
166,101,3.0
166,176,3.0
166,156,3.0
166,193,4.0
166,18,5.0
166,37,3.0
166,19,2.5
166,110,5.0
166,63,5.0
166,117,4.5
166,188,3.5
167,26,3.5
167,97,4.5
167,99,4.0
167,6,3.5
167,29,4.0
167,4,4.5
167,165,3.5
167,12,4.5
167,34,3.0
167,64,4.0
167,22,4.5
167,69,3.5
167,37,4.0
167,161,4.0
167,154,5.0
167,195,4.5
167,3,3.5
167,28,4.0
167,139,4.5
167,87,4.0
167,190,4.0
167,52,4.0
167,36,5.0
167,123,3.5
167,145,4.5
167,114,4.5
167,42,3.5
167,79,3.5
167,85,4.0
167,177,3.0
167,40,4.0
167,63,4.5
167,15,2.5
167,140,3.0
167,189,5.0
167,187,3.5
167,167,3.5
167,32,4.0
167,197,4.0
167,193,4.5
167,27,3.0
167,164,4.0
167,76,4.5
167,160,5.0
167,131,4.0
167,107,3.5
167,188,3.0
167,1,3.0
167,58,4.0
167,7,4.0
167,59,4.5
167,110,3.0
167,198,4.0
167,38,3.0
167,91,4.0
167,74,2.5
167,152,4.0
167,148,4.5
168,58,3.0
168,27,2.0
168,73,4.0
168,92,3.5
168,20,2.0
168,158,4.0
168,86,3.0
168,31,3.5
168,93,3.5
168,22,5.0
168,12,3.5
168,155,3.5
168,39,4.0
168,46,3.5
168,110,5.0
168,136,3.0
168,194,4.0
168,154,4.5
168,47,3.0
168,174,3.5
168,109,4.0
168,188,4.5
168,171,3.0
168,176,3.0
168,78,4.5
168,160,5.0
168,74,2.5
169,68,4.5
169,183,4.0
169,20,4.0
169,1,2.0
169,39,5.0
169,168,4.0
169,38,4.5
169,82,3.0
169,194,4.5
169,100,2.5
169,115,3.5
169,185,5.0
169,123,3.5
169,18,4.5
169,29,3.0
169,148,4.5
169,110,5.0
169,72,3.5
169,192,5.0
169,24,4.0
169,83,3.5
169,33,4.0
169,47,3.5
169,99,3.0
169,91,4.0
169,193,4.5
169,127,4.0
169,109,5.0
169,124,4.5
169,106,4.0
169,155,4.0
169,163,3.5
169,86,3.5
169,36,5.0
169,63,5.0
169,177,4.5
169,108,4.5
169,141,5.0
169,128,4.5
169,138,3.5
169,137,2.0
169,174,2.5
169,160,4.5
170,108,5.0
170,135,4.0
170,148,3.5
170,178,3.0
170,192,3.5
170,57,5.0
170,180,4.5
170,23,4.0
170,61,3.0
170,93,4.0
170,1,3.5
170,53,4.5
170,5,4.0
170,191,4.0
170,143,3.5
170,122,3.0
170,35,2.5
170,29,4.5
170,16,5.0
170,90,4.5
170,187,4.0
170,36,4.0
170,76,3.5
170,118,3.0
170,37,2.5
170,142,4.5
170,200,4.5
170,63,5.0
170,54,4.5
170,58,2.5
170,15,4.0
170,179,3.5
170,31,4.0
170,176,3.0
170,97,5.0
170,7,5.0
170,109,5.0
170,96,2.5
170,14,3.5
170,28,4.5
170,149,5.0
170,19,3.5
170,123,2.5
170,153,4.0
170,41,4.5
170,8,3.0
170,38,4.0
170,94,3.5
170,167,3.5
170,21,3.0
170,173,4.0
170,20,2.5
170,4,4.0
170,146,4.0
170,107,2.5
170,39,3.5
170,47,3.5
170,121,3.0
170,169,4.0
170,136,4.5
170,77,1.5
170,186,3.0
170,106,3.5
170,87,5.0
170,114,3.0
171,16,5.0
171,165,4.5
171,9,4.5
171,155,4.5
171,193,3.5
171,45,5.0
171,129,3.0
171,42,3.5
171,3,2.5
171,102,4.0
171,109,5.0
171,175,3.5
171,117,4.5
171,142,5.0
171,183,2.5
171,67,4.5
171,147,2.5
171,194,4.0
171,79,2.5
171,59,4.5
171,190,4.5
171,41,4.0
171,70,2.5
171,24,3.5
171,134,2.5
171,97,5.0
171,33,4.5
171,55,5.0
171,103,4.0
172,191,4.0
172,144,4.5
172,155,5.0
172,20,4.0
172,178,4.0
172,120,2.5
172,123,4.0
172,81,5.0
172,168,4.0
172,165,3.5
172,104,4.5
172,98,3.5
172,43,5.0
172,14,3.5
172,96,3.0
172,166,5.0
172,109,4.0
172,50,3.5
172,70,2.0
172,28,5.0
172,27,2.5
172,197,4.5
172,93,3.5
172,198,3.5
172,86,2.5
172,8,1.5
172,62,3.5
172,73,3.0
172,42,2.5
172,139,3.0
172,181,5.0
173,194,4.5
173,80,3.5
173,49,3.5
173,142,3.5
173,52,3.5
173,164,5.0
173,9,4.5
173,62,3.5
173,69,5.0
173,22,3.5
173,146,4.5
173,145,5.0
173,12,2.5
173,124,5.0
173,13,4.0
173,81,4.0
173,24,4.5
173,3,3.5
173,92,5.0
173,193,5.0
174,101,3.5
174,186,4.5
174,92,4.0
174,34,4.5
174,180,4.0
174,173,4.5
174,25,4.0
174,85,4.0
174,105,4.0
174,190,4.5
174,129,3.0
174,26,3.5
174,191,4.0
174,39,5.0
174,7,4.5
174,151,5.0
174,98,3.5
174,123,3.5
174,185,4.5
174,10,3.0
174,75,3.5
174,42,3.0
174,187,3.5
174,175,4.0
174,119,5.0
174,21,2.5
174,161,4.0
174,24,4.0
174,60,5.0
174,56,3.5
174,168,3.5
174,37,3.5
174,179,4.0
174,188,3.5
174,133,3.5
174,156,3.0
174,134,4.0
174,88,3.5
174,115,4.0
174,197,3.5
174,87,4.0
174,196,3.5
174,93,4.0
174,111,5.0
174,11,4.5
174,100,3.0
174,62,4.0
174,54,4.0
174,20,3.5
174,40,4.5
174,146,4.0
174,128,5.0
174,194,4.0
174,4,3.0
174,169,5.0
174,80,4.0
174,141,5.0
174,23,3.5
174,149,4.0
174,148,4.0
174,117,4.5
174,81,3.5
174,44,3.5
174,76,3.0
174,170,3.0
174,18,4.0
174,72,4.5
174,94,3.0
175,122,3.0
175,66,4.5
175,196,3.5
175,114,5.0
175,167,4.5
175,36,4.0
175,32,3.5
175,146,4.0
175,125,2.5
175,11,4.5
175,94,4.0
175,74,4.0
175,103,4.5
175,105,4.5
175,159,3.0
175,175,4.0
175,34,4.0
175,113,4.0
175,190,4.5
175,132,4.5
175,160,5.0
175,81,4.0
175,96,3.5
175,22,5.0
175,185,4.0
175,106,3.0
175,130,4.5
175,116,4.5
175,68,3.0
175,191,4.0
175,186,3.5
175,165,5.0
175,15,2.0
175,63,5.0
175,144,5.0
175,3,2.0
176,41,4.0
176,146,5.0
176,103,5.0
176,19,3.0
176,58,3.0
176,100,3.5
176,119,5.0
176,172,3.0
176,24,3.5
176,90,4.5
176,120,3.5
176,190,4.5
176,165,5.0
176,137,3.0
176,189,3.5
176,28,4.0
176,22,4.5
176,47,2.5
176,185,3.5
176,102,3.5
176,111,4.0
176,52,4.0
176,198,4.0
176,85,5.0
176,17,3.5
176,82,2.5
176,88,4.5
176,155,5.0
176,125,4.0
176,55,3.0
176,122,3.0
176,30,3.0
176,72,4.0
176,117,5.0
176,10,3.0
176,140,3.5
176,40,4.0
176,121,3.5
176,38,3.5
176,171,4.5
176,175,3.0
176,199,3.5
176,9,5.0
176,154,5.0
177,14,4.0
177,55,5.0
177,6,3.5
177,195,4.5
177,176,4.0
177,109,4.5
177,70,2.0
177,65,5.0
177,163,3.0
177,46,2.5
177,22,4.0
177,37,3.0
177,18,4.0
177,71,5.0
177,104,5.0
177,21,3.0
177,77,2.5
177,183,3.0
177,116,5.0
177,108,5.0
177,135,3.0
177,199,4.0
177,172,4.0
177,67,3.5
177,48,5.0
177,200,4.5
177,24,4.5
177,110,4.5
177,88,3.5
177,184,5.0
177,43,5.0
177,51,3.0
177,90,3.5
178,178,3.0
178,147,3.5
178,100,2.5
178,3,3.0
178,144,4.5
178,153,3.5
178,51,2.5
178,20,3.5
178,186,3.5
178,171,4.0
178,149,3.5
178,158,4.0
178,38,4.0
178,83,4.5
178,191,3.0
178,82,3.5
178,4,2.5
178,39,5.0
178,118,4.0
178,188,2.0
178,128,4.5
178,185,4.5
178,30,3.5
178,173,4.0
178,105,4.0
178,68,3.5
178,134,3.0
178,1,1.5
178,116,4.5
178,33,4.5
178,163,2.5
178,172,5.0
178,164,5.0
178,190,4.5
178,25,3.5
178,10,3.0
178,56,3.0
178,49,3.5
178,108,5.0
178,140,3.5
178,43,4.0
178,154,3.5
179,95,5.0
179,94,3.5
179,5,3.5
179,78,4.5
179,79,3.5
179,129,3.5
179,32,3.5
179,180,3.5
179,128,5.0
179,167,3.5
179,117,4.0
179,106,4.0
179,91,3.0
179,139,4.5
179,110,5.0
179,134,2.5
179,196,3.0
179,86,4.0
179,30,3.5
179,46,3.0
180,139,4.0
180,112,4.0
180,98,2.0
180,73,2.0
180,169,4.0
180,177,5.0
180,175,3.5
180,199,3.0
180,163,3.0
180,197,3.5
180,180,4.5
180,159,3.0
180,26,3.0
180,23,3.0
180,27,3.0
180,187,3.0
180,167,3.5
180,5,3.5
180,158,3.0
180,106,4.0
180,186,3.5
180,128,4.0
180,160,5.0
180,140,4.0
180,188,3.0
180,192,5.0
180,114,5.0
180,129,4.0
180,149,4.5
180,9,3.5
181,117,4.5
181,142,4.5
181,98,2.5
181,30,3.5
181,51,3.5
181,121,3.0
181,32,3.0
181,90,4.0
181,119,4.0
181,106,3.5
181,166,5.0
181,181,4.0
181,102,4.5
181,2,3.5
181,96,3.5
181,58,3.5
181,130,4.0
181,73,3.0
181,69,3.5
181,169,3.5
181,68,2.5
181,79,2.5
181,107,3.0
181,173,4.5
181,62,5.0
181,187,3.5
181,178,4.5
181,9,4.0
181,4,4.0
181,7,5.0
181,40,3.5
181,186,4.0
181,133,3.5
181,154,5.0
181,82,3.0
181,86,3.5
181,44,5.0
181,147,3.5
181,111,5.0
181,176,3.5
181,143,5.0
181,101,2.5
181,50,2.5
181,159,4.0
181,14,3.5
181,148,5.0
181,110,5.0
181,33,4.5
181,100,1.5
181,45,4.0
181,104,4.5
181,190,5.0
181,168,5.0
181,41,4.0
181,112,3.5
181,60,5.0
181,26,3.5
181,153,4.5
181,184,3.5
181,31,3.0
181,157,3.5
181,67,3.5
181,163,4.0
181,83,4.5
181,53,5.0
181,24,5.0
181,135,3.0
181,171,3.0
181,146,4.5
182,40,4.0
182,8,2.5
182,159,2.0
182,182,4.0
182,140,3.0
182,21,3.5
182,147,4.0
182,98,4.0
182,7,4.5
182,191,4.0
182,188,3.0
182,34,4.0
182,117,4.0
182,163,3.5
182,162,4.0
182,92,3.5
182,48,4.5
182,62,3.5
182,168,4.5
182,57,4.0
182,77,3.0
182,50,3.0
182,138,4.5
182,63,5.0
182,97,5.0
182,67,3.0
182,169,3.5
182,14,4.0
182,71,4.5
182,22,3.5
182,37,3.0
182,161,3.5
182,6,4.0
182,164,4.5
182,149,4.0
182,27,3.5
182,29,4.5
182,118,3.0
182,153,4.5
182,32,3.5
182,28,3.0
182,170,2.5
182,73,2.5
182,68,3.0
182,47,2.0
182,24,5.0
182,20,3.5
182,127,3.5
182,93,3.5
182,54,3.5
182,101,3.5
182,26,2.5
182,126,4.5
182,197,4.0
182,106,4.5
182,19,3.5
182,125,4.5
183,97,4.0
183,81,3.5
183,163,4.0
183,116,5.0
183,42,4.5
183,47,2.5
183,77,2.5
183,3,2.5
183,46,2.0
183,169,3.0
183,146,5.0
183,162,3.5
183,156,3.0
183,9,5.0
183,31,2.5
183,88,5.0
183,89,4.0
183,124,4.0
183,158,3.0
183,154,4.5
183,140,3.0
183,2,2.0
183,41,5.0
183,134,4.0
183,66,4.0
183,32,2.5
183,50,2.5
183,188,3.0
183,8,3.0
183,138,4.0
183,6,4.0
183,133,4.0
183,132,4.0
183,40,3.5
183,56,3.5
183,94,4.0
183,30,3.5
183,166,5.0
183,172,4.0
183,84,5.0
183,36,4.5
183,57,5.0
183,22,4.0
183,33,4.0
183,69,4.0
183,71,5.0
184,191,4.0
184,127,4.0
184,112,3.5
184,132,1.5
184,103,3.5
184,50,3.5
184,65,4.5
184,45,4.5
184,51,3.5
184,176,4.5
184,184,4.0
184,72,4.0
184,101,4.0
184,27,3.5
184,150,5.0
184,151,4.5
184,80,3.5
184,43,3.0
184,53,4.0
184,125,4.0
184,111,5.0
184,115,4.0
184,109,5.0
184,153,5.0
184,70,2.5
184,82,3.0
184,160,4.5
184,28,4.0
184,156,1.5
184,99,3.5
184,110,4.5
184,52,3.0
184,146,4.5
184,91,4.5
184,96,4.0
184,162,4.0
184,17,4.0
184,116,4.5
184,183,3.5
184,9,5.0
184,131,5.0
184,194,5.0
184,185,5.0
184,105,4.5
184,76,3.5
184,155,5.0
184,136,4.0
184,167,4.0
184,102,4.5
185,83,3.5
185,110,3.5
185,48,4.5
185,92,4.0
185,63,4.0
185,19,3.0
185,56,3.5
185,169,3.0
185,96,4.5
185,192,4.5
185,38,4.0
185,81,4.0
185,32,3.0
185,3,2.5
185,82,3.0
185,177,4.0
185,187,3.5
185,85,5.0
185,55,4.0
185,120,3.0
185,146,3.0
185,200,5.0
185,60,4.5
185,144,5.0
185,17,3.0
185,99,2.0
185,73,3.5
185,155,4.5
185,182,3.5
185,135,2.5
185,194,5.0
185,27,3.5
185,185,2.5
185,72,3.5
185,156,3.5
185,20,3.5
185,147,3.5
185,108,4.5
185,112,2.5
185,186,2.5
185,161,5.0
185,51,2.5
185,159,3.5
185,13,5.0
185,127,2.5
185,128,4.0
185,12,3.5
185,71,5.0
185,163,3.0
185,31,4.0
185,188,3.5
185,116,4.5
185,44,3.5
185,84,4.0
185,175,3.5
185,61,2.5
185,6,3.5
185,174,2.5
185,5,2.5
185,2,2.5
185,119,4.5
185,143,4.0
185,34,2.5
185,104,4.5
185,10,3.0
185,11,4.5
185,87,4.5
185,142,4.0
185,18,4.5
185,121,2.0
185,25,4.0
186,21,2.5
186,143,4.0
186,81,4.0
186,127,4.5
186,157,4.5
186,13,4.5
186,101,3.0
186,77,3.0
186,179,3.0
186,117,4.5
186,197,3.5
186,165,5.0
186,32,3.0
186,96,3.5
186,159,4.0
186,27,2.5
186,8,3.0
186,58,3.0
186,195,5.0
186,3,2.5
186,36,3.5
186,185,5.0
186,83,4.5
186,177,2.5
186,112,3.5
186,183,4.5
186,44,3.5
186,23,3.0
186,49,3.5
186,95,5.0
186,138,3.0
186,2,3.5
186,14,3.5
186,67,4.0
186,12,4.0
186,29,3.5
186,182,5.0
186,78,5.0
186,20,2.5
186,68,3.5
186,85,5.0
186,196,3.5
186,98,3.0
186,70,3.5
186,174,3.5
187,82,3.0
187,38,3.5
187,193,4.5
187,150,3.0
187,106,4.0
187,164,5.0
187,115,4.0
187,172,4.5
187,32,3.5
187,134,3.5
187,136,3.0
187,62,4.0
187,148,5.0
187,123,3.0
187,170,2.5
187,126,4.5
187,72,3.5
187,83,4.0
187,124,5.0
187,58,3.5
187,24,4.5
187,68,2.0
187,76,4.0
187,22,5.0
187,91,5.0
187,143,4.5
187,63,4.5
187,169,4.5
188,16,5.0
188,55,3.5
188,4,4.0
188,172,4.0
188,56,3.0
188,120,2.5
188,99,3.0
188,49,2.5
188,125,3.5
188,27,2.5
188,88,3.5
188,54,4.0
188,152,4.0
188,136,2.0
188,132,2.0
188,81,4.5
188,80,3.0
188,182,5.0
188,117,4.5
188,168,4.5
188,40,5.0
188,130,3.5
188,28,3.5
188,34,4.5
188,57,5.0
188,94,3.5
188,194,5.0
188,116,4.0
188,159,3.0
188,186,4.0
188,52,3.0
188,103,4.5
188,193,5.0
188,18,4.0
188,72,3.5
188,109,5.0
188,43,4.5
188,79,3.5
188,148,4.0
188,191,3.5
188,38,3.5
188,119,5.0
188,178,3.0
188,29,4.5
188,62,2.5
188,5,3.5
188,118,4.5
188,48,5.0
188,69,3.0
188,8,3.0
188,122,5.0
189,111,5.0
189,55,4.0
189,39,5.0
189,102,5.0
189,129,2.5
189,200,4.5
189,131,5.0
189,86,4.0
189,14,4.0
189,113,3.0
189,70,3.0
189,95,4.0
189,26,3.0
189,13,4.0
189,167,2.5
189,98,1.5
189,109,5.0
189,50,2.5
189,76,4.0
189,49,3.0
189,104,4.0
189,46,2.5
189,153,4.5
189,71,4.0
189,136,3.5
189,156,2.0
189,127,5.0
189,133,4.0
189,195,5.0
189,28,4.0
189,187,4.5
189,166,5.0
189,64,4.5
189,29,4.0
189,57,5.0
189,30,3.5
189,192,4.5
189,10,3.0
189,148,4.0
189,69,3.5
189,62,3.5
189,17,3.0
190,159,3.0
190,180,4.0
190,184,5.0
190,104,4.0
190,101,2.5
190,196,3.5
190,26,3.5
190,57,5.0
190,188,2.5
190,178,4.0
190,69,3.0
190,127,3.0
190,53,3.5
190,44,5.0
190,192,4.5
190,89,2.5
190,164,4.5
190,74,3.5
190,181,5.0
190,153,4.5
190,183,3.5
190,1,3.5
190,25,3.5
190,48,4.0
190,129,3.0
190,160,3.5
190,123,4.5
190,79,3.0
190,62,3.0
190,187,3.5
190,81,4.0
190,18,5.0
190,43,3.0
190,177,4.0
190,86,3.5
190,117,4.5
190,37,3.0
190,4,2.0
190,122,3.0
190,110,4.0
190,166,5.0
190,6,4.5
190,46,2.0
190,68,2.5
190,20,3.0
190,171,4.0
190,3,3.5
190,182,4.0
190,91,4.0
190,162,3.0
190,150,4.5
190,179,3.5
190,126,4.5
190,64,5.0
190,121,3.0
190,29,4.5
190,12,3.0
190,5,3.5
190,75,3.0
190,59,4.0
190,135,3.5
190,176,3.5
190,168,4.0
190,38,4.0
190,191,2.5
190,194,4.0
190,78,5.0
190,175,3.5
190,116,5.0
190,148,2.5
190,90,4.0
190,66,2.5
190,125,4.0
190,33,4.5
190,47,4.0
190,141,5.0
191,182,5.0
191,86,4.5
191,133,3.0
191,170,2.5
191,153,4.5
191,124,3.5
191,29,4.5
191,70,2.5
191,176,4.0
191,198,3.0
191,187,3.5
191,164,4.5
191,6,3.0
191,38,3.0
191,106,3.5
191,57,4.0
191,169,2.5
191,37,4.0
191,92,4.5
191,128,5.0
191,8,4.0
191,63,4.5
191,148,4.5
191,111,4.5
191,93,2.5
191,53,5.0
191,23,4.0
191,50,2.5
191,97,5.0
191,189,5.0
191,28,4.5
191,71,3.0
191,161,3.5
191,140,4.0
191,116,4.0
191,135,3.5
191,45,3.0
191,68,4.5
191,90,5.0
192,49,3.5
192,11,3.5
192,149,5.0
192,134,4.5
192,180,4.5
192,88,5.0
192,157,3.5
192,32,3.5
192,111,4.0
192,117,5.0
192,146,4.5
192,89,3.0
192,74,4.0
192,29,4.5
192,3,2.0
192,128,4.5
192,176,3.5
192,38,3.0
192,120,2.5
192,175,4.0
192,39,4.0
192,197,4.0
192,75,3.0
192,160,4.5
192,143,5.0
192,171,4.0
192,42,4.0
192,78,5.0
192,125,4.5
192,188,3.5
192,17,3.5
192,76,2.5
192,4,3.5
192,191,3.5
192,199,4.0
192,56,3.0
192,73,2.5
192,152,4.5
192,193,3.5
193,111,5.0
193,91,4.0
193,170,2.5
193,1,2.5
193,13,4.5
193,65,5.0
193,36,5.0
193,90,5.0
193,73,3.0
193,129,3.0
193,171,4.5
193,197,5.0
193,144,4.5
193,40,3.5
193,23,3.0
193,183,3.5
193,70,1.0
193,37,3.0
193,188,2.5
193,51,2.5
194,91,4.5
194,64,4.0
194,174,3.5
194,164,5.0
194,99,2.5
194,109,4.0
194,103,4.5
194,26,3.5
194,67,2.5
194,78,5.0
194,153,5.0
194,80,2.5
194,45,5.0
194,145,5.0
194,112,2.5
194,198,4.0
194,83,5.0
194,149,4.5
194,36,4.0
194,175,2.5
194,52,4.0
194,65,4.5
194,35,3.0
194,107,2.5
194,142,5.0
194,180,4.0
194,191,4.0
194,79,3.0
194,22,5.0
194,77,1.5
194,146,4.5
194,161,3.5
194,119,5.0
194,140,3.5
194,47,3.0
194,97,4.5
194,186,2.5
194,25,3.5
194,182,4.5
194,135,4.0
194,114,3.5
194,81,5.0
194,129,3.5
194,92,4.5
194,120,3.0
194,200,5.0
194,110,5.0
194,156,2.0
194,108,4.5
194,106,3.5
195,36,5.0
195,158,3.0
195,78,5.0
195,63,5.0
195,149,4.5
195,132,3.0
195,96,3.5
195,33,4.0
195,159,2.5
195,140,4.0
195,145,5.0
195,76,3.0
195,14,3.5
195,101,2.0
195,193,4.0
195,104,5.0
195,172,4.0
195,2,2.5
195,119,4.5
195,133,4.0
195,118,4.0
195,188,4.0
195,22,5.0
195,15,3.5
195,70,3.0
195,167,3.5
195,28,5.0
195,86,4.0
195,153,5.0
195,25,4.5
195,75,2.0
195,190,5.0
195,124,5.0
195,85,4.5
195,16,5.0
195,32,3.5
195,150,5.0
195,131,4.0
195,179,4.0
195,53,4.5
195,181,5.0
195,37,3.0
195,144,4.5
195,127,3.5
195,35,3.0
195,58,2.5
195,40,3.0
195,198,3.5
195,80,4.5
195,183,3.0
195,125,5.0
195,52,4.5
195,30,3.0
195,18,4.0
195,1,2.0
195,154,5.0
195,31,3.0
195,134,2.5
195,171,5.0
195,64,3.5
195,161,3.5
195,27,2.5
195,122,3.5
195,7,5.0
195,130,3.5
195,114,5.0
195,187,3.5
195,177,4.0
196,48,4.0
196,61,2.5
196,140,4.0
196,67,4.0
196,157,3.0
196,175,3.0
196,113,4.0
196,169,3.5
196,158,3.5
196,32,4.0
196,111,4.0
196,38,4.0
196,163,4.0
196,6,2.5
196,200,4.0
196,37,2.5
196,193,4.5
196,62,3.0
196,44,4.0
196,131,4.5
196,180,4.0
196,198,3.5
196,52,3.0
196,122,3.5
196,123,3.0
196,75,2.5
196,195,5.0
196,171,4.0
196,26,2.5
196,151,3.5
196,127,3.5
196,95,4.5
196,71,3.5
196,101,2.5
196,99,3.5
196,28,3.5
196,119,5.0
196,107,4.0
196,109,4.0
196,189,5.0
196,8,3.0
196,73,3.0
196,118,3.0
196,31,3.5
196,145,5.0
196,100,2.5
196,3,2.0
196,149,3.5
196,78,5.0
196,9,4.5
197,3,3.5
197,41,4.5
197,92,3.5
197,129,3.0
197,197,4.5
197,54,4.0
197,90,4.5
197,181,4.0
197,135,4.0
197,100,2.5
197,132,4.0
197,17,4.5
197,45,4.5
197,168,4.0
197,39,4.5
197,91,3.5
197,187,2.5
197,145,5.0
197,87,5.0
197,118,4.0
197,36,4.0
197,72,4.5
197,169,3.5
197,78,5.0
197,101,2.0
197,18,2.0
197,166,5.0
197,124,3.5
197,97,4.5
197,121,3.0
197,156,3.5
197,178,4.5
197,47,3.0
197,148,4.0
197,130,3.5
197,192,4.5
197,67,4.0
198,90,4.0
198,150,4.5
198,159,2.5
198,104,5.0
198,18,4.5
198,12,4.0
198,8,2.0
198,188,3.0
198,41,4.5
198,60,5.0
198,25,4.0
198,171,3.5
198,28,3.5
198,128,5.0
198,174,3.0
198,122,4.0
198,83,4.5
198,191,3.0
198,61,3.0
198,27,3.5
198,45,5.0
198,99,2.5
198,108,5.0
198,17,2.5
198,16,5.0
198,157,5.0
198,65,3.0
198,30,3.0
198,10,3.0
198,19,2.5
198,114,4.5
198,96,4.5
198,156,2.5
198,162,3.5
198,194,4.5
198,180,4.0
198,184,3.5
198,193,5.0
198,116,5.0
198,97,4.5
198,35,2.0
198,147,3.5
198,143,4.0
198,52,2.5
198,51,2.5
198,186,3.5
198,126,5.0
198,113,3.5
198,74,2.5
198,58,2.5
198,175,3.0
198,42,3.0
198,112,4.0
198,136,4.0
198,50,3.5
198,23,4.0
198,7,4.0
199,36,3.5
199,2,2.0
199,93,4.0
199,105,5.0
199,146,3.0
199,140,3.0
199,19,3.0
199,88,4.0
199,48,5.0
199,175,2.5
199,187,4.0
199,190,4.0
199,165,4.5
199,136,4.0
199,128,4.0
199,49,2.5
199,54,5.0
199,147,3.0
199,122,3.0
199,129,4.0
199,91,5.0
199,92,4.5
199,159,3.5
199,144,5.0
199,200,4.0
199,18,4.5
199,113,3.5
199,110,5.0
199,161,4.5
199,97,4.5
199,194,4.0
199,196,4.0
199,21,2.0
199,33,4.0
199,133,4.5
199,77,3.5
199,26,2.5
199,31,4.0
199,186,3.0
199,60,4.0
199,14,5.0
199,154,4.5
199,139,4.0
199,85,4.5
199,6,3.5
199,58,3.0
199,75,2.5
199,65,4.0
199,100,2.5
199,179,3.5
199,191,2.5
199,41,5.0
199,74,3.5
199,20,3.5
199,137,3.0
199,62,3.5
199,166,4.0
199,181,4.5
199,80,3.5
199,103,5.0
199,15,3.0
199,29,4.5
199,121,3.0
199,68,2.5
199,8,3.0
199,9,5.0
199,87,3.5
199,108,5.0
199,67,5.0
199,52,4.5
199,86,4.5
200,188,3.0
200,85,5.0
200,194,4.0
200,170,3.5
200,16,5.0
200,61,3.0
200,127,4.5
200,19,2.5
200,145,4.5
200,157,4.0
200,180,3.0
200,10,3.0
200,89,1.5
200,193,5.0
200,107,3.0
200,154,4.0
200,191,3.0
200,21,3.0
200,142,4.5
200,123,3.5
200,34,3.5
200,70,2.0
200,11,4.5
200,27,2.5
200,189,4.5
200,128,4.5
200,130,3.5
200,58,3.5
200,167,3.0
200,90,3.5
200,111,4.5
200,181,5.0
200,78,5.0
200,59,5.0
200,6,3.0
200,15,1.5
200,7,3.5
200,51,3.5
200,137,3.0
200,156,3.5
200,98,3.0
200,5,3.5
200,182,3.5
200,124,3.5
200,14,4.5
200,100,3.0
200,97,4.5
200,33,3.5
200,197,4.0
200,110,5.0
200,141,4.5
200,36,3.5
200,30,3.5
200,113,3.5
200,31,4.0
201,15,3.0
201,61,2.5
201,60,4.5
201,24,4.5
201,151,3.5
201,3,2.5
201,59,4.5
201,106,4.0
201,192,5.0
201,138,5.0
201,146,4.0
201,12,4.0
201,4,3.0
201,185,3.5
201,64,3.5
201,200,4.5
201,20,3.0
201,187,4.0
201,33,4.0
201,113,3.0
201,47,3.0
201,73,2.5
201,189,4.0
201,81,4.5
201,90,4.0
201,155,5.0
201,168,4.5
201,63,5.0
201,75,2.0
201,34,5.0
201,156,3.5
201,102,3.5
201,123,3.0
201,32,4.0
201,184,5.0
201,166,4.0
201,65,4.0
201,140,3.0
201,53,4.5
201,127,4.5
201,92,3.5
201,57,5.0
201,114,3.5
201,78,4.0
201,94,4.0
201,142,5.0
201,172,4.5
201,173,3.5
201,135,3.5
201,69,4.0
201,82,3.0
201,139,3.5
201,129,4.0
201,27,2.5
201,14,5.0
201,89,4.0
201,193,4.5
201,125,5.0
201,72,3.5
201,21,3.5
201,162,4.5
201,36,4.5
201,134,3.0
201,198,2.0
201,79,3.0
201,54,5.0
201,167,4.0
201,96,4.0
201,37,3.0
201,10,2.0
201,199,3.0
201,181,4.5
201,117,4.5
201,122,3.5
201,183,5.0
201,195,5.0
201,186,3.5
201,108,5.0
202,99,3.0
202,77,2.5
202,22,5.0
202,16,5.0
202,72,3.5
202,157,4.5
202,200,5.0
202,127,3.0
202,5,3.5
202,98,2.5
202,194,3.5
202,114,3.5
202,12,3.5
202,58,3.0
202,53,3.0
202,191,3.5
202,48,3.5
202,169,3.5
202,111,4.5
202,137,3.5
202,14,5.0
202,170,2.5
202,79,2.5
202,9,4.0
202,139,4.5
202,90,4.5
202,7,4.5
202,156,2.5
202,87,3.5
202,68,4.0
202,152,4.0
202,56,4.0
202,8,3.0
202,88,3.5
202,160,4.0
202,112,3.0
202,110,4.0
202,15,3.5
202,28,3.5
202,142,5.0
202,100,3.5
202,74,4.0
202,181,5.0
202,119,4.0
202,109,4.0
202,147,4.5
202,146,5.0
202,133,3.0
202,67,2.5
202,42,1.5
202,185,4.0
202,120,3.0
202,61,3.5
202,34,4.5
202,4,3.5
202,196,3.5
202,71,4.0
203,76,4.5
203,87,5.0
203,147,2.5
203,102,4.0
203,10,2.5
203,158,3.0
203,71,4.5
203,93,3.0
203,69,3.5
203,169,4.5
203,65,4.0
203,168,5.0
203,156,2.5
203,4,3.5
203,32,3.5
203,79,2.5
203,146,4.5
203,170,3.0
203,83,3.5
203,68,2.5
203,46,4.5
203,114,4.0
203,119,5.0
203,5,2.0
203,113,3.5
203,3,3.0
203,120,3.0
203,196,2.0
203,92,4.0
203,123,2.5
203,164,5.0
203,143,4.0
203,56,3.0
203,105,4.5
203,15,2.0
203,149,4.0
203,21,2.0
203,194,3.0
203,157,5.0
203,142,4.0
203,81,4.5
203,17,4.0
203,176,3.0
203,47,2.5
203,67,3.5
203,163,4.0
203,188,2.5
203,127,3.5
203,33,3.0
203,59,4.0
203,45,4.0
203,38,3.0
203,13,4.0
203,60,4.0
204,176,3.0
204,130,4.0
204,113,3.0
204,149,4.0
204,82,3.5
204,11,5.0
204,142,3.5
204,184,4.5
204,59,4.5
204,16,4.5
204,183,2.0
204,67,3.5
204,66,4.5
204,5,3.5
204,174,2.5
204,91,3.5
204,139,5.0
204,12,3.5
204,154,4.5
204,61,3.0
204,90,4.0
204,28,4.0
204,20,3.5
204,199,3.5
204,114,5.0
204,29,4.5
204,131,3.5
204,178,4.0
204,181,5.0
204,53,4.5
204,84,4.0
205,110,5.0
205,73,2.0
205,37,2.5
205,7,5.0
205,84,5.0
205,156,2.0
205,93,3.5
205,86,4.5
205,105,5.0
205,167,3.0
205,96,4.0
205,121,3.0
205,76,4.0
205,160,5.0
205,8,3.5
205,42,4.0
205,95,5.0
205,12,3.0
205,75,3.0
205,39,5.0
205,152,4.0
205,197,5.0
205,28,3.0
205,195,4.5
205,55,4.0
205,81,4.5
205,131,4.5
205,174,3.5
205,149,4.5
205,89,2.0
205,56,2.5
205,97,5.0
205,150,3.5
205,9,5.0
205,181,5.0
205,98,3.5
205,21,3.0
205,20,2.5
205,58,3.5
205,145,5.0
205,129,4.5
205,148,3.5
205,141,5.0
205,108,4.5
205,138,4.0
205,32,4.0
205,136,2.5
205,14,3.0
205,189,4.0
205,135,2.5
205,134,3.5
205,113,4.5
205,82,3.0
205,69,2.0
205,50,3.5
205,188,4.5
205,63,4.5
205,85,4.5
205,144,4.5
205,194,5.0
205,60,4.5
206,105,4.0
206,93,4.5
206,21,4.0
206,91,4.5
206,144,5.0
206,130,4.5
206,20,4.0
206,199,3.0
206,168,4.0
206,124,3.5
206,155,5.0
206,59,4.0
206,115,4.0
206,108,5.0
206,189,5.0
206,146,4.5
206,33,5.0
206,138,4.0
206,63,5.0
206,200,5.0
206,173,4.0
206,150,4.5
206,171,4.0
206,36,4.5
206,156,2.5
206,67,3.5
206,74,4.5
206,88,4.5
206,81,4.5
206,31,3.5
206,198,3.5
206,181,5.0
206,187,4.0
206,195,5.0
206,38,3.5
206,148,3.5
206,127,4.5
206,162,3.5
206,51,3.5
206,47,3.5
206,117,4.5
206,4,3.5
206,43,3.5
206,178,3.5
206,192,4.5
206,68,3.0
206,142,4.0
206,121,3.0
206,26,3.0
206,184,4.0
206,9,3.5
206,111,5.0
206,7,5.0
206,158,4.0
206,19,4.0
206,34,3.0
206,132,4.0
206,136,3.0
206,100,3.0
206,109,4.0
206,197,4.5
206,151,4.5
206,103,4.0
206,62,4.0
206,76,4.0
206,157,4.0
207,28,3.5
207,185,5.0
207,12,2.5
207,19,3.5
207,190,5.0
207,91,3.0
207,115,4.5
207,105,5.0
207,162,3.5
207,116,5.0
207,196,4.0
207,112,2.5
207,75,3.0
207,123,3.0
207,180,4.0
207,35,3.0
207,47,3.5
207,151,4.5
207,131,4.5
207,22,4.5
207,39,5.0
207,2,2.5
207,152,4.0
207,178,3.5
207,95,4.5
207,173,5.0
207,167,3.0
207,117,4.0
207,98,2.0
207,83,3.5
207,113,3.5
207,46,2.5
207,182,5.0
207,183,3.5
207,72,4.0
207,25,4.5
207,60,5.0
207,77,2.5
207,127,4.0
207,88,3.5
207,13,4.5
207,145,4.5
207,133,4.0
207,135,5.0
207,149,5.0
207,168,3.0
207,110,4.5
207,74,3.5
207,171,4.5
207,99,2.5
207,82,3.0
207,169,2.5
207,37,2.5
207,11,4.5
207,54,3.5
207,111,5.0
207,158,2.5
207,166,5.0
207,81,4.5
208,31,3.0
208,74,3.5
208,71,4.0
208,125,4.0
208,113,4.0
208,58,3.5
208,44,4.5
208,199,3.5
208,67,3.0
208,156,4.0
208,28,5.0
208,60,4.0
208,171,4.0
208,72,3.5
208,37,3.0
208,25,3.0
208,53,4.0
208,142,5.0
208,131,5.0
208,194,3.0
208,8,4.0
208,154,5.0
208,11,3.5
208,139,4.5
208,138,3.5
208,50,2.5
208,2,3.5
208,126,5.0
208,7,3.5
208,95,4.5
209,114,4.0
209,134,4.0
209,33,4.0
209,117,4.0
209,76,4.5
209,29,4.0
209,184,4.0
209,181,5.0
209,31,3.0
209,200,4.5
209,111,4.5
209,127,3.5
209,68,3.0
209,23,3.5
209,36,4.5
209,72,4.5
209,172,4.0
209,30,3.5
209,91,4.0
209,21,3.5
209,57,5.0
209,20,3.5
209,84,4.5
209,41,4.0
209,130,4.0
209,86,3.5
209,71,4.0
209,197,4.5
209,162,2.5
209,132,2.5
209,19,4.0
209,81,4.5
209,10,3.0
209,190,4.5
209,26,3.0
209,199,3.0
209,82,3.0
209,49,4.0
209,143,4.0
209,161,4.0
209,168,4.0
209,3,3.0
209,63,4.5
209,186,4.0
209,151,4.0
209,97,5.0
209,180,3.0
209,51,3.0
209,188,3.0
209,121,3.5
209,39,4.0
209,125,5.0
209,48,5.0
209,128,4.0
209,73,2.5
209,34,3.5
209,153,5.0
209,187,3.0
209,133,5.0
209,55,3.5
209,1,2.0
209,112,2.5
209,18,3.5
209,126,5.0
209,54,4.0
209,46,2.5
210,158,4.0
210,98,3.0
210,162,4.0
210,150,4.5
210,61,2.5
210,164,4.5
210,90,4.0
210,124,4.5
210,136,2.5
210,169,2.5
210,47,4.0
210,77,4.0
210,60,5.0
210,75,3.5
210,172,4.0
210,125,3.0
210,126,5.0
210,198,3.5
210,101,3.0
210,154,4.5
210,92,4.5
210,140,3.0
210,193,4.0
210,76,3.0
210,25,4.0
210,57,4.5
210,29,3.5
210,74,3.0
210,108,5.0
210,115,3.0
210,84,4.5
210,64,5.0
210,109,5.0
210,30,4.0
210,46,4.0
210,119,5.0
211,33,4.0
211,199,3.5
211,124,5.0
211,126,5.0
211,154,3.0
211,106,4.0
211,176,3.0
211,61,2.0
211,8,3.5
211,75,3.0
211,69,2.5
211,130,3.5
211,56,4.0
211,105,4.0
211,16,5.0
211,144,3.5
211,83,5.0
211,67,3.5
211,173,4.5
211,82,2.0
211,195,5.0
211,101,3.5
211,114,4.0
211,109,4.5
211,103,3.5
211,183,4.5
211,14,4.0
211,190,5.0
211,125,3.5
211,57,4.5
211,87,5.0
211,163,2.0
211,12,2.0
211,79,3.5
211,115,3.5
211,187,2.5
211,171,5.0
211,147,3.0
211,43,4.5
211,138,4.5
211,53,3.0
211,29,4.0
211,158,3.5
211,157,4.5
211,85,5.0
211,34,3.5
211,139,4.5
211,6,2.5
211,153,4.0
211,98,2.0
211,24,3.5
211,86,4.0
211,91,3.5
211,142,4.5
211,17,4.0
211,13,4.5
211,133,4.5
211,54,4.0
211,93,4.0
211,161,4.5
211,51,3.5
211,41,5.0
211,141,4.0
211,102,5.0
211,59,4.5
212,56,3.5
212,142,5.0
212,188,2.0
212,64,4.0
212,4,2.5
212,10,3.5
212,6,2.5
212,135,3.5
212,27,3.0
212,129,3.0
212,102,5.0
212,125,3.5
212,11,3.0
212,41,5.0
212,73,2.5
212,78,3.5
212,7,4.0
212,59,3.5
212,162,4.0
212,177,4.5
212,197,4.0
212,9,4.0
212,70,2.5
212,32,3.5
212,97,4.5
212,168,4.5
212,103,4.0
212,34,4.0
212,178,4.0
212,22,5.0
212,20,3.5
212,19,3.0
212,130,4.5
212,107,2.5
212,194,4.0
212,196,3.0
212,139,4.5
212,155,3.5
212,39,5.0
212,25,3.5
212,151,4.5
212,101,3.0
212,50,2.5
212,156,3.5
212,80,4.5
212,83,4.0
213,52,4.0
213,26,3.0
213,68,3.5
213,168,4.5
213,148,4.5
213,121,2.0
213,97,4.5
213,75,3.0
213,110,4.5
213,24,5.0
213,57,5.0
213,105,5.0
213,144,5.0
213,72,3.5
213,124,5.0
213,73,4.0
213,180,5.0
213,137,3.5
213,130,3.5
213,63,4.5
213,98,3.5
213,5,2.5
213,128,4.5
213,101,2.5
213,96,4.0
213,140,3.5
213,28,4.5
213,116,4.0
213,58,3.5
213,196,4.0
213,7,4.5
213,102,4.5
213,60,5.0
213,115,4.0
213,95,4.5
213,123,3.0
213,145,4.5
213,174,3.5
213,80,3.5
213,86,2.5
213,37,3.0
213,22,5.0
213,25,5.0
213,188,3.0
213,44,4.5
213,54,3.5
213,126,5.0
213,152,4.0
213,64,5.0
214,122,2.5
214,134,3.5
214,186,3.5
214,146,4.5
214,195,5.0
214,60,4.5
214,16,4.5
214,127,4.0
214,65,4.5
214,106,3.0
214,80,3.0
214,87,3.5
214,39,4.0
214,10,4.0
214,83,4.5
214,177,4.0
214,145,5.0
214,154,4.0
214,105,5.0
214,2,2.5
214,69,4.0
214,185,3.0
214,54,4.0
214,144,3.0
214,126,4.5
214,140,4.5
214,128,4.0
214,81,4.0
214,167,4.0
214,61,3.0
214,198,3.5
214,119,5.0
214,124,3.5
214,132,4.0
214,143,5.0
214,21,3.0
214,27,1.5
214,109,4.5
214,20,4.0
214,97,4.0
214,33,5.0
214,4,3.5
214,42,3.0
214,199,3.5
214,32,3.0
214,43,4.5
214,51,3.5
214,113,4.5
214,30,4.5
214,187,2.5
214,163,1.5
214,193,4.0
214,44,3.5
214,135,3.5
214,125,4.5
214,36,5.0
214,141,5.0
214,108,5.0
214,103,3.0
215,76,4.0
215,185,4.5
215,174,3.5
215,70,2.0
215,134,3.0
215,83,3.5
215,158,2.0
215,96,3.0
215,145,4.0
215,167,3.5
215,43,4.0
215,37,2.5
215,75,2.5
215,196,1.5
215,176,4.5
215,53,3.5
215,194,4.0
215,183,2.5
215,193,4.5
215,133,3.5
215,155,4.0
215,65,4.0
215,121,4.0
215,119,5.0
215,54,4.0
215,85,4.0
215,35,1.5
215,190,4.5
215,135,3.5
215,122,4.0
215,3,1.5
215,82,2.5
215,107,3.0
215,46,3.0
215,39,4.5
215,178,3.5
215,18,4.0
215,2,2.0
215,80,4.0
215,49,3.0
215,52,3.5
215,25,4.5
215,138,5.0
215,118,4.5
215,175,1.5
215,159,4.0
215,16,5.0
216,58,4.0
216,89,3.5
216,161,5.0
216,4,4.0
216,50,3.5
216,71,5.0
216,73,3.0
216,110,3.5
216,150,4.5
216,187,3.5
216,79,3.0
216,95,4.0
216,160,4.0
216,104,4.5
216,66,4.0
216,144,5.0
216,139,4.5
216,165,5.0
216,169,3.5
216,52,2.5
216,20,3.5
216,152,3.5
216,40,4.0
216,27,3.0
216,56,4.0
216,72,4.0
216,46,3.0
216,68,2.5
216,145,5.0
216,177,4.0
216,33,5.0
216,134,3.0
216,151,4.5
216,166,5.0
216,99,3.0
216,85,5.0
216,148,3.5
216,179,3.0
216,155,5.0
216,195,4.5
216,158,4.0
216,122,3.0
216,54,4.0
216,44,4.0
216,1,3.0
216,60,4.5
216,176,3.5
216,24,4.5
216,38,3.5
216,37,3.0
216,43,5.0
216,159,3.0
216,156,2.5
216,83,4.0
216,180,4.5
216,14,3.5
216,36,4.0
216,131,4.5
216,113,4.5
216,109,4.5
216,121,2.5
216,84,5.0
216,78,5.0
216,129,3.5
216,31,3.0
216,62,4.5
216,101,3.5
216,97,4.0
216,167,3.0
216,149,4.5
216,91,4.0
216,80,2.5
216,82,2.5
216,173,4.0
216,11,4.5
216,114,4.0
217,37,3.0
217,112,4.0
217,144,5.0
217,114,4.0
217,126,5.0
217,178,3.0
217,65,5.0
217,176,3.0
217,31,2.5
217,143,4.0
217,199,3.0
217,167,3.5
217,90,3.5
217,46,4.0
217,7,4.5
217,94,3.5
217,120,2.0
217,172,4.0
217,89,2.5
217,109,5.0
217,55,5.0
217,158,3.5
217,198,3.0
217,49,2.5
217,98,3.5
217,96,4.5
217,187,3.5
217,3,3.5
217,51,4.0
217,197,5.0
217,93,2.0
217,135,3.5
217,50,3.5
217,2,2.0
217,151,3.5
217,80,3.0
217,85,4.5
217,25,3.5
217,95,5.0
217,194,5.0
217,129,4.0
217,4,3.0
217,156,2.0
217,70,3.5
217,9,4.5
217,71,4.5
217,123,3.5
217,102,5.0
217,12,3.5
217,161,4.5
217,155,4.5
217,15,1.5
217,147,3.5
217,8,3.0
217,121,3.0
217,117,3.5
217,196,3.5
217,45,3.5
217,122,3.5
217,140,3.5
217,27,1.5
217,10,2.5
217,162,4.0
217,148,3.5
217,40,3.5
218,31,3.5
218,15,3.0
218,114,3.0
218,164,5.0
218,182,3.5
218,16,5.0
218,81,5.0
218,25,3.5
218,140,2.5
218,72,3.5
218,50,3.5
218,168,3.5
218,158,4.5
218,5,3.0
218,86,4.0
218,173,3.5
218,82,2.5
218,196,3.5
218,44,3.5
218,151,4.0
218,94,3.5
218,133,4.5
218,4,3.0
218,171,4.5
218,104,4.5
218,107,2.5
218,177,4.5
218,172,3.5
218,195,3.0
218,17,4.0
218,190,3.5
218,129,3.0
218,38,3.5
218,69,3.0
218,22,5.0
218,45,5.0
218,198,3.0
218,12,3.5
218,71,4.0
218,156,4.0
218,51,3.5
218,130,4.5
218,105,5.0
218,165,4.5
218,1,2.5
218,80,3.5
219,146,2.5
219,179,3.5
219,23,4.0
219,145,5.0
219,119,3.5
219,198,2.5
219,30,3.0
219,24,4.5
219,47,3.0
219,187,3.5
219,195,5.0
219,48,4.0
219,82,3.5
219,152,4.0
219,161,4.5
219,6,3.0
219,44,5.0
219,3,3.5
219,56,3.0
219,164,4.5
219,96,4.5
219,118,3.5
219,21,4.0
219,64,4.5
219,79,1.5
219,175,3.5
219,165,4.0
219,49,3.5
219,34,4.5
219,80,3.5
219,14,5.0
219,98,2.5
219,74,3.5
219,46,3.5
219,72,3.5
219,36,4.5
219,197,4.0
219,81,4.5
219,106,2.5
219,58,3.0
219,173,5.0
219,70,3.5
219,52,4.0
219,167,3.0
219,76,3.0
219,67,3.5
219,113,4.5
219,68,4.0
219,193,4.5
220,162,3.5
220,176,3.0
220,44,3.5
220,10,3.5
220,150,4.5
220,99,3.0
220,40,4.5
220,138,4.0
220,146,4.0
220,54,4.5
220,180,4.0
220,112,2.5
220,89,2.5
220,166,4.0
220,175,4.5
220,74,3.5
220,191,2.5
220,88,5.0
220,190,5.0
220,129,4.0
220,142,5.0
220,69,3.0
220,24,3.5
220,132,3.5
220,184,4.5
220,67,3.0
220,56,4.0
220,120,2.0
220,186,4.5
220,9,3.5
220,30,2.5
220,133,3.5
220,200,5.0
220,48,5.0
220,122,3.0
220,36,4.0
220,173,4.0
220,151,4.0
220,83,5.0
220,96,4.0
220,145,5.0
220,97,5.0
220,163,2.5
220,171,4.0
220,168,5.0
220,27,4.0
220,92,3.5
220,3,3.0
221,166,4.5
221,26,3.0
221,48,4.0
221,92,3.5
221,79,2.5
221,42,3.0
221,120,3.5
221,140,3.0
221,198,2.5
221,6,2.0
221,113,4.5
221,158,4.5
221,117,4.5
221,152,3.5
221,148,4.5
221,178,5.0
221,112,3.0
221,103,3.5
221,122,2.5
221,63,4.0
221,65,4.5
221,96,3.5
221,154,4.5
221,87,4.5
221,124,3.5
221,174,2.5
221,183,4.5
221,77,3.5
221,11,5.0
221,60,5.0
221,130,3.0
221,28,5.0
221,108,5.0
221,110,4.5
221,69,3.0
221,186,2.0
221,175,4.5
221,187,3.5
221,8,3.0
221,195,5.0
221,132,3.0
222,135,3.0
222,51,4.0
222,146,3.0
222,193,4.5
222,36,4.5
222,34,3.5
222,170,3.0
222,86,3.0
222,14,3.0
222,24,4.5
222,80,4.0
222,37,2.0
222,89,3.0
222,118,3.0
222,102,4.5
222,43,3.5
222,187,3.0
222,1,3.5
222,169,3.5
222,38,3.0
222,52,3.5
222,45,4.5
222,78,5.0
222,79,3.0
222,21,4.0
222,48,5.0
222,61,3.0
222,53,4.0
222,112,3.0
222,191,4.0
222,63,5.0
222,40,4.5
222,143,3.5
222,96,3.0
222,2,2.0
222,123,4.5
222,41,3.5
222,188,3.5
222,26,3.0
222,121,3.5
222,141,5.0
222,101,2.0
222,55,3.5
222,161,3.5
222,97,4.5
222,119,4.5
222,194,4.0
222,25,4.5
222,100,2.5
222,33,5.0
222,82,4.0
222,35,3.0
222,103,3.5
222,84,4.5
222,73,2.0
222,109,5.0
222,159,3.5
222,137,3.0
222,19,2.5
222,163,1.5
222,126,4.5
222,7,5.0
222,57,5.0
222,46,3.0
222,174,3.5
222,95,5.0
222,93,4.5
222,88,3.0
222,129,2.5
222,183,5.0
222,186,5.0
222,20,3.5
222,59,3.5
222,18,5.0
222,64,4.5
222,153,4.0
222,6,4.0
222,28,4.5
222,39,4.0
222,56,3.0
223,47,3.5
223,109,5.0
223,39,5.0
223,73,3.5
223,80,3.5
223,100,3.0
223,173,2.5
223,124,4.0
223,9,4.5
223,67,3.5
223,108,5.0
223,46,2.5
223,42,4.0
223,102,5.0
223,175,4.0
223,133,2.5
223,28,4.0
223,120,2.5
223,22,4.0
223,89,2.0
223,176,3.0
223,26,3.0
223,168,3.0
223,104,5.0
223,4,3.5
223,188,3.0
223,82,3.5
223,33,3.0
223,148,3.5
223,130,3.5
223,99,4.0
223,117,4.0
223,3,3.0
223,125,3.5
223,103,4.5
223,199,4.5
223,14,4.5
223,78,4.5
223,165,5.0
223,191,3.5
223,30,3.5
223,155,5.0
223,116,5.0
223,129,3.5
223,96,4.0
223,122,3.0
223,86,3.0
223,137,2.5
223,94,3.5
223,29,2.5
223,189,5.0
223,162,1.5
223,153,5.0
223,170,4.0
223,21,3.0
223,198,3.0
223,2,3.0
223,87,4.5
223,161,4.5
223,51,3.5
223,132,2.5
224,126,5.0
224,118,3.5
224,94,3.5
224,13,5.0
224,154,4.5
224,176,3.0
224,95,5.0
224,65,4.5
224,109,5.0
224,87,5.0
224,173,5.0
224,76,4.0
224,7,4.5
224,139,5.0
224,69,3.0
224,46,4.0
224,189,4.5
224,92,3.5
224,107,4.0
224,5,3.5
224,115,4.5
224,84,3.0
224,77,3.0
224,163,3.0
224,10,2.5
224,153,4.0
224,29,3.5
225,45,4.0
225,22,3.5
225,137,3.5
225,25,5.0
225,33,4.5
225,187,4.0
225,38,4.0
225,163,3.5
225,127,4.5
225,111,4.0
225,71,4.0
225,89,3.0
225,118,4.0
225,177,4.5
225,159,4.5
225,63,5.0
225,135,3.5
225,146,3.5
225,188,5.0
225,11,4.0
225,20,3.5
225,84,4.5
225,96,3.5
225,10,3.0
225,194,4.5
225,156,2.0
225,164,4.0
225,26,4.0
225,98,3.0
225,132,3.5
225,21,4.0
225,87,5.0
225,174,2.0
225,78,4.5
225,109,4.5
226,111,4.5
226,30,3.0
226,50,2.5
226,147,4.0
226,67,3.0
226,78,5.0
226,158,2.5
226,132,2.5
226,139,4.0
226,63,5.0
226,178,3.5
226,13,4.5
226,96,3.5
226,197,4.0
226,122,3.0
226,56,3.0
226,112,2.5
226,71,4.5
226,177,3.5
226,48,5.0
226,183,4.0
226,129,3.5
226,172,3.5
226,12,3.5
226,155,5.0
226,103,4.5
226,47,4.0
226,73,3.5
226,70,3.0
226,2,2.5
226,105,5.0
226,54,4.0
226,5,3.0
226,107,4.0
226,34,4.0
226,180,4.5
226,69,4.0
226,119,4.0
226,154,4.5
226,82,3.0
226,25,3.5
226,57,5.0
226,58,3.0
226,168,4.5
226,84,4.5
226,159,3.0
226,17,4.0
226,74,3.5
226,118,3.5
226,151,4.5
226,108,5.0
226,85,5.0
226,192,4.5
226,100,2.0
226,186,4.0
226,143,5.0
226,4,4.5
226,88,4.0
226,145,5.0
226,161,4.5
226,89,3.0
226,114,3.5
226,39,4.5
226,163,4.5
226,128,4.0
226,169,3.0
226,44,4.0
226,187,3.5
226,66,4.0
226,104,4.5
226,9,5.0
226,21,2.5
226,125,5.0
227,78,4.5
227,75,2.0
227,193,4.5
227,81,4.5
227,116,4.0
227,173,3.5
227,120,3.0
227,8,3.5
227,40,4.5
227,160,5.0
227,150,5.0
227,43,4.0
227,191,3.0
227,91,3.5
227,145,4.5
227,111,4.5
227,107,3.5
227,6,4.0
227,73,3.0
227,143,4.0
227,126,4.0
227,61,3.0
227,97,5.0
227,138,2.5
227,34,3.5
227,178,3.5
227,156,2.5
227,32,3.0
227,25,3.5
227,102,4.5
227,56,3.5
227,55,3.5
227,29,3.5
227,147,3.0
227,199,3.5
227,46,3.5
227,41,4.0
227,103,5.0
227,141,4.5
227,105,5.0
227,187,3.5
227,170,1.5
227,108,5.0
228,171,4.5
228,176,3.5
228,163,2.5
228,196,3.5
228,198,3.0
228,82,3.0
228,129,4.0
228,138,4.5
228,137,3.5
228,101,3.5
228,58,3.0
228,104,4.0
228,127,3.5
228,119,3.0
228,74,3.0
228,116,4.5
228,41,4.5
228,46,3.0
228,103,4.0
228,186,2.5
228,1,2.5
228,192,3.5
228,86,3.0
228,187,3.0
228,168,5.0
228,45,4.5
229,108,5.0
229,200,4.5
229,106,3.0
229,49,3.0
229,163,3.0
229,8,2.0
229,159,4.0
229,58,2.5
229,36,5.0
229,157,4.5
229,194,3.5
229,129,4.0
229,21,2.5
229,154,3.0
229,147,3.0
229,105,5.0
229,6,3.5
229,84,5.0
229,191,4.0
229,64,4.0
229,43,4.0
229,146,4.5
229,161,4.5
229,121,2.5
229,176,2.0
229,24,5.0
229,95,5.0
229,184,4.5
229,187,3.5
229,168,4.0
229,100,3.0
229,142,5.0
229,131,4.0
229,50,2.0
229,42,3.0
229,118,3.0
229,174,4.0
229,62,4.5
229,45,4.0
229,177,3.5
229,52,3.0
229,83,4.5
229,34,4.0
229,76,3.5
229,17,3.5
229,195,4.0
229,53,4.5
229,148,2.5
229,119,4.0
229,165,4.0
229,63,5.0
229,114,3.5
229,196,3.5
229,46,3.0
229,152,4.5
229,189,5.0
229,29,4.0
229,85,4.5
229,41,4.0
229,150,4.5
229,179,3.0
230,175,3.5
230,174,3.5
230,105,5.0
230,134,4.0
230,121,4.0
230,99,3.0
230,19,3.5
230,107,3.0
230,67,4.0
230,184,5.0
230,138,4.5
230,31,3.0
230,191,3.0
230,156,2.0
230,166,4.5
230,137,4.0
230,183,3.5
230,7,5.0
230,113,4.0
230,124,4.5
230,16,5.0
230,75,1.0
231,131,4.0
231,162,3.0
231,167,3.0
231,113,4.0
231,110,5.0
231,32,4.0
231,27,3.0
231,38,2.5
231,68,3.0
231,149,5.0
231,29,3.5
231,185,3.0
231,44,5.0
231,94,4.5
231,106,4.5
231,169,3.5
231,87,5.0
231,37,4.5
231,63,4.0
231,124,5.0
231,54,5.0
231,192,5.0
231,25,4.0
231,85,5.0
231,165,5.0
231,19,2.0
231,118,4.5
231,126,4.5
231,182,5.0
231,67,3.5
231,88,5.0
231,76,4.5
231,114,4.5
231,177,4.5
231,116,4.5
231,171,3.0
231,146,4.5
231,71,4.0
231,153,4.5
231,10,2.5
231,36,4.0
231,193,5.0
231,134,4.0
231,74,3.0
231,7,5.0
231,57,5.0
231,95,5.0
231,145,4.5
231,93,4.0
231,75,2.5
231,79,3.0
231,41,5.0
231,164,4.0
231,150,5.0
231,122,3.5
231,197,4.5
231,189,5.0
231,40,4.0
231,33,4.5
231,159,3.5
231,151,4.0
231,99,3.5
231,66,4.0
231,59,5.0
231,8,2.5
232,4,2.5
232,67,3.0
232,94,3.0
232,185,5.0
232,131,3.5
232,191,5.0
232,133,4.5
232,104,5.0
232,123,4.0
232,159,3.0
232,44,5.0
232,89,2.0
232,165,4.5
232,40,3.0
232,151,4.5
232,129,3.0
232,81,4.5
232,134,3.0
232,96,3.0
232,97,4.5
232,125,4.0
232,166,4.5
232,190,4.0
232,135,3.5
232,124,5.0
232,45,4.5
232,176,2.5
232,98,2.5
232,200,5.0
232,17,3.5
232,88,4.0
232,58,3.0
232,80,4.0
232,53,4.0
232,169,4.0
232,39,4.5
232,72,3.0
232,156,4.0
232,31,2.0
232,51,3.5
232,92,4.0
232,128,5.0
232,118,4.5
232,146,5.0
232,172,3.5
232,177,5.0
232,59,5.0
232,52,4.0
232,198,3.5
232,9,4.0
232,103,4.0
232,26,3.0
232,85,5.0
232,130,3.5
232,18,4.0
232,70,3.5
232,142,2.5
233,146,4.5
233,134,3.5
233,64,5.0
233,63,4.5
233,66,3.5
233,190,4.5
233,47,3.5
233,177,3.5
233,167,3.5
233,197,4.5
233,59,3.0
233,193,3.5
233,184,5.0
233,117,5.0
233,46,3.5
233,11,4.0
233,156,2.5
233,69,3.0
233,142,5.0
233,72,3.5
233,24,4.5
233,49,2.5
233,17,4.0
233,34,3.5
233,199,3.5
233,78,3.5
233,16,4.0
233,54,4.5
233,195,4.0
233,191,4.5
233,150,3.5
233,149,4.0
233,123,3.5
233,119,4.5
233,26,2.0
233,138,3.5
233,14,3.0
233,82,3.0
233,19,4.0
233,51,3.5
233,168,5.0
233,30,3.5
233,114,5.0
233,22,2.5
233,122,3.5
233,161,5.0
233,166,4.5
233,139,5.0
234,3,4.0
234,149,4.0
234,111,4.0
234,29,3.5
234,185,4.5
234,114,3.5
234,165,4.5
234,50,2.0
234,151,4.5
234,163,3.5
234,158,2.5
234,117,5.0
234,1,3.0
234,65,5.0
234,105,4.5
234,154,5.0
234,70,3.0
234,127,4.0
234,162,4.5
234,46,3.0
234,85,5.0
234,130,3.5
234,124,5.0
234,132,2.0
234,73,3.0
234,166,4.5
234,77,2.5
234,68,4.0
234,137,3.0
234,64,4.0
234,88,3.5
234,71,3.5
234,144,5.0
234,129,3.5
234,80,4.0
234,161,5.0
234,113,3.5
234,197,4.5
234,47,2.5
234,125,5.0
234,2,3.0
234,82,3.5
234,131,4.0
234,121,3.0
234,183,3.5
234,42,4.5
234,181,4.0
234,17,4.0
234,198,3.0
234,78,5.0
234,25,3.5
234,195,5.0
234,170,3.5
234,138,4.5
234,182,4.5
234,193,2.5
235,79,3.0
235,129,2.5
235,200,5.0
235,82,4.0
235,136,2.5
235,121,3.0
235,27,3.0
235,176,4.0
235,77,3.0
235,157,5.0
235,54,4.5
235,147,4.0
235,173,4.5
235,40,4.5
235,83,3.0
235,41,4.5
235,50,3.0
235,102,5.0
235,44,4.0
235,185,3.5
235,191,3.5
235,170,2.5
235,181,4.0
235,84,4.5
235,133,4.0
235,122,4.0
235,168,5.0
235,153,4.0
235,107,2.0
235,69,3.5
235,59,4.0
235,68,2.5
235,195,4.5
236,91,4.0
236,191,2.5
236,81,5.0
236,116,3.5
236,79,3.0
236,109,4.5
236,145,5.0
236,101,4.0
236,107,3.5
236,2,1.5
236,104,5.0
236,15,4.0
236,105,5.0
236,200,5.0
236,166,5.0
236,36,3.0
236,117,4.0
236,71,5.0
236,5,2.5
236,181,5.0
236,52,3.5
236,54,4.0
236,170,3.0
236,66,3.5
236,76,3.5
236,96,3.0
236,7,5.0
236,83,5.0
236,110,5.0
236,98,2.5
236,84,3.5
236,143,4.0
236,144,5.0
236,180,4.5
236,56,4.0
236,159,4.0
236,129,4.0
236,113,4.0
236,183,4.0
236,28,4.0
236,20,2.5
236,63,5.0
236,42,4.0
236,178,3.0
236,123,4.0
236,152,4.5
236,121,3.0
236,12,2.5
236,100,3.0
236,125,3.5
236,64,4.5
236,72,4.0
236,97,4.0
236,16,4.5
236,26,3.5
236,189,5.0
236,88,4.5
236,162,4.5
236,138,4.0
236,95,5.0
236,163,2.5
236,73,3.5
236,29,3.5
236,154,4.5
236,35,2.5
236,19,4.0
237,39,3.5
237,151,2.5
237,77,3.0
237,147,4.0
237,52,4.0
237,144,5.0
237,23,4.0
237,113,3.5
237,63,3.0
237,84,4.0
237,197,4.5
237,140,3.5
237,170,3.0
237,67,4.0
237,143,4.5
237,136,3.5
237,75,4.0
237,177,4.5
237,6,2.5
237,36,4.5
237,18,2.5
237,81,4.5
237,93,4.0
237,115,5.0
237,55,4.0
237,48,4.5
237,83,3.5
237,120,2.5
237,59,3.5
237,118,3.5
237,178,3.5
237,86,4.0
237,51,3.5
237,187,3.5
237,66,3.5
237,155,4.0
237,182,4.5
237,181,5.0
237,31,3.5
237,106,3.5
237,110,4.0
237,102,4.5
237,125,3.5
237,13,4.5
237,185,5.0
237,16,5.0
237,132,3.0
237,96,4.0
237,5,3.5
237,145,4.5
237,112,3.5
237,9,3.0
237,130,4.5
237,191,4.0
237,138,3.5
237,126,3.5
237,73,2.5
237,169,3.5
237,180,5.0
237,20,4.0
237,24,3.5
237,29,3.5
237,137,3.0
237,41,4.5
237,154,4.0
237,194,4.5
237,173,4.0
237,49,2.5
237,19,3.0
237,111,5.0
237,71,5.0
237,134,3.5
237,116,4.0
237,114,4.5
237,193,4.5
238,166,4.5
238,148,3.5
238,87,4.5
238,117,4.0
238,136,4.5
238,178,4.0
238,190,3.5
238,111,4.0
238,6,2.5
238,103,5.0
238,199,3.0
238,76,4.0
238,2,2.5
238,160,5.0
238,100,3.5
238,5,3.0
238,3,2.5
238,58,4.0
238,83,5.0
238,110,5.0
238,39,5.0
238,67,3.5
238,183,5.0
238,150,4.5
238,173,4.5
238,84,3.5
238,137,2.5
238,118,3.0
238,168,5.0
238,171,3.0
238,52,3.5
239,38,1.5
239,53,3.5
239,79,2.5
239,47,4.0
239,26,3.0
239,7,4.5
239,137,4.0
239,155,4.5
239,11,4.0
239,33,3.5
239,139,3.5
239,90,4.0
239,18,4.0
239,84,4.5
239,81,5.0
239,59,5.0
239,169,1.5
239,54,4.5
239,52,2.5
239,78,4.5
239,42,2.5
239,109,4.5
239,70,1.5
239,60,5.0
239,56,3.0
239,91,4.5
239,195,5.0
239,36,3.5
239,113,4.0
239,32,2.0
239,97,4.5
239,174,4.0
239,114,4.5
239,183,4.0
239,98,3.0
239,13,5.0
239,115,5.0
239,172,3.5
239,103,3.0
239,51,3.5
239,199,3.0
239,166,5.0
239,152,3.0
239,171,4.0
239,24,5.0
239,45,4.0
239,130,3.0
239,149,5.0
239,133,2.5
239,157,4.0
239,180,4.0
239,167,3.5
239,31,3.0
239,126,5.0
239,92,4.5
239,82,3.0
239,107,3.0
239,49,2.5
239,153,5.0
239,156,2.0
239,154,5.0
239,93,3.5
239,123,3.5
239,66,4.5
239,131,4.0
239,29,4.5
239,117,4.5
239,5,3.0
239,2,3.0
240,80,4.0
240,17,4.5
240,112,3.5
240,167,3.5
240,77,2.0
240,59,5.0
240,180,3.5
240,22,5.0
240,197,4.5
240,165,3.5
240,100,2.5
240,121,3.5
240,5,4.5
240,71,4.0
240,166,4.5
240,83,3.0
240,12,4.0
240,37,2.5
240,64,5.0
240,46,3.0
240,145,5.0
240,3,3.5
240,33,5.0
240,133,4.0
240,40,4.5
240,36,4.5
240,189,5.0
240,10,3.0
240,16,5.0
240,153,5.0
240,54,5.0
240,76,3.0
240,96,4.0
240,159,3.5
240,107,2.0
240,41,5.0
240,108,5.0
240,45,4.5
240,163,3.0
240,177,3.5
240,39,4.5
240,47,3.0
240,94,4.0
241,128,4.5
241,53,4.5
241,79,2.5
241,104,5.0
241,161,5.0
241,96,4.5
241,68,3.5
241,160,5.0
241,83,3.5
241,8,2.5
241,7,5.0
241,85,4.5
241,121,3.5
241,9,5.0
241,189,5.0
241,37,4.0
241,105,5.0
241,12,2.5
241,139,4.0
241,97,4.0
241,196,4.5
242,58,3.5
242,24,4.5
242,108,5.0
242,17,2.5
242,29,4.5
242,122,2.5
242,119,5.0
242,107,3.0
242,138,4.5
242,113,4.0
242,35,3.5
242,155,4.0
242,164,5.0
242,1,3.0
242,80,2.5
242,195,4.0
242,121,3.0
242,66,4.5
242,33,4.5
242,83,3.5
242,169,3.5
242,139,5.0
242,94,4.0
242,158,3.5
242,172,4.0
242,25,4.5
242,123,3.0
242,127,4.0
242,147,3.5
242,51,4.0
242,182,4.5
242,57,5.0
242,132,2.5
242,34,3.5
242,37,4.0
242,200,5.0
242,22,4.5
242,175,3.0
242,104,5.0
242,73,2.5
242,177,4.0
242,27,3.0
243,169,4.0
243,78,4.5
243,85,5.0
243,182,4.5
243,119,4.0
243,172,4.0
243,152,3.5
243,134,3.5
243,133,3.5
243,148,3.5
243,69,3.0
243,34,4.5
243,84,3.5
243,109,4.0
243,96,4.0
243,170,4.0
243,38,3.0
243,149,4.5
243,9,5.0
243,99,4.0
243,162,3.0
243,13,4.0
243,51,2.5
243,47,2.5
243,4,4.0
243,37,2.5
243,163,4.0
243,197,3.5
243,61,2.5
243,42,3.5
243,102,4.5
243,83,4.5
243,3,2.5
243,147,4.5
243,124,4.5
243,166,5.0
243,89,3.5
243,49,3.5
243,161,4.0
243,191,3.5
243,104,4.5
243,116,4.5
243,55,5.0
243,117,4.5
243,68,2.0
243,140,3.0
243,113,2.5
243,31,2.5
243,72,2.5
243,132,2.5
243,87,3.5
243,150,4.5
243,48,4.5
243,66,4.0
243,88,3.5
243,125,3.0
243,141,5.0
243,157,5.0
243,25,4.0
243,146,3.5
243,192,3.5
243,156,2.0
243,17,4.0
243,94,4.5
243,110,5.0
243,7,5.0
244,29,4.5
244,31,3.5
244,141,4.5
244,183,3.5
244,76,3.0
244,33,4.0
244,89,3.0
244,79,3.5
244,116,3.5
244,112,3.0
244,142,5.0
244,22,5.0
244,130,4.0
244,47,3.5
244,102,5.0
244,131,3.5
244,50,2.5
244,37,3.0
244,175,2.0
244,57,5.0
244,5,4.0
244,51,3.0
244,91,4.5
244,135,3.5
244,154,4.5
244,39,4.5
244,145,5.0
244,136,3.5
244,177,4.5
244,13,5.0
244,137,3.0
244,93,4.5
244,139,3.0
244,59,4.0
244,173,5.0
244,43,3.5
244,96,4.5
244,41,4.5
244,26,2.0
244,165,4.5
244,159,3.0
244,58,2.5
244,182,5.0
244,168,3.5
244,109,5.0
244,52,3.5
244,72,3.0
244,171,4.5
244,103,4.5
244,196,4.0
244,100,3.5
244,134,5.0
244,108,5.0
244,122,3.0
244,120,3.5
244,83,4.5
244,35,3.5
244,77,2.5
244,1,4.5
244,20,4.5
244,65,3.5
244,80,3.5
244,54,4.5
244,18,4.5
244,16,4.0
244,106,4.0
244,36,3.0
244,197,4.0
244,124,5.0
244,42,3.0
244,63,3.5
244,101,3.0
244,163,3.0
245,58,3.5
245,71,4.0
245,36,4.0
245,103,3.0
245,32,3.5
245,186,4.0
245,190,3.5
245,150,4.5
245,173,5.0
245,39,4.5
245,53,4.5
245,114,4.5
245,37,2.5
245,192,5.0
245,199,3.5
245,84,4.5
245,3,3.5
245,164,5.0
245,31,3.5
245,134,3.5
245,80,2.5
245,135,3.0
245,27,3.0
245,161,4.0
246,191,3.0
246,157,4.5
246,117,5.0
246,40,4.5
246,19,4.0
246,194,4.5
246,185,4.0
246,88,3.0
246,70,3.0
246,11,4.5
246,98,3.0
246,66,4.5
246,29,4.0
246,161,4.0
246,120,3.0
246,110,5.0
246,150,5.0
246,44,4.5
246,182,5.0
246,178,5.0
246,125,4.5
246,75,3.0
246,58,2.0
246,134,3.5
246,27,3.5
246,23,4.5
246,155,4.5
246,154,5.0
246,93,3.5
246,62,4.0
246,127,4.5
246,111,3.5
246,108,4.5
246,15,3.0
246,164,5.0
246,176,3.0
246,72,2.0
246,71,4.0
246,65,4.5
246,131,4.0
246,85,5.0
246,168,5.0
246,162,4.0
246,92,2.5
246,22,3.5
246,4,3.5
246,26,3.0
246,180,4.0
246,63,5.0
246,184,4.0
246,170,2.5
246,57,4.5
246,112,3.5
246,69,3.0
247,144,5.0
247,156,3.0
247,145,5.0
247,97,4.0
247,199,2.5
247,133,3.5
247,171,4.0
247,98,1.0
247,11,4.0
247,155,5.0
247,28,4.5
247,152,3.5
247,165,4.5
247,26,2.5
247,148,4.0
247,25,4.5
247,31,3.5
247,62,4.0
247,93,3.0
247,149,5.0
247,173,3.5
247,191,3.0
247,108,5.0
247,101,3.5
247,192,4.5
247,89,3.0
247,166,4.5
247,113,4.0
247,118,3.0
247,147,3.0
247,134,3.0
247,10,3.5
247,103,3.0
247,161,4.5
247,111,5.0
247,7,4.5
247,56,4.5
247,146,3.5
247,47,3.0
247,188,3.0
247,85,4.5
247,187,3.5
247,75,2.0
247,106,3.5
247,8,3.0
247,117,5.0
247,65,5.0
247,92,5.0
247,175,2.5
247,91,3.5
247,64,4.5
248,179,4.5
248,163,3.0
248,68,2.5
248,197,3.5
248,42,3.5
248,54,5.0
248,143,4.5
248,141,5.0
248,166,3.0
248,83,5.0
248,190,4.5
248,103,3.5
248,90,4.0
248,45,3.0
248,128,5.0
248,23,3.5
248,86,4.0
248,91,4.5
248,158,4.5
248,138,4.0
248,59,4.0
248,82,3.5
248,79,3.5
248,26,2.5
248,24,3.5
248,164,3.5
248,104,4.0
248,81,5.0
248,160,5.0
248,186,3.0
248,175,3.0
248,48,5.0
248,98,2.5
248,52,3.5
248,198,4.0
248,125,4.5
248,188,2.5
248,87,5.0
248,113,3.0
248,93,3.5
248,41,4.5
248,44,4.0
248,191,3.5
248,5,3.5
248,29,4.0
248,49,2.5
248,149,4.0
248,80,3.0
248,130,3.0
249,159,4.5
249,179,2.5
249,20,3.0
249,51,4.0
249,24,4.0
249,196,3.5
249,183,4.5
249,154,4.5
249,170,3.0
249,104,4.5
249,68,3.0
249,38,4.0
249,184,4.0
249,88,3.0
249,137,3.0
249,91,3.5
249,102,5.0
249,35,2.0
249,99,3.0
249,27,3.0
249,76,3.5
249,158,3.5
249,146,4.5
249,22,5.0
249,83,4.5
249,58,4.0
249,114,3.5
249,11,4.0
249,63,5.0
249,141,5.0
249,40,4.5
249,71,4.5
249,7,4.5
249,127,4.0
249,175,2.0
249,57,4.5
249,172,4.0
249,166,4.5
249,113,4.5
249,56,2.5
249,189,5.0
249,4,3.5
249,180,4.5
249,164,4.5
249,6,4.0
250,50,3.5
250,106,4.0
250,48,4.0
250,133,2.5
250,149,4.5
250,103,4.0
250,161,5.0
250,148,4.5
250,100,2.5
250,67,3.0
250,181,5.0
250,94,3.0
250,68,2.5
250,111,4.0
250,95,5.0
250,189,5.0
250,61,2.5
250,82,3.0
250,139,3.0
250,92,4.5
250,20,3.0
250,178,4.0
250,35,3.0
250,83,5.0
250,64,4.5
250,138,4.5
250,196,4.0
250,33,5.0
250,25,4.0
250,130,3.5
250,122,3.5
250,175,3.0
250,81,4.0
250,27,2.5
250,155,4.0
250,59,4.5
250,90,4.0
250,142,5.0
250,58,3.5
250,120,3.0
250,69,3.0
250,193,3.5
250,14,4.0
250,118,4.5
250,113,3.5
250,128,4.0
250,152,4.0
250,112,3.0
250,17,3.5
250,44,4.0
250,6,2.5
250,144,4.0
250,115,3.5
250,174,3.0
250,15,2.0
250,89,2.5
251,185,4.0
251,71,5.0
251,146,4.0
251,65,5.0
251,187,4.0
251,8,2.0
251,183,4.0
251,154,5.0
251,126,4.5
251,111,4.0
251,181,5.0
251,35,2.5
251,102,4.0
251,56,2.5
251,170,3.0
251,116,4.0
251,80,3.0
251,138,4.0
251,179,2.5
251,173,4.0
251,78,5.0
251,85,4.5
251,60,3.5
251,198,3.5
252,2,2.0
252,157,4.5
252,14,4.0
252,183,2.5
252,194,5.0
252,92,3.5
252,151,5.0
252,31,3.0
252,19,2.5
252,158,3.0
252,17,4.0
252,136,3.5
252,106,3.5
252,187,4.0
252,42,3.0
252,50,3.0
252,64,5.0
252,154,4.5
252,46,2.5
252,47,3.0
252,8,2.5
252,167,4.0
252,127,3.0
252,193,5.0
252,85,5.0
252,23,3.0
252,25,3.5
252,104,5.0
252,147,4.0
252,100,3.5
252,105,5.0
252,98,2.5
252,122,3.5
252,36,4.0
252,88,4.0
252,181,5.0
252,174,3.5
252,80,4.0
252,91,3.0
252,182,4.5
253,52,3.5
253,59,5.0
253,90,3.5
253,166,5.0
253,163,3.5
253,21,3.0
253,87,5.0
253,116,4.5
253,25,4.0
253,135,4.0
253,66,3.5
253,6,3.5
253,156,2.0
253,16,5.0
253,143,3.0
253,187,4.0
253,175,3.0
253,96,4.0
253,192,5.0
253,44,3.0
253,1,4.0
253,136,3.5
253,4,3.5
253,2,2.0
253,84,4.5
253,99,4.0
253,79,3.0
253,8,4.0
253,146,4.5
253,145,4.5
253,183,2.5
253,18,4.0
253,45,4.5
253,49,4.0
253,196,4.0
253,159,4.5
253,128,5.0
253,47,3.0
253,138,3.0
253,56,4.0
253,89,3.5
253,182,3.5
253,40,5.0
253,154,5.0
253,170,3.5
254,39,5.0
254,114,5.0
254,8,3.5
254,160,5.0
254,10,4.0
254,138,4.0
254,31,3.0
254,80,3.5
254,75,3.0
254,28,4.0
254,90,4.0
254,175,3.5
254,47,3.0
254,152,4.0
254,133,2.5
254,43,4.0
254,26,3.0
254,128,4.5
254,50,3.0
254,155,3.5
254,40,4.5
254,157,4.5
254,87,4.5
254,117,5.0
254,169,3.5
254,141,5.0
254,100,3.0
254,115,4.5
254,30,2.5
254,142,4.0
254,17,4.5
254,178,2.5
254,64,4.5
254,94,4.5
254,37,3.0
254,62,3.5
254,126,5.0
254,49,2.5
254,104,4.5
254,11,4.0
254,92,4.5
254,16,5.0
254,123,3.5
254,187,2.5
254,184,4.0
254,134,3.5
254,24,4.5
254,83,4.0
254,135,3.0
254,145,5.0
254,148,4.5
254,137,3.0
255,35,2.5
255,115,5.0
255,196,4.0
255,51,3.0
255,75,3.5
255,161,4.0
255,110,5.0
255,104,4.5
255,112,3.0
255,97,4.5
255,22,3.5
255,126,5.0
255,7,4.5
255,189,4.0
255,27,3.0
255,83,3.5
255,144,4.5
255,124,4.5
255,157,5.0
255,100,3.5
255,79,2.5
255,128,5.0
255,74,3.5
255,176,2.5
255,15,3.0
255,136,2.5
255,11,5.0
255,49,3.0
255,23,3.5
255,180,3.5
255,151,3.5
255,147,5.0
255,139,5.0
255,45,3.5
255,165,5.0
255,81,5.0
255,13,4.5
255,137,3.0
255,8,3.5
255,164,5.0
256,176,3.0
256,112,3.0
256,190,4.0
256,131,3.5
256,135,4.5
256,46,2.5
256,197,4.0
256,95,3.5
256,175,3.5
256,179,3.5
256,12,2.5
256,55,4.5
256,26,3.0
256,118,4.0
256,48,5.0
256,57,4.5
256,183,3.5
256,82,3.0
256,19,3.5
256,53,4.5
256,127,4.0
256,181,5.0
256,147,4.0
257,177,5.0
257,30,3.5
257,75,3.0
257,2,3.0
257,62,3.5
257,169,3.5
257,85,4.0
257,46,4.0
257,100,1.0
257,59,4.0
257,96,5.0
257,103,3.0
257,12,3.5
257,40,3.5
257,37,3.0
257,154,5.0
257,64,4.5
257,160,4.0
257,172,3.5
257,67,4.0
257,109,5.0
257,175,4.0
257,147,4.5
257,161,4.0
257,80,5.0
257,53,4.5
257,168,3.5
257,70,2.0
257,105,3.5
257,3,4.0
257,107,4.5
257,106,3.0
257,97,4.5
258,3,3.0
258,161,3.5
258,178,3.0
258,102,4.5
258,11,4.0
258,179,3.0
258,115,4.0
258,33,5.0
258,170,3.0
258,177,4.0
258,58,3.5
258,19,3.5
258,164,4.0
258,30,3.5
258,187,4.0
258,41,3.5
258,126,5.0
258,18,5.0
258,47,2.5
258,138,4.0
258,84,4.5
258,43,4.0
258,66,4.0
258,175,3.5
258,197,3.0
258,73,3.0
258,181,4.0
258,74,4.5
258,191,3.0
258,146,4.0
258,67,4.5
258,28,4.5
258,31,2.5
258,176,3.0
258,52,3.0
258,23,3.5
258,143,4.5
258,128,4.5
258,166,4.0
258,193,4.5
258,133,3.5
258,10,4.5
258,121,3.0
258,123,4.5
258,169,3.0
258,29,3.0
258,59,3.5
258,159,4.0
258,100,4.0
258,48,4.0
258,22,4.5
258,183,3.0
258,62,3.0
258,112,3.0
258,95,4.5
258,113,3.5
258,37,2.5
258,114,5.0
259,49,3.0
259,197,4.0
259,54,3.0
259,186,3.5
259,82,3.5
259,12,3.5
259,146,4.0
259,4,3.5
259,40,3.0
259,88,4.0
259,65,4.5
259,45,4.5
259,90,5.0
259,119,4.0
259,52,2.5
259,165,3.0
259,15,3.0
259,101,3.5
259,98,3.5
259,192,4.5
259,75,1.5
259,130,3.0
259,17,4.0
259,58,3.0
259,48,4.5
259,161,4.5
259,50,3.0
259,86,3.5
259,169,3.0
259,113,4.5
259,7,4.5
259,171,3.0
259,18,3.5
259,63,5.0
259,155,5.0
259,136,3.0
259,74,3.0
259,143,3.5
259,42,4.0
259,37,2.5
259,141,4.5
259,196,4.5
259,184,4.5
259,29,2.5
259,178,2.5
259,105,5.0
259,133,3.0
259,137,3.5
259,5,3.0
259,44,4.0
259,83,4.0
259,95,5.0
259,10,5.0
259,175,3.0
259,27,3.0
259,60,5.0
259,2,2.5
259,182,3.5
259,1,2.0
259,158,2.5
259,100,3.0
259,31,2.5
259,177,2.5
259,148,4.0
259,19,3.0
259,6,4.0
259,122,3.5
259,99,2.5
259,73,1.5
260,65,4.0
260,89,2.5
260,163,4.0
260,117,5.0
260,123,4.5
260,40,3.5
260,197,4.5
260,138,4.5
260,93,2.5
260,58,4.0
260,37,3.5
260,74,3.5
260,164,4.0
260,45,5.0
260,100,2.0
260,66,4.5
260,42,4.0
260,95,4.5
260,6,4.5
260,111,4.5
260,77,4.0
260,190,4.0
260,11,5.0
260,118,3.0
260,106,4.5
260,139,3.5
260,59,4.0
260,103,4.5
260,33,5.0
260,161,3.5
260,91,5.0
260,54,4.5
260,104,4.0
260,108,5.0
260,107,2.0
260,177,3.5
260,116,4.5
260,114,4.0
260,186,4.0
260,119,5.0
260,94,3.5
260,87,5.0
260,84,4.0
260,173,4.5
260,35,4.0
260,136,4.0
260,53,4.5
260,63,4.0
260,56,4.0
260,49,2.5
260,146,3.5
260,50,3.5
260,160,4.5
260,171,5.0
260,141,5.0
260,105,3.5
260,96,3.5
260,79,2.0
260,55,3.5
261,199,3.5
261,160,4.5
261,106,3.0
261,14,5.0
261,52,2.0
261,56,4.0
261,87,4.5
261,142,4.5
261,41,4.0
261,169,5.0
261,99,2.5
261,133,4.0
261,111,5.0
261,47,2.0
261,114,4.0
261,7,4.5
261,178,3.5
261,53,4.0
261,190,4.0
261,146,4.5
261,171,4.0
261,45,5.0
261,70,2.0
261,175,2.5
261,145,5.0
261,40,3.5
261,165,3.5
261,103,3.5
261,148,4.5
261,51,3.5
261,39,4.5
261,198,3.5
261,82,4.0
261,120,3.0
261,63,5.0
261,34,4.0
261,125,4.5
261,81,5.0
261,157,4.5
262,17,3.5
262,22,4.5
262,6,3.5
262,3,2.5
262,14,4.0
262,85,5.0
262,24,5.0
262,81,5.0
262,92,5.0
262,52,3.0
262,39,5.0
262,55,5.0
262,79,2.0
262,200,4.5
262,93,4.5
262,160,4.0
262,193,3.0
262,150,5.0
262,115,5.0
262,122,3.5
262,87,4.5
262,45,4.5
262,75,3.0
262,78,5.0
262,26,3.0
262,144,5.0
262,41,3.5
262,190,4.0
262,42,3.5
262,107,2.5
262,31,3.0
262,137,3.5
262,159,3.5
262,105,5.0
262,174,3.5
262,175,4.0
262,142,4.5
262,161,5.0
262,121,4.5
262,72,4.0
262,64,4.0
262,30,3.0
262,38,4.0
262,114,4.5
262,25,4.0
262,11,4.5
262,35,3.0
262,98,2.5
262,181,5.0
262,153,5.0
262,123,4.0
262,44,4.5
262,198,3.5
262,186,3.5
262,113,3.5
262,47,2.5
262,182,4.0
262,148,3.5
262,126,5.0
262,89,2.5
262,180,3.5
262,199,4.5
262,95,4.5
262,18,4.0
262,46,3.5
262,154,3.5
262,77,4.0
262,101,3.5
262,173,5.0
262,29,3.5
263,22,4.5
263,91,4.0
263,155,5.0
263,127,3.5
263,5,3.5
263,160,4.0
263,152,3.5
263,107,2.0
263,44,3.0
263,94,4.0
263,65,4.0
263,50,2.5
263,132,4.0
263,72,4.0
263,134,3.5
263,7,5.0
263,126,5.0
263,82,2.5
263,43,5.0
263,14,4.0
263,167,2.5
263,62,4.0
263,79,3.0
263,68,3.0
263,115,3.5
263,111,4.5
263,87,5.0
263,11,2.5
263,70,3.5
263,169,3.0
263,118,2.5
263,171,4.5
263,21,3.0
263,86,4.5
263,142,4.5
263,9,4.0
263,34,3.5
263,195,5.0
263,3,2.5
263,147,3.5
263,196,4.0
263,78,5.0
263,98,3.0
263,52,4.0
263,121,3.0
263,158,3.5
263,100,2.5
263,10,3.5
263,172,4.0
263,97,5.0
263,180,4.0
263,191,3.0
263,188,3.5
263,109,5.0
263,105,4.5
263,88,5.0
263,164,3.5
263,89,3.0
263,67,2.5
263,189,5.0
263,184,3.5
263,73,3.5
263,69,3.0
263,200,4.5
263,116,4.5
264,82,3.5
264,131,4.0
264,30,2.5
264,6,3.5
264,33,3.0
264,28,3.5
264,63,5.0
264,20,3.0
264,46,4.0
264,96,3.5
264,17,4.0
264,40,4.5
264,147,4.5
264,61,3.0
264,23,5.0
264,193,3.5
264,3,3.5
264,4,3.5
264,88,3.0
264,159,3.0
264,19,3.0
264,189,4.0
264,150,5.0
264,161,4.0
264,118,4.5
264,162,4.0
264,85,4.5
264,171,3.5
264,195,4.0
264,157,4.0
264,32,2.5
264,15,2.0
264,36,3.5
264,52,4.5
264,21,3.5
264,48,5.0
264,24,4.5
264,164,4.5
264,1,3.5
264,111,4.5
264,60,5.0
264,54,4.5
264,13,3.5
264,166,5.0
264,100,3.0
264,83,4.5
264,136,4.0
264,50,3.5
264,122,3.5
264,51,3.5
264,127,2.5
264,165,4.0
264,121,3.5
264,74,3.5
264,16,5.0
264,114,4.0
264,149,3.5
264,130,4.0
264,2,3.5
264,173,5.0
264,192,4.0
264,151,4.5
264,68,5.0
264,37,3.0
264,49,2.0
264,170,2.5
264,185,4.5
264,154,3.5
264,144,4.5
264,155,4.5
264,59,5.0
264,42,4.5
264,102,5.0
264,200,3.5
264,108,5.0
264,76,4.0
264,38,4.0
264,77,2.0
265,89,2.0
265,189,4.0
265,62,2.5
265,136,3.0
265,2,2.5
265,168,5.0
265,175,3.0
265,65,5.0
265,73,2.0
265,42,3.0
265,17,4.5
265,16,4.0
265,190,4.5
265,127,4.0
265,200,4.5
265,199,4.5
265,159,3.5
265,111,5.0
265,21,3.0
265,173,5.0
265,115,4.0
265,4,3.0
265,181,5.0
265,23,4.0
265,82,4.0
265,151,4.0
265,93,3.5
265,156,2.5
265,188,3.0
265,146,3.5
265,68,3.0
265,176,4.0
265,116,4.5
265,92,4.0
265,123,2.5
265,95,4.5
266,49,3.0
266,59,3.5
266,151,4.0
266,44,3.5
266,11,4.0
266,177,4.0
266,91,3.5
266,105,4.5
266,120,3.0
266,119,5.0
266,84,4.5
266,104,4.0
266,191,3.5
266,188,4.0
266,116,5.0
266,40,4.5
266,37,3.5
266,99,4.0
266,108,5.0
266,7,5.0
266,36,5.0
266,82,3.0
266,98,2.0
266,162,3.5
266,39,5.0
266,103,4.0
266,94,4.0
266,4,2.0
266,112,2.5
266,170,2.5
266,45,3.0
266,176,4.5
266,152,2.5
266,48,4.5
266,56,4.0
266,25,4.0
266,5,2.5
266,101,4.0
266,121,3.5
266,169,5.0
266,70,3.0
266,87,5.0
266,51,3.0
266,6,3.0
266,128,4.5
266,163,4.0
266,41,4.5
266,78,5.0
266,141,5.0
266,72,2.0
266,199,4.0
266,200,4.5
266,125,4.5
266,156,2.5
266,111,4.5
266,172,4.5
266,154,5.0
266,148,4.5
266,16,5.0
266,194,4.5
266,28,4.0
266,18,3.5
266,83,4.5
266,123,2.0
266,75,2.5
266,184,4.0
266,61,3.0
267,162,3.5
267,41,5.0
267,87,4.5
267,200,4.5
267,80,2.5
267,176,3.0
267,159,2.5
267,110,5.0
267,157,5.0
267,32,4.5
267,154,5.0
267,34,3.5
267,136,3.5
267,73,2.5
267,88,3.0
267,96,5.0
267,177,4.5
267,33,3.5
267,95,4.0
267,145,4.5
267,122,3.5
267,17,4.5
267,5,3.5
267,115,2.5
267,182,4.5
267,107,3.0
267,64,4.5
267,54,4.5
267,84,4.5
267,60,4.5
267,81,4.5
267,163,3.5
267,180,4.0
267,72,3.5
267,143,5.0
267,186,4.0
267,148,4.5
267,85,5.0
267,50,3.5
268,59,5.0
268,182,4.0
268,152,3.5
268,157,4.5
268,61,4.0
268,64,5.0
268,126,4.5
268,145,5.0
268,121,3.5
268,5,3.5
268,81,4.0
268,131,5.0
268,25,3.5
268,99,3.5
268,38,3.0
268,160,4.5
268,83,5.0
268,21,2.5
268,136,2.5
268,194,4.5
268,119,4.5
268,155,4.0
268,69,3.5
268,18,3.0
268,116,3.5
268,100,4.0
268,50,3.5
268,71,4.0
268,37,3.5
268,94,3.5
268,16,5.0
268,122,3.5
268,195,5.0
268,58,1.5
268,163,2.5
268,1,3.0
268,84,4.5
268,92,3.5
268,159,3.5
268,124,4.0
268,144,4.0
268,186,4.0
268,70,3.5
268,82,2.5
268,125,3.0
268,190,4.0
268,138,4.5
268,52,3.0
268,49,3.5
268,31,3.0
268,76,3.5
268,170,2.0
268,174,4.0
268,135,1.5
268,130,4.0
268,73,3.5
269,3,3.0
269,77,3.5
269,67,3.5
269,53,5.0
269,37,3.5
269,76,5.0
269,7,5.0
269,8,3.5
269,167,3.0
269,165,4.5
269,108,4.5
269,21,3.5
269,95,4.5
269,120,2.0
269,38,3.5
269,115,3.5
269,161,4.5
269,98,2.0
269,143,4.5
269,41,5.0
269,153,4.5
269,114,4.0
269,81,5.0
269,28,4.5
269,71,3.5
269,117,4.5
269,176,4.0
269,51,3.5
269,156,3.0
269,175,3.5
269,73,3.0
269,42,3.5
269,151,3.0
269,33,3.0
269,83,5.0
269,5,2.5
269,32,3.5
269,14,3.5
269,84,3.5
269,142,5.0
269,123,3.5
269,188,4.5
269,196,3.0
269,178,4.5
269,97,5.0
269,141,4.5
269,194,5.0
269,112,3.0
269,166,4.5
269,102,4.5
269,46,2.5
269,162,3.0
269,9,4.5
269,170,3.0
269,152,3.5
269,145,5.0
269,11,4.0
269,131,3.5
269,15,3.5
269,34,4.0
269,128,4.5
269,17,4.0
269,18,4.0
269,36,5.0
270,183,4.0
270,61,3.0
270,24,5.0
270,194,5.0
270,93,3.5
270,92,3.5
270,87,5.0
270,21,3.0
270,106,3.0
270,88,2.5
270,18,4.0
270,127,3.5
270,103,3.5
270,140,4.0
270,16,4.5
270,135,5.0
270,107,2.5
270,165,4.0
270,102,4.5
270,178,4.5
270,40,3.5
270,141,4.5
270,23,4.0
270,54,3.5
270,115,4.5
270,41,5.0
270,30,3.5
270,67,3.5
270,59,5.0
270,62,4.5
270,15,3.5
270,166,5.0
270,143,5.0
270,7,4.0
270,14,4.5
270,200,4.5
270,58,2.5
270,123,1.5
270,11,4.5
270,162,3.0
270,57,5.0
270,60,5.0
270,180,4.5
270,36,3.5
270,129,4.0
270,82,4.5
270,83,4.5
270,100,3.5
270,182,4.5
270,5,3.0
270,131,5.0
270,75,2.5
270,189,4.5
270,167,2.0
270,184,4.0
270,179,3.5
270,190,4.5
270,161,4.5
270,52,3.5
270,10,2.0
270,177,4.0
270,172,4.0
270,126,4.5
270,2,3.0
270,90,4.5
270,193,3.5
270,95,3.5
270,150,4.5
270,43,3.5
270,152,3.5
270,55,3.5
270,39,5.0
270,137,3.0
270,118,5.0
270,81,5.0
270,96,2.5
270,80,2.5
270,37,3.0
270,35,2.0
270,72,2.0
271,156,3.5
271,66,4.5
271,86,4.0
271,51,3.5
271,84,4.5
271,67,3.5
271,101,3.5
271,31,2.5
271,167,4.5
271,74,2.5
271,116,5.0
271,8,3.0
271,115,3.5
271,155,5.0
271,192,4.5
271,172,5.0
271,132,3.5
271,104,4.0
271,53,4.5
271,48,5.0
271,29,4.5
271,11,4.5
271,100,3.5
271,28,4.5
271,182,5.0
271,52,3.5
271,146,3.0
271,77,3.5
271,55,4.0
271,152,3.0
271,78,4.5
271,93,4.5
271,119,4.5
271,14,4.5
271,166,4.0
271,161,3.5
271,59,4.0
271,174,4.5
271,65,5.0
271,56,4.0
271,131,4.5
271,7,4.5
271,80,4.5
271,4,3.0
271,165,5.0
271,47,3.5
271,198,2.5
271,176,3.0
271,128,3.5
271,178,4.5
271,196,3.5
271,118,2.0
271,194,4.5
271,43,4.0
271,126,4.0
271,123,4.5
271,144,4.5
271,191,3.0
271,64,4.5
271,20,2.5
271,177,4.0
271,1,4.0
271,189,4.5
271,13,5.0
271,3,1.5
271,71,3.5
271,139,4.5
271,170,3.0
272,95,5.0
272,56,4.0
272,166,5.0
272,49,3.5
272,109,4.5
272,190,5.0
272,96,4.5
272,20,4.0
272,72,3.5
272,107,4.0
272,168,4.5
272,6,4.0
272,77,2.0
272,9,5.0
272,31,3.0
272,78,5.0
272,37,4.0
272,68,3.5
272,117,5.0
272,53,5.0
272,186,4.0
272,163,4.5
272,175,3.0
273,29,3.5
273,23,4.0
273,186,3.5
273,61,2.5
273,117,5.0
273,149,4.5
273,178,3.0
273,143,4.5
273,70,2.0
273,6,3.5
273,180,4.0
273,145,5.0
273,123,4.0
273,17,4.0
273,188,2.5
273,40,4.5
273,56,4.5
273,102,4.5
273,174,4.5
273,97,4.0
274,120,2.5
274,106,3.5
274,45,4.5
274,4,4.0
274,148,3.0
274,12,3.5
274,169,3.0
274,17,2.5
274,72,3.5
274,182,3.5
274,73,3.0
274,185,5.0
274,123,2.5
274,52,4.0
274,69,2.5
274,7,5.0
274,172,3.5
274,70,2.0
274,49,3.5
274,61,2.0
274,177,3.5
274,115,2.5
274,1,3.5
274,167,4.0
274,195,4.5
274,145,4.0
274,112,3.5
274,144,4.0
274,126,5.0
274,60,5.0
274,13,4.5
274,74,4.0
274,94,3.5
274,23,3.5
274,154,4.5
274,95,5.0
274,117,4.5
274,121,3.0
274,140,4.0
274,42,2.5
274,96,5.0
274,160,5.0
274,142,4.5
274,139,4.5
274,38,3.0
274,83,3.5
274,89,2.5
275,197,3.5
275,75,2.5
275,38,2.5
275,173,4.5
275,193,4.0
275,127,2.5
275,200,5.0
275,139,5.0
275,105,5.0
275,93,3.5
275,111,5.0
275,23,3.0
275,155,5.0
275,65,5.0
275,36,4.0
275,86,5.0
275,92,3.5
275,166,5.0
275,120,3.0
275,116,5.0
275,196,4.0
275,175,3.5
275,43,4.5
275,11,4.0
275,88,3.5
275,130,3.0
275,161,3.5
275,198,3.0
275,154,4.5
275,176,3.5
275,180,3.0
275,162,3.5
275,41,5.0
275,147,3.5
275,186,3.0
275,53,4.5
275,102,4.5
275,21,3.0
275,108,5.0
275,29,5.0
275,129,3.5
275,140,3.5
276,2,2.5
276,66,3.0
276,141,5.0
276,171,3.0
276,43,4.0
276,190,4.5
276,59,4.0
276,176,3.0
276,182,4.5
276,86,4.0
276,126,5.0
276,30,2.5
276,84,4.5
276,96,3.5
276,198,3.5
276,102,5.0
276,134,1.5
276,169,3.5
276,101,2.0
276,57,5.0
276,148,3.5
276,90,5.0
276,105,5.0
276,177,3.5
276,28,3.5
276,58,4.0
276,164,5.0
276,165,5.0
276,117,4.0
276,40,4.0
276,49,3.0
276,1,2.5
276,130,3.0
276,193,4.0
276,127,3.0
276,37,3.5
276,19,3.0
276,79,3.0
276,62,4.5
276,104,4.5
276,78,5.0
276,54,5.0
276,139,4.5
276,25,4.5
276,170,2.5
276,7,5.0
276,5,2.5
276,8,3.5
276,76,3.5
276,31,3.0
276,159,4.0
276,48,4.0
276,174,4.0
276,18,4.5
276,65,4.5
276,116,4.5
277,104,5.0
277,3,4.0
277,179,3.5
277,153,4.5
277,77,3.0
277,88,5.0
277,100,2.5
277,96,4.0
277,54,5.0
277,78,5.0
277,110,5.0
277,159,2.5
277,151,4.0
277,123,4.5
277,163,2.5
277,158,3.0
277,152,3.5
277,11,3.5
277,174,3.0
277,126,5.0
277,9,4.0
277,128,5.0
277,82,4.0
277,90,4.0
277,8,3.0
277,66,4.0
277,122,4.0
277,99,3.5
277,138,4.0
277,26,3.0
277,109,5.0
277,188,2.5
277,189,5.0
277,177,5.0
277,181,4.5
277,7,5.0
277,98,2.5
277,10,1.5
277,125,4.0
277,23,3.5
277,182,4.0
277,65,3.5
277,140,3.0
277,24,5.0
277,22,5.0
277,63,5.0
277,25,3.0
277,117,4.5
277,164,4.0
277,87,4.5
277,62,3.5
277,121,3.5
277,180,4.5
277,83,4.5
277,80,3.5
277,142,4.5
277,116,4.5
277,56,4.5
277,106,2.5
277,154,4.5
277,199,3.0
277,33,4.0
278,129,3.5
278,47,3.0
278,119,4.0
278,71,3.5
278,179,2.0
278,145,4.5
278,100,2.5
278,138,3.5
278,168,5.0
278,186,3.0
278,13,5.0
278,65,5.0
278,150,3.0
278,31,3.0
278,196,3.5
278,133,2.0
278,126,4.0
278,45,4.5
278,116,5.0
278,76,4.0
278,42,3.5
278,11,4.0
278,75,3.5
278,154,5.0
279,20,3.5
279,51,2.5
279,124,3.0
279,125,5.0
279,64,4.5
279,2,2.5
279,100,1.5
279,191,3.0
279,168,4.0
279,46,3.5
279,97,4.5
279,12,2.0
279,78,4.0
279,47,4.0
279,58,3.0
279,88,4.0
279,175,2.5
279,150,3.0
279,127,3.5
279,59,4.0
279,114,4.5
279,30,5.0
279,26,3.5
279,43,5.0
279,36,5.0
279,34,3.5
279,155,4.5
279,145,5.0
279,7,5.0
279,113,3.5
279,128,5.0
279,94,3.0
279,111,5.0
279,6,4.0
279,135,3.5
279,95,4.5
279,163,3.5
279,140,4.0
279,28,4.0
279,108,5.0
279,122,3.0
279,9,5.0
279,72,4.0
279,112,2.5
279,143,4.0
279,109,4.5
279,18,4.5
279,17,4.0
279,23,3.0
279,68,3.5
279,92,4.0
279,160,5.0
279,103,4.5
279,130,3.5
279,63,5.0
279,176,4.0
279,31,3.0
279,172,4.0
279,42,4.0
279,152,4.0
279,48,4.0
279,199,3.5
279,115,5.0
279,96,3.0
279,151,3.5
279,123,2.5
279,154,3.5
279,164,5.0
279,106,3.0
279,179,3.5
279,11,4.5
279,60,5.0
279,52,3.5
280,101,3.0
280,3,3.0
280,96,3.5
280,16,5.0
280,131,5.0
280,4,4.0
280,29,5.0
280,135,3.0
280,171,4.0
280,69,2.5
280,150,4.0
280,136,4.5
280,199,3.0
280,78,5.0
280,36,3.5
280,82,2.5
280,63,4.5
280,123,3.5
280,55,4.5
280,49,3.0
280,170,2.5
280,122,3.5
280,183,3.5
280,178,3.0
280,182,3.5
280,26,3.5
280,45,3.0
280,100,4.0
280,142,4.0
280,163,2.5
280,161,5.0
280,139,5.0
280,19,4.0
280,38,3.5
280,33,5.0
280,196,2.5
280,167,3.0
280,18,3.5
280,177,5.0
280,132,3.0
280,168,5.0
280,145,5.0
280,43,3.5
280,64,4.0
280,106,4.5
280,93,3.0
280,58,3.0
280,68,3.0
280,105,4.5
280,197,4.0
280,111,4.5
280,11,3.5
280,83,4.5
280,102,4.5
280,8,3.0
280,50,2.0
280,198,3.5
280,200,5.0
280,116,5.0
280,154,4.5
280,166,5.0
280,162,3.0
280,165,5.0
280,152,3.5
281,128,4.0
281,198,2.5
281,20,3.5
281,111,5.0
281,154,4.5
281,8,2.5
281,107,2.5
281,17,3.0
281,144,4.5
281,22,4.5
281,181,4.5
281,38,3.5
281,165,5.0
281,11,3.5
281,95,4.5
281,72,4.0
281,101,3.0
281,185,5.0
281,119,4.0
281,167,4.5
281,88,4.0
281,78,4.5
281,138,4.0
281,155,4.5
281,84,5.0
281,79,2.0
281,121,2.5
281,131,4.0
281,125,3.5
281,99,3.0
281,151,3.0
281,192,4.0
281,177,4.0
281,196,3.0
281,147,4.0
281,36,5.0
281,174,3.5
281,87,4.5
282,137,2.0
282,133,3.0
282,158,4.0
282,162,3.0
282,17,3.0
282,65,5.0
282,197,5.0
282,69,3.5
282,70,3.0
282,74,2.0
282,153,4.0
282,132,2.5
282,59,4.0
282,81,4.0
282,83,3.0
282,62,4.0
282,145,5.0
282,49,4.0
282,90,4.0
282,79,2.5
282,50,1.5
282,86,3.5
282,199,4.0
282,174,3.0
282,106,5.0
282,72,3.5
282,68,3.5
282,154,4.0
282,109,5.0
282,169,2.5
282,183,4.5
282,157,4.5
282,36,5.0
282,76,3.0
282,170,3.0
282,93,4.0
282,139,4.5
282,142,4.0
282,186,2.5
282,53,4.5
282,119,4.5
283,75,2.5
283,164,5.0
283,64,4.5
283,53,3.5
283,154,3.5
283,163,2.5
283,87,5.0
283,47,3.5
283,166,4.5
283,128,4.5
283,96,4.0
283,63,5.0
283,101,3.0
283,124,5.0
283,184,4.0
283,70,3.5
283,146,4.5
283,118,5.0
283,138,3.5
283,88,4.5
283,38,3.0
283,66,3.5
283,156,4.0
283,19,2.5
283,65,4.5
283,32,4.0
283,97,5.0
283,141,4.5
283,188,4.5
283,1,2.0
283,18,5.0
283,49,3.5
283,179,4.5
283,127,2.5
283,117,3.5
283,173,5.0
283,150,3.5
283,71,3.5
283,131,4.5
283,186,4.0
283,108,5.0
283,51,3.5
283,69,3.0
283,14,4.0
283,110,4.5
283,126,5.0
283,153,4.5
283,28,3.0
283,122,3.5
283,112,3.5
283,100,3.0
283,81,4.5
283,31,4.0
283,36,3.5
283,193,4.0
283,175,3.5
283,93,3.5
283,157,4.5
283,11,4.0
283,170,2.0
283,72,3.5
283,196,3.0
283,182,4.5
283,158,4.0
283,33,4.0
283,25,3.0
283,109,5.0
283,197,3.5
283,142,5.0
283,16,5.0
283,3,4.0
283,29,5.0
283,194,4.5
283,155,5.0
283,80,3.5
283,144,4.5
284,159,3.0
284,155,5.0
284,147,5.0
284,193,5.0
284,69,4.0
284,142,5.0
284,91,4.0
284,61,2.0
284,39,5.0
284,6,4.5
284,195,5.0
284,150,4.0
284,82,3.5
284,57,5.0
284,44,4.5
284,99,2.5
284,53,4.5
284,139,5.0
284,158,3.5
284,5,3.5
284,42,3.0
284,24,5.0
284,198,3.5
284,182,4.0
284,70,2.5
284,125,3.5
284,32,3.5
284,25,4.0
284,64,4.5
284,105,5.0
284,187,3.5
284,62,4.0
284,118,4.0
284,157,5.0
285,1,3.0
285,62,3.0
285,172,4.5
285,79,3.5
285,112,3.0
285,149,5.0
285,154,5.0
285,99,4.0
285,115,4.0
285,55,3.5
285,60,4.5
285,26,3.5
285,21,3.5
285,105,5.0
285,183,3.5
285,114,4.5
285,185,5.0
285,39,4.5
285,193,4.0
285,158,3.5
285,98,3.5
285,6,3.0
285,139,3.0
285,70,3.5
285,53,4.5
285,173,5.0
286,128,4.5
286,130,4.0
286,158,3.5
286,100,2.0
286,114,5.0
286,156,3.0
286,53,4.5
286,96,4.0
286,37,2.0
286,181,5.0
286,20,3.5
286,154,4.0
286,179,4.5
286,175,2.5
286,97,4.0
286,44,4.0
286,104,4.5
286,54,4.5
286,56,4.0
286,81,4.5
286,91,3.5
287,154,5.0
287,121,4.5
287,7,5.0
287,176,3.0
287,145,5.0
287,63,4.0
287,166,4.5
287,179,3.0
287,17,3.0
287,116,4.0
287,183,3.5
287,6,4.0
287,100,3.0
287,147,3.5
287,89,2.5
287,93,3.5
287,98,3.5
287,189,4.5
287,126,5.0
287,112,3.0
287,115,4.0
287,109,5.0
287,23,3.0
287,181,5.0
287,66,5.0
287,90,4.5
287,59,2.5
287,69,3.5
287,94,3.5
287,67,2.0
287,123,4.5
287,41,4.0
287,44,4.5
287,57,5.0
287,150,4.0
287,133,3.0
287,200,4.0
287,136,4.0
287,51,3.5
287,10,3.0
287,184,4.0
287,172,4.5
287,13,5.0
287,174,4.5
288,158,4.0
288,179,3.5
288,142,3.5
288,13,4.5
288,65,4.0
288,21,2.0
288,135,4.0
288,66,3.0
288,116,5.0
288,39,5.0
288,76,4.0
288,37,3.5
288,112,2.5
288,72,4.5
288,48,4.5
288,59,4.5
288,105,4.5
288,80,3.0
288,43,4.5
288,134,3.5
288,18,3.5
288,60,4.0
288,24,3.5
288,159,4.0
288,14,3.5
289,109,4.5
289,43,5.0
289,61,2.0
289,5,3.0
289,51,3.0
289,155,5.0
289,183,5.0
289,20,4.0
289,18,4.5
289,26,2.5
289,69,4.5
289,46,3.5
289,137,3.5
289,32,4.0
289,119,4.5
289,142,5.0
289,95,5.0
289,189,5.0
289,40,4.0
289,188,2.5
289,48,4.5
289,63,5.0
289,3,2.5
289,84,3.5
289,44,4.5
289,70,2.0
289,132,3.0
289,6,3.5
289,129,3.0
289,130,4.5
289,15,2.0
289,101,3.5
289,35,3.0
289,199,3.5
289,13,4.0
289,121,3.5
289,182,4.5
289,34,3.5
289,62,4.0
289,156,3.0
289,184,3.5
289,147,3.5
289,72,4.5
289,186,4.0
289,179,3.0
289,117,4.0
289,45,3.5
289,29,3.5
289,64,4.0
289,42,2.0
289,11,5.0
289,192,5.0
289,97,4.0
289,168,4.5
289,1,2.0
289,74,3.5
289,118,3.5
289,136,3.0
289,126,5.0
289,102,4.0
289,139,3.5
289,104,4.0
289,135,4.0
289,120,2.0
289,134,3.0
289,91,5.0
289,140,3.5
289,65,4.5
289,105,5.0
289,167,3.5
289,172,4.0
289,128,4.5
289,33,3.5
289,143,5.0
289,197,4.5
289,27,3.5
289,10,4.0
289,77,2.5
289,180,3.0
289,108,4.5
290,77,2.5
290,96,4.0
290,7,5.0
290,81,4.5
290,125,4.0
290,51,3.5
290,193,5.0
290,5,3.0
290,56,2.0
290,112,3.0
290,164,5.0
290,38,3.5
290,116,4.0
290,152,3.0
290,36,5.0
290,167,3.5
290,78,5.0
290,102,5.0
290,63,4.0
290,37,4.0
290,194,4.5
290,59,3.5
290,113,4.0
290,65,5.0
290,196,3.5
290,103,3.5
290,120,3.5
290,174,2.5
290,199,4.0
290,53,5.0
290,119,4.0
290,34,3.5
290,107,3.5
290,14,3.0
290,182,3.5
290,189,4.0
290,190,4.5
290,26,3.0
290,76,3.5
290,172,4.0
290,185,5.0
290,90,4.0
290,173,3.5
290,99,3.5
291,123,3.5
291,11,4.0
291,200,5.0
291,18,4.5
291,91,3.0
291,85,4.5
291,50,4.0
291,80,4.0
291,130,4.0
291,43,5.0
291,3,3.0
291,26,3.5
291,38,3.5
291,183,4.0
291,144,4.0
291,70,3.0
291,16,4.5
291,7,4.5
291,131,4.0
291,56,3.0
291,162,3.0
291,134,2.5
291,96,3.5
291,187,3.5
291,115,4.5
291,104,5.0
291,86,3.5
291,157,5.0
291,118,4.5
291,89,3.0
291,160,5.0
291,84,4.5
291,73,3.5
291,95,5.0
291,14,5.0
291,133,4.0
291,150,5.0
291,32,4.5
291,113,4.0
291,125,4.0
291,111,4.5
291,132,3.5
291,10,3.5
291,141,5.0
291,145,4.0
291,192,5.0
291,197,4.0
291,40,3.5
291,97,4.0
291,195,5.0
291,180,5.0
291,69,3.0
291,37,3.0
291,148,4.5
291,51,2.5
292,101,3.0
292,57,5.0
292,11,4.0
292,12,2.5
292,78,4.0
292,4,3.5
292,35,3.5
292,50,3.0
292,108,4.5
292,146,3.0
292,193,3.5
292,107,4.0
292,39,4.0
292,110,4.0
292,141,5.0
292,191,2.5
292,66,4.5
292,54,4.0
292,1,2.0
292,17,3.5
292,42,3.0
292,10,3.5
292,68,3.0
292,124,3.5
292,181,4.5
292,199,3.0
292,120,3.5
292,43,3.5
292,127,3.5
292,30,3.5
292,21,3.0
292,118,3.5
292,88,4.0
292,158,2.5
292,96,4.0
292,121,1.0
292,67,3.5
293,171,4.0
293,175,3.0
293,184,4.5
293,151,4.5
293,134,3.0
293,199,3.0
293,72,3.5
293,153,4.0
293,63,5.0
293,58,4.0
293,6,3.0
293,112,1.5
293,124,3.0
293,70,3.0
293,85,5.0
293,131,3.5
293,77,3.5
293,128,5.0
293,104,5.0
293,14,4.0
293,152,4.0
293,198,2.0
293,66,5.0
293,28,3.5
293,38,3.0
293,143,4.0
293,191,4.5
293,57,5.0
293,64,5.0
294,106,4.5
294,191,3.5
294,103,4.0
294,108,5.0
294,146,3.5
294,85,5.0
294,77,4.0
294,21,3.5
294,63,5.0
294,42,5.0
294,160,5.0
294,124,4.0
294,170,2.0
294,17,5.0
294,81,4.0
294,15,3.5
294,112,2.5
294,104,5.0
294,111,4.5
294,40,3.5
294,107,3.0
294,122,3.5
294,8,3.5
294,86,3.5
294,95,5.0
294,31,3.0
294,79,2.5
294,61,2.0
294,125,5.0
294,126,5.0
294,102,3.5
294,151,4.0
294,55,4.0
294,183,5.0
294,182,5.0
294,173,3.5
294,74,4.5
294,192,4.5
294,157,4.5
294,43,3.5
294,87,3.0
294,41,3.5
294,154,2.5
295,22,5.0
295,189,4.5
295,3,2.5
295,39,5.0
295,139,4.5
295,110,4.5
295,127,4.5
295,24,4.5
295,179,3.0
295,166,5.0
295,197,4.5
295,14,4.0
295,1,4.0
295,121,2.5
295,46,2.5
295,9,5.0
295,35,2.5
295,75,3.5
295,94,3.0
295,174,3.0
295,176,4.5
295,92,4.0
295,171,4.0
295,147,4.5
295,23,3.0
296,26,2.5
296,10,3.5
296,150,5.0
296,22,5.0
296,11,3.5
296,158,4.0
296,1,2.5
296,50,2.5
296,44,4.5
296,101,2.5
296,126,5.0
296,28,4.5
296,69,3.0
296,152,4.0
296,75,3.5
296,195,3.5
296,135,3.5
296,19,3.0
296,157,4.5
296,73,2.0
296,36,4.0
296,17,4.0
296,119,4.5
296,156,3.0
296,67,2.5
296,41,5.0
296,165,4.5
296,132,4.0
296,25,4.0
296,128,4.5
296,177,3.5
296,58,2.5
296,181,5.0
296,9,5.0
296,191,3.0
296,87,2.5
296,42,3.0
296,122,3.0
296,116,4.0
296,92,4.5
296,131,5.0
297,61,3.0
297,80,4.0
297,171,3.0
297,84,4.0
297,54,5.0
297,62,4.0
297,119,5.0
297,39,4.5
297,181,5.0
297,40,3.0
297,10,3.5
297,21,3.0
297,16,5.0
297,151,4.0
297,31,2.0
297,38,4.0
297,28,4.0
297,115,3.0
297,33,4.0
297,193,4.5
297,19,4.0
297,73,3.0
297,86,4.0
297,177,4.5
297,82,3.0
297,149,5.0
297,195,3.5
297,124,4.5
297,112,2.0
297,105,5.0
297,32,3.5
297,165,4.5
297,142,3.5
297,187,4.0
297,78,5.0
297,196,4.0
297,122,3.0
297,9,3.5
297,94,4.0
297,41,4.0
297,101,3.0
297,50,1.5
297,89,2.5
297,17,5.0
297,13,5.0
297,163,3.5
298,102,5.0
298,182,3.0
298,83,4.0
298,116,4.0
298,35,3.0
298,84,5.0
298,191,3.0
298,199,4.0
298,109,4.5
298,169,4.5
298,81,4.0
298,146,4.0
298,180,3.5
298,48,5.0
298,2,2.5
298,43,4.5
298,65,5.0
298,107,3.5
298,24,5.0
298,125,4.0
298,86,3.5
298,38,3.0
298,11,4.0
298,36,4.5
298,62,3.5
298,132,3.0
298,155,3.5
298,127,4.0
298,72,3.5
298,52,4.5
298,47,3.5
298,183,3.0
298,10,3.0
298,3,3.0
298,162,4.0
298,93,2.5
298,88,3.5
298,158,4.0
298,96,3.5
298,87,4.5
298,1,2.5
298,27,2.5
298,124,4.0
298,129,3.5
298,171,4.5
298,55,4.0
298,179,2.5
298,188,4.5
298,130,4.5
298,71,3.5
298,136,3.0
298,101,3.0
298,150,4.5
298,51,3.0
298,112,4.0
298,178,4.5
298,117,5.0
298,141,5.0
298,75,3.5
298,138,4.5
298,144,5.0
298,12,3.5
299,17,3.5
299,122,3.5
299,107,3.0
299,119,5.0
299,156,3.0
299,147,3.0
299,60,5.0
299,81,5.0
299,152,3.0
299,58,3.0
299,116,5.0
299,68,3.5
299,77,3.0
299,167,4.0
299,10,3.5
299,59,4.5
299,172,3.5
299,149,4.5
299,66,4.0
299,102,5.0
299,189,5.0
299,2,1.5
299,136,3.0
299,185,5.0
299,11,4.0
299,57,5.0
299,190,4.0
299,62,3.5
299,181,4.5
299,1,2.0
299,111,4.5
299,13,4.0
299,20,3.5
299,71,4.0
299,138,4.0
299,140,4.0
299,198,3.0
299,5,4.0
299,129,5.0
299,79,3.5
299,154,4.5
299,14,4.0
299,128,5.0
299,183,3.5
299,55,5.0
299,137,3.5
299,142,4.0
299,74,3.5
299,30,3.5
299,61,2.5
299,100,3.0
299,144,4.5
299,85,5.0
299,46,3.5
299,165,4.5
299,52,4.5
299,4,4.0
299,110,4.5
299,21,2.5
299,148,5.0
300,192,4.5
300,188,3.0
300,67,2.0
300,44,4.5
300,169,3.0
300,75,2.5
300,172,4.5
300,66,4.0
300,107,3.0
300,42,3.5
300,110,4.0
300,53,4.0
300,187,3.5
300,191,3.5
300,93,3.5
300,25,3.0
300,74,4.0
300,80,4.0
300,139,4.5
300,178,5.0
300,141,4.0
300,164,4.5
300,18,3.0
300,20,5.0
300,40,4.0
300,32,4.5
300,1,2.0
300,62,4.0
301,195,5.0
301,70,2.5
301,46,2.5
301,30,3.0
301,196,2.5
301,116,4.5
301,87,5.0
301,32,3.5
301,129,3.5
301,137,3.0
301,120,3.5
301,131,3.5
301,193,4.0
301,124,5.0
301,172,3.0
301,158,3.0
301,72,5.0
301,22,5.0
301,92,3.5
301,24,4.5
301,91,4.0
301,198,2.5
301,100,3.0
301,49,3.0
301,140,3.5
301,65,4.0
301,5,2.5
301,159,3.0
301,23,4.5
301,17,3.5
301,42,3.0
301,38,4.0
301,88,4.0
301,170,4.5
301,134,3.0
301,191,4.0
301,50,2.0
301,123,3.5
301,162,3.5
301,90,4.5
301,8,2.5
301,168,4.0
301,178,4.0
301,111,5.0
301,27,3.0
301,132,3.5
301,104,4.5
301,55,4.0
301,43,4.0
301,177,4.0
301,187,5.0
301,18,4.0
301,59,4.5
301,127,4.0
301,143,4.0
301,118,4.5
301,185,4.0
301,83,5.0
301,95,4.5
301,51,3.0
301,11,4.0
301,10,2.5
301,200,5.0
301,151,3.5
301,1,2.5
301,180,3.0
301,174,5.0
301,96,3.0
301,194,4.5
301,107,3.5
302,35,3.5
302,25,4.0
302,153,4.0
302,134,4.5
302,144,5.0
302,30,3.5
302,152,3.5
302,200,4.5
302,122,3.0
302,127,4.5
302,142,5.0
302,190,3.5
302,186,3.5
302,88,4.0
302,31,3.0
302,160,5.0
302,9,5.0
302,164,4.0
302,82,3.0
302,63,5.0
302,80,3.5
302,138,3.0
302,109,4.5
302,76,3.5
302,10,4.0
303,36,5.0
303,179,4.0
303,67,3.5
303,98,3.5
303,40,3.5
303,72,4.0
303,88,3.0
303,106,3.5
303,20,4.0
303,136,3.5
303,94,4.0
303,192,3.5
303,128,5.0
303,79,2.0
303,77,3.0
303,105,5.0
303,6,3.0
303,7,5.0
303,73,2.0
303,84,3.5
303,48,5.0
303,24,5.0
303,200,4.0
303,135,4.0
303,155,4.5
303,154,4.0
303,26,2.0
303,93,3.0
303,30,3.0
303,25,3.0
303,68,2.0
303,86,3.0
303,82,3.0
303,32,4.0
303,47,2.5
303,148,4.0
303,55,4.5
303,150,5.0
303,21,3.0
303,60,5.0
303,13,4.0
303,71,4.0
303,80,3.5
303,141,4.5
303,139,4.0
303,162,2.0
303,157,5.0
303,165,4.0
303,140,4.5
303,186,3.5
303,142,4.5
303,151,4.0
303,174,3.5
303,104,5.0
303,11,4.5
303,158,4.0
303,108,5.0
303,199,3.0
303,169,2.5
303,69,3.5
303,14,4.5
303,178,5.0
304,28,4.0
304,123,3.0
304,11,3.0
304,121,3.5
304,93,2.5
304,104,4.5
304,139,4.0
304,68,3.0
304,41,4.0
304,152,3.5
304,144,3.0
304,64,4.5
304,21,1.5
304,86,4.0
304,44,3.5
304,48,3.0
304,167,3.0
304,146,3.5
304,180,4.5
304,27,3.0
305,182,4.5
305,33,5.0
305,44,4.0
305,189,5.0
305,175,3.5
305,131,3.5
305,62,4.5
305,105,4.0
305,2,3.5
305,196,2.5
305,134,4.0
305,70,3.5
305,148,3.5
305,187,3.5
305,49,3.5
305,127,3.5
305,141,5.0
305,61,2.5
305,16,4.5
305,111,4.0
305,55,3.5
305,157,3.5
305,171,4.0
305,100,2.5
305,50,3.0
305,136,5.0
305,75,2.5
305,89,2.5
305,35,3.5
305,104,5.0
305,152,3.5
305,106,3.5
305,149,4.5
305,74,3.5
305,69,3.0
305,64,3.5
305,158,3.5
305,32,3.0
305,108,4.5
305,66,4.0
305,155,4.5
305,128,5.0
305,1,2.5
305,30,4.0
305,178,4.0
305,170,3.5
305,186,4.0
305,65,4.0
305,199,2.5
305,188,3.0
305,48,4.0
305,168,3.5
305,31,2.0
305,165,4.5
305,34,4.5
305,11,4.0
305,60,5.0
305,147,3.5
305,12,2.0
305,19,3.5
305,102,4.0
305,172,4.0
305,56,3.5
305,71,4.5
305,29,3.0
305,164,5.0
306,106,3.5
306,28,3.5
306,88,2.0
306,53,5.0
306,115,4.5
306,37,3.0
306,38,2.5
306,186,3.5
306,166,5.0
306,32,2.5
306,95,4.5
306,84,5.0
306,97,4.0
306,169,3.5
306,133,5.0
306,175,3.5
306,71,4.5
306,114,4.5
306,170,3.0
306,52,4.5
307,171,4.0
307,170,1.5
307,63,4.5
307,126,4.0
307,197,4.0
307,71,4.0
307,112,3.5
307,13,5.0
307,65,4.5
307,1,3.0
307,111,4.0
307,119,3.5
307,41,4.5
307,16,5.0
307,187,3.5
307,118,3.0
307,135,3.5
307,75,3.0
307,53,5.0
307,106,4.0
307,29,4.5
307,74,3.5
307,37,2.0
307,73,3.0
307,72,4.0
307,46,3.5
307,110,5.0
307,4,3.5
307,122,5.0
307,136,3.0
307,17,4.5
307,151,3.5
308,177,4.5
308,71,5.0
308,123,3.5
308,100,4.0
308,70,2.5
308,42,3.0
308,198,3.0
308,57,5.0
308,113,4.0
308,35,4.0
308,5,3.0
308,61,2.0
308,166,5.0
308,125,4.0
308,99,4.0
308,193,4.5
308,142,4.0
308,131,4.5
308,165,4.5
308,38,3.5
308,29,3.5
308,69,3.0
308,95,5.0
308,134,3.5
308,66,5.0
308,26,3.0
308,196,3.5
308,169,5.0
308,133,3.5
308,80,4.5
308,104,5.0
308,6,4.0
309,73,3.0
309,65,3.5
309,63,5.0
309,194,3.5
309,172,4.0
309,143,3.5
309,158,3.5
309,148,4.0
309,136,4.0
309,47,3.0
309,161,4.0
309,128,4.5
309,192,5.0
309,1,3.5
309,39,4.0
309,6,2.0
309,84,4.0
309,177,4.5
309,142,5.0
309,108,4.0
309,146,4.0
309,88,5.0
309,187,3.5
309,124,5.0
309,50,3.5
309,48,4.0
309,28,4.0
309,79,2.5
309,109,5.0
309,199,4.0
309,70,2.5
309,151,2.5
309,52,2.5
309,190,3.0
309,103,4.5
310,63,4.5
310,84,4.5
310,12,2.0
310,87,5.0
310,92,4.5
310,121,2.0
310,62,2.5
310,137,3.0
310,86,5.0
310,127,4.5
310,59,5.0
310,111,4.0
310,144,5.0
310,5,3.0
310,177,3.5
310,20,2.5
310,27,3.0
310,145,4.5
310,36,4.5
310,60,3.5
310,106,3.5
310,198,1.5
310,53,5.0
310,120,4.0
310,180,3.5
310,193,4.5
310,19,2.5
310,184,4.5
310,141,5.0
310,113,2.0
310,35,2.5
310,57,5.0
311,66,4.0
311,3,4.0
311,151,3.5
311,105,4.5
311,31,2.0
311,72,4.5
311,165,4.5
311,198,3.0
311,116,4.5
311,54,4.5
311,24,4.5
311,88,5.0
311,61,3.0
311,157,4.0
311,196,3.5
311,190,4.0
311,65,3.5
311,154,4.5
311,138,4.5
311,162,3.0
311,62,3.0
311,12,3.5
312,126,4.5
312,56,2.0
312,106,3.0
312,85,4.0
312,26,3.5
312,23,3.0
312,129,3.5
312,150,5.0
312,59,4.0
312,148,4.0
312,72,5.0
312,1,2.5
312,110,4.5
312,179,3.0
312,90,5.0
312,92,3.0
312,116,3.5
312,143,4.0
312,187,3.0
312,43,4.0
312,7,4.5
312,25,4.5
312,161,4.5
312,147,3.5
312,6,3.0
312,171,3.5
312,71,4.0
312,50,1.5
312,45,4.5
312,41,4.5
312,60,5.0
312,12,3.0
312,46,3.0
312,51,5.0
312,54,4.0
312,167,3.0
312,34,3.0
312,76,3.5
312,118,4.5
312,16,5.0
312,184,4.5
312,58,2.0
312,35,3.0
312,9,5.0
312,31,3.5
312,53,4.5
312,94,3.0
312,77,3.5
312,111,5.0
312,40,3.0
312,17,3.0
312,175,3.5
312,122,4.0
312,97,4.0
312,2,3.0
312,44,4.0
312,96,4.5
312,157,3.5
312,137,3.5
312,172,4.5
312,108,5.0
312,28,4.5
312,22,4.0
312,149,5.0
312,55,4.0
312,19,2.5
312,151,4.0
312,107,3.5
312,139,5.0
312,112,2.5
312,192,5.0
312,181,5.0
312,69,3.5
312,185,4.5
312,67,3.0
312,127,4.0
312,190,5.0
312,114,4.0
312,87,5.0
313,146,3.5
313,56,3.5
313,115,3.5
313,109,5.0
313,45,4.0
313,157,4.0
313,114,4.0
313,72,3.5
313,81,5.0
313,67,3.0
313,156,3.5
313,55,3.5
313,188,3.0
313,6,2.5
313,51,4.0
313,104,5.0
313,76,3.5
313,97,5.0
313,138,4.0
313,120,3.5
313,24,4.0
313,149,4.5
313,30,3.0
313,33,3.5
313,14,4.0
313,59,5.0
313,137,3.0
313,29,5.0
313,144,4.5
313,123,3.0
313,102,5.0
313,167,3.5
313,179,3.0
313,35,3.0
313,176,3.0
313,133,2.5
313,47,3.5
313,182,5.0
313,60,5.0
313,177,4.5
313,62,3.5
313,13,5.0
313,131,5.0
313,190,5.0
313,140,3.5
313,19,3.0
313,160,4.5
313,163,3.0
313,142,3.5
313,22,5.0
313,87,5.0
313,135,4.0
313,153,4.5
313,180,4.5
313,191,4.0
313,200,4.5
313,86,3.5
313,141,4.5
313,169,4.0
313,46,3.0
313,12,4.0
313,110,5.0
314,38,3.0
314,160,4.5
314,114,4.0
314,19,3.5
314,109,5.0
314,185,3.0
314,163,3.5
314,140,3.0
314,21,2.0
314,189,4.5
314,83,4.5
314,118,4.0
314,43,3.0
314,175,5.0
314,71,4.5
314,87,5.0
314,8,2.5
314,9,5.0
314,3,3.0
314,7,4.0
314,171,4.0
314,177,5.0
314,181,5.0
314,184,4.5
314,22,5.0
314,190,4.5
314,188,3.0
314,164,5.0
314,150,5.0
314,192,5.0
314,176,3.0
314,49,3.0
314,124,4.5
314,26,3.0
314,113,4.0
314,138,4.5
314,96,4.5
314,15,3.5
314,162,3.0
314,155,3.5
314,178,4.0
314,39,5.0
314,91,4.0
314,81,5.0
314,98,3.0
314,30,3.5
314,130,4.0
314,75,3.0
314,153,3.0
314,67,3.0
314,41,4.0
314,170,4.0
314,193,4.0
315,123,3.0
315,74,2.5
315,126,5.0
315,134,4.0
315,20,4.0
315,39,5.0
315,45,3.5
315,199,3.5
315,129,5.0
315,160,5.0
315,11,3.0
315,81,5.0
315,98,3.0
315,121,2.5
315,190,3.0
315,130,4.0
315,112,2.5
315,120,2.5
315,7,5.0
315,12,2.5
315,154,4.5
315,13,4.0
315,1,2.5
315,170,2.0
315,67,3.5
315,63,3.0
315,97,4.5
315,89,3.5
315,163,2.5
315,88,4.5
315,23,4.0
315,93,1.0
315,133,3.5
315,71,2.5
315,136,3.5
315,195,4.5
315,104,3.5
315,174,4.5
315,145,5.0
315,32,3.0
315,61,3.5
315,106,2.5
315,165,3.5
315,69,1.5
315,131,5.0
315,59,4.5
315,83,5.0
315,95,5.0
315,179,4.0
315,94,3.5
315,80,3.5
315,44,4.0
315,148,3.5
315,172,4.0
316,161,4.5
316,121,3.0
316,14,3.0
316,105,4.0
316,54,4.5
316,62,3.5
316,106,4.0
316,155,4.0
316,158,2.5
316,143,3.5
316,118,3.5
316,159,3.0
316,91,4.5
316,5,3.5
316,160,5.0
316,163,3.0
316,135,2.0
316,48,5.0
316,33,3.5
316,17,3.5
316,16,4.0
316,69,4.5
317,136,4.0
317,32,3.0
317,143,4.5
317,200,5.0
317,190,4.5
317,2,2.5
317,67,3.0
317,161,4.0
317,188,3.0
317,194,5.0
317,165,4.5
317,46,2.5
317,141,5.0
317,122,3.0
317,128,5.0
317,64,5.0
317,133,3.5
317,50,3.0
317,97,4.0
317,49,3.0
317,197,4.0
317,166,4.5
317,17,5.0
317,103,4.0
317,69,3.5
317,63,3.5
317,40,4.0
317,173,5.0
317,178,3.5
317,37,1.5
317,177,4.0
317,159,3.0
317,76,4.0
317,44,5.0
317,134,3.0
317,147,3.0
318,108,4.5
318,194,4.5
318,184,5.0
318,34,3.5
318,95,5.0
318,185,4.5
318,186,3.5
318,136,3.0
318,111,4.5
318,55,3.0
318,27,3.0
318,80,3.5
318,65,4.5
318,22,4.5
318,119,4.5
318,11,4.0
318,100,3.0
318,75,2.0
318,162,3.0
318,198,3.5
318,41,4.5
318,91,4.5
318,96,3.5
318,183,3.5
318,195,5.0
318,48,5.0
318,104,5.0
318,59,5.0
318,196,2.5
318,88,4.5
318,140,4.5
318,175,3.0
318,76,4.0
318,50,2.0
318,6,2.0
319,106,3.0
319,72,3.5
319,75,2.5
319,132,2.0
319,148,3.5
319,136,3.5
319,130,3.0
319,6,3.5
319,58,3.5
319,188,4.5
319,28,4.5
319,95,4.5
319,62,3.0
319,143,4.5
319,179,3.5
319,129,3.5
319,133,4.0
319,46,2.5
319,71,4.0
319,85,5.0
319,35,2.5
319,120,3.0
319,157,4.0
319,16,4.0
319,173,5.0
319,88,3.0
319,10,3.5
319,198,3.5
319,164,4.0
319,15,2.5
319,176,2.5
319,191,4.0
319,53,4.0
319,56,3.0
319,54,3.5
319,91,3.5
319,50,4.0
319,135,4.0
319,66,3.5
320,37,2.5
320,27,3.5
320,24,4.0
320,25,4.0
320,183,3.5
320,154,4.0
320,117,4.5
320,135,4.0
320,120,3.5
320,185,3.5
320,32,3.0
320,140,3.5
320,13,4.0
320,156,3.5
320,51,2.0
320,62,3.0
320,152,3.5
320,198,1.5
320,162,2.5
320,174,4.0
320,186,4.0
320,127,4.5
320,56,4.5
320,35,3.5
320,104,5.0
320,165,4.5
320,83,2.5
320,58,2.0
320,11,4.5
320,105,5.0
320,9,5.0
320,20,3.5
320,22,5.0
320,157,5.0
320,130,4.5
320,128,5.0
320,84,4.0
320,100,3.5
320,197,4.0
320,119,5.0
320,129,4.0
320,171,4.0
320,142,4.0
320,193,4.5
320,3,3.5
320,187,4.0
320,48,5.0
320,54,5.0
320,7,5.0
320,8,4.0
320,28,4.0
320,86,4.5
320,107,3.5
320,29,4.0
320,141,4.0
320,33,4.5
320,167,3.5
320,4,3.0
320,63,4.5
320,97,4.0
320,149,5.0
320,121,4.0
320,175,2.5
320,68,4.5
320,73,2.5
320,31,2.5
320,148,4.5
320,1,2.5
320,55,4.5
320,101,2.5
320,95,4.0
321,19,3.5
321,32,4.0
321,135,2.5
321,164,5.0
321,148,3.0
321,74,3.0
321,28,5.0
321,139,3.5
321,75,2.0
321,58,3.5
321,60,4.5
321,102,4.5
321,136,3.5
321,123,3.5
321,88,3.0
321,7,5.0
321,151,3.5
321,36,4.5
321,105,5.0
321,50,2.0
321,44,3.5
321,41,5.0
321,56,2.5
321,156,2.0
321,155,5.0
321,130,3.5
321,38,2.0
321,200,5.0
321,62,3.5
321,116,4.0
321,71,4.5
321,86,4.0
321,87,5.0
321,108,4.0
321,20,4.5
321,24,4.5
321,66,3.5
321,10,3.5
321,76,4.5
321,34,3.0
321,134,4.0
321,138,3.0
321,182,3.5
321,11,4.5
321,94,5.0
321,6,3.0
321,168,4.5
321,61,3.5
321,127,3.5
321,189,4.0
321,110,4.0
321,112,4.0
321,12,3.5
321,133,4.5
321,25,4.5
321,30,3.0
321,33,4.0
321,150,4.5
322,15,2.0
322,134,5.0
322,53,5.0
322,93,3.5
322,100,2.5
322,102,5.0
322,156,3.5
322,23,4.5
322,7,5.0
322,99,2.5
322,40,3.0
322,176,3.0
322,117,3.5
322,19,3.0
322,83,4.0
322,55,5.0
322,26,4.0
322,45,4.0
322,56,5.0
322,66,5.0
322,88,3.5
322,92,3.0
322,14,4.0
322,111,4.0
322,131,4.5
322,141,5.0
322,47,3.0
322,112,3.0
322,147,3.0
322,28,4.0
322,125,3.5
322,161,4.5
322,170,3.5
322,109,4.0
322,144,4.5
322,165,4.5
322,37,3.0
322,160,5.0
322,54,4.0
322,135,3.0
322,68,3.0
322,75,3.5
322,11,4.0
322,30,3.5
322,62,5.0
322,78,4.5
322,142,5.0
322,2,4.0
322,136,4.0
322,115,4.0
322,50,3.5
322,180,3.5
322,77,2.5
322,61,2.0
322,123,4.5
322,175,2.5
322,152,3.0
322,35,2.5
322,105,5.0
322,12,3.0
322,185,5.0
322,60,5.0
322,96,3.5
322,32,3.5
322,178,5.0
322,27,3.0
322,95,5.0
322,116,4.0
322,5,2.5
322,13,4.5
322,130,3.0
322,199,3.0
322,17,3.5
322,103,4.5
322,38,2.5
323,150,4.5
323,43,3.5
323,104,5.0
323,194,4.5
323,154,4.0
323,181,5.0
323,147,4.5
323,160,5.0
323,161,4.5
323,108,4.5
323,193,4.5
323,197,3.5
323,97,4.0
323,169,3.0
323,76,3.5
323,142,4.0
323,165,5.0
323,155,5.0
323,196,4.5
323,174,2.5
323,195,5.0
323,117,4.0
323,23,2.5
323,134,3.0
323,186,4.0
323,38,3.0
323,138,5.0
323,94,4.0
323,149,4.0
323,99,4.0
323,164,5.0
323,146,3.5
323,64,5.0
323,175,3.5
323,85,4.5
323,145,4.5
324,129,4.0
324,80,4.0
324,146,4.5
324,159,3.0
324,50,3.0
324,45,4.5
324,49,2.5
324,28,3.5
324,48,5.0
324,58,2.0
324,76,4.0
324,37,3.0
324,111,5.0
324,104,4.5
324,145,5.0
324,144,4.0
324,15,3.0
324,105,5.0
324,160,4.5
324,180,4.5
324,6,5.0
324,143,4.0
324,122,3.5
324,40,4.5
324,102,4.5
324,164,3.5
324,31,3.5
324,118,2.5
324,107,3.5
324,8,4.0
324,165,4.0
324,114,3.5
324,195,5.0
324,56,3.0
324,199,2.5
324,185,4.5
324,59,4.0
324,134,2.5
324,156,3.0
324,57,5.0
324,84,4.5
324,155,4.0
324,93,3.5
324,63,5.0
324,163,3.0
324,36,4.5
324,170,3.0
324,5,3.5
324,73,2.5
324,1,2.0
324,89,2.5
324,183,4.0
324,174,4.5
324,189,4.0
324,186,4.0
324,112,2.5
324,88,4.0
324,171,5.0
324,141,5.0
324,38,2.5
324,187,3.0
324,92,5.0
324,142,4.5
324,198,2.5
324,69,2.5
324,24,4.5
324,98,3.5
324,97,5.0
324,150,5.0
325,110,5.0
325,26,3.0
325,173,4.0
325,176,3.0
325,38,4.0
325,49,3.0
325,136,4.5
325,81,5.0
325,147,4.0
325,87,3.5
325,31,3.0
325,65,5.0
325,50,3.0
325,69,4.0
325,103,5.0
325,139,4.0
325,39,4.5
325,62,3.5
325,151,4.5
325,80,4.0
325,131,4.0
325,70,2.5
325,161,4.5
325,11,5.0
325,8,3.0
325,43,3.5
325,123,4.0
325,58,2.0
325,1,4.0
325,2,3.0
325,132,2.0
325,112,2.5
325,154,4.5
325,101,3.0
325,100,3.0
325,17,4.0
325,15,2.5
325,30,2.5
325,166,4.5
325,129,4.5
325,52,5.0
325,20,2.5
325,21,3.5
325,188,3.5
325,86,4.0
325,7,5.0
325,13,3.5
325,165,5.0
325,97,4.0
325,194,3.5
326,21,2.0
326,76,4.0
326,162,4.0
326,156,3.0
326,19,3.5
326,189,4.0
326,83,4.5
326,14,3.5
326,117,4.0
326,105,4.0
326,46,3.5
326,198,3.5
326,134,2.5
326,51,4.0
326,150,4.5
326,114,4.0
326,165,3.5
326,106,2.5
326,161,4.5
326,37,3.5
326,13,4.0
326,95,5.0
326,57,5.0
326,164,4.5
326,72,3.5
326,70,4.0
326,5,2.5
326,127,4.0
326,113,4.0
326,185,5.0
326,154,5.0
326,73,2.5
326,101,3.5
326,42,5.0
326,15,2.5
326,115,4.5
326,36,4.0
327,89,2.5
327,5,3.5
327,143,5.0
327,24,5.0
327,191,3.5
327,126,5.0
327,186,4.5
327,161,5.0
327,122,3.5
327,99,3.0
327,13,4.5
327,42,4.0
327,145,4.0
327,180,4.0
327,155,4.0
327,18,4.5
327,68,3.0
327,6,4.0
327,102,5.0
327,135,4.0
327,173,5.0
327,137,3.0
327,184,4.0
327,185,4.0
327,50,1.5
327,51,3.0
327,52,4.0
327,117,4.0
328,184,4.5
328,44,4.5
328,52,3.5
328,89,2.0
328,103,4.5
328,28,3.5
328,120,3.0
328,140,4.0
328,21,3.0
328,119,5.0
328,3,4.0
328,53,4.0
328,43,3.5
328,174,3.0
328,27,3.5
328,192,4.5
328,155,5.0
328,42,4.0
328,1,2.0
328,98,2.0
328,29,4.5
328,57,5.0
328,109,4.5
328,61,2.5
328,132,3.0
328,172,3.0
328,82,3.5
328,34,3.5
328,194,2.5
328,127,4.0
328,193,3.5
328,147,4.5
328,197,4.0
328,97,4.0
328,32,4.0
328,49,2.5
328,56,3.0
328,115,4.5
328,20,3.0
328,170,2.0
328,76,4.5
328,79,3.0
329,149,4.5
329,83,4.5
329,13,5.0
329,37,4.0
329,102,4.5
329,76,4.0
329,131,4.5
329,12,3.0
329,25,4.0
329,111,5.0
329,71,5.0
329,73,3.5
329,14,3.0
329,61,2.0
329,116,4.5
329,53,5.0
329,175,2.5
329,65,4.5
329,27,2.5
329,196,3.5
329,121,3.0
329,137,4.0
329,28,4.5
329,197,3.0
329,119,5.0
329,128,4.5
329,171,3.5
329,132,4.0
329,44,3.5
329,48,5.0
329,20,3.0
329,4,4.0
329,42,3.5
329,164,5.0
329,24,5.0
329,126,4.5
329,151,5.0
329,138,3.5
329,47,2.5
329,182,3.5
329,50,3.0
329,67,3.0
329,133,3.5
329,108,5.0
329,172,4.5
329,147,4.0
329,140,4.0
329,88,5.0
329,165,4.5
329,113,3.5
329,60,5.0
329,110,3.5
329,150,4.5
329,139,5.0
329,63,4.5
329,30,2.5
329,173,3.5
329,46,3.5
329,154,5.0
329,82,4.0
329,105,5.0
329,8,4.0
329,87,4.5
329,59,4.5
329,186,2.5
329,6,2.5
329,127,4.0
329,200,5.0
329,104,4.5
329,31,3.0
329,117,5.0
329,123,3.5
329,16,3.5
329,52,4.0
329,191,4.0
330,196,3.5
330,1,3.0
330,97,4.0
330,139,2.5
330,37,4.0
330,22,4.5
330,169,4.5
330,44,5.0
330,47,3.0
330,58,3.0
330,162,3.5
330,90,5.0
330,84,5.0
330,173,5.0
330,41,5.0
330,23,3.0
330,101,3.0
330,174,3.5
330,194,3.5
330,94,3.0
330,4,3.5
330,86,3.5
330,197,3.5
330,115,3.5
330,27,4.0
330,68,4.0
330,104,4.0
330,146,3.5
330,39,5.0
330,19,3.5
330,134,3.0
330,167,3.0
330,45,4.0
330,171,3.5
330,147,4.0
330,36,5.0
330,188,3.0
330,187,3.0
330,102,4.5
330,117,5.0
330,153,3.5
330,11,5.0
330,143,4.5
331,74,3.0
331,140,2.5
331,5,4.0
331,41,4.5
331,33,4.5
331,10,3.0
331,85,5.0
331,9,4.0
331,155,4.5
331,178,3.5
331,187,3.0
331,59,5.0
331,170,2.0
331,139,4.5
331,111,3.5
331,185,3.0
331,154,4.5
331,191,4.0
331,65,5.0
331,130,4.0
331,75,3.0
331,166,4.0
331,34,4.5
331,77,3.5
331,156,2.0
331,87,4.5
331,157,4.0
331,132,2.5
331,142,5.0
331,162,4.0
331,17,3.5
331,179,3.5
331,22,5.0
331,73,3.5
331,89,2.5
331,116,3.5
331,161,4.5
331,199,4.0
331,181,3.0
331,118,3.5
331,195,4.5
331,113,4.0
331,24,4.0
331,92,4.0
331,46,4.0
331,61,2.5
331,163,4.0
331,103,3.5
331,115,4.5
331,100,3.0
331,123,4.0
331,51,3.5
331,190,5.0
331,48,3.0
332,98,1.5
332,20,4.0
332,158,2.5
332,17,3.0
332,185,4.5
332,161,4.0
332,170,2.5
332,119,4.5
332,127,4.0
332,157,3.5
332,137,2.5
332,192,4.0
332,99,1.5
332,139,4.0
332,39,5.0
332,160,5.0
332,148,3.0
332,112,2.0
332,130,3.5
332,128,5.0
332,40,4.0
332,34,4.0
332,82,4.0
332,133,3.5
332,184,4.5
332,51,4.5
332,189,4.5
332,10,2.5
332,165,4.0
332,190,3.5
332,178,4.0
332,135,3.0
332,1,3.0
332,103,3.5
332,172,2.5
332,48,4.5
332,195,4.5
333,8,3.5
333,170,2.5
333,93,3.0
333,194,5.0
333,100,3.5
333,98,3.0
333,187,4.0
333,159,3.0
333,85,4.0
333,176,4.0
333,117,4.5
333,146,4.5
333,10,3.5
333,200,5.0
333,173,5.0
333,32,5.0
333,43,4.5
333,72,4.0
333,139,3.5
333,46,3.0
333,88,4.0
333,96,4.5
333,69,4.0
333,65,4.0
333,47,4.5
333,135,2.0
333,101,3.5
333,118,3.0
333,152,2.5
333,174,3.0
333,51,2.5
333,36,4.0
333,91,4.0
333,157,5.0
333,76,3.0
333,48,5.0
333,164,4.5
334,190,5.0
334,148,3.5
334,69,2.5
334,101,2.0
334,57,4.0
334,50,3.5
334,140,4.0
334,147,3.5
334,27,3.0
334,88,3.0
334,104,4.5
334,43,4.5
334,67,2.5
334,21,3.0
334,176,3.5
334,175,1.5
334,84,5.0
334,48,4.5
334,137,3.5
334,87,4.0
334,124,3.0
334,46,3.5
334,191,3.5
334,100,3.0
334,189,5.0
334,199,4.0
334,44,5.0
334,200,5.0
334,151,3.5
334,196,3.5
334,171,4.5
334,178,4.5
334,136,2.5
334,156,2.5
334,95,5.0
334,192,4.0
334,58,4.0
334,130,4.0
334,28,4.5
334,144,3.5
334,197,3.0
334,166,5.0
334,94,3.0
334,7,5.0
334,126,5.0
334,133,4.5
334,68,3.5
334,99,4.0
334,161,5.0
334,184,4.0
334,5,3.0
334,83,5.0
334,125,3.5
334,74,4.0
335,160,5.0
335,31,2.5
335,173,5.0
335,132,3.0
335,148,4.0
335,20,3.0
335,29,3.0
335,124,4.0
335,154,4.5
335,193,5.0
335,43,5.0
335,13,5.0
335,51,4.0
335,134,2.5
335,181,4.5
335,86,4.0
335,149,4.0
335,61,3.0
335,69,4.0
335,10,3.5
335,23,4.0
335,94,3.0
335,54,5.0
335,101,2.5
335,79,2.0
335,180,4.5
335,84,5.0
335,76,4.0
335,117,4.5
335,28,4.5
335,174,3.5
335,170,2.5
335,52,3.0
335,171,4.5
335,56,3.5
335,45,4.0
335,179,3.5
335,159,3.0
335,55,4.5
335,108,5.0
335,122,4.5
335,135,3.5
335,25,5.0
335,183,4.0
335,110,5.0
335,115,3.5
335,82,2.0
335,12,3.0
335,5,2.5
335,182,4.5
335,39,4.5
335,167,3.5
335,73,3.5
335,175,3.0
335,186,5.0
335,91,3.0
335,46,3.0
335,172,3.5
335,99,4.0
335,136,2.0
336,122,2.5
336,144,4.5
336,16,5.0
336,155,4.5
336,188,2.5
336,34,3.0
336,194,5.0
336,123,3.5
336,2,2.0
336,70,3.5
336,93,4.0
336,195,5.0
336,61,2.0
336,132,2.0
336,135,3.5
336,143,4.5
336,90,4.5
336,103,5.0
336,42,2.0
336,36,4.5
336,85,4.0
336,185,5.0
336,110,4.0
336,107,2.5
336,15,2.0
336,84,3.5
336,150,4.5
336,130,3.5
336,177,4.5
336,116,5.0
336,138,5.0
336,114,4.5
336,72,4.0
336,77,3.5
336,43,3.5
336,181,4.0
336,127,3.5
336,87,3.5
336,131,5.0
336,163,4.0
336,168,5.0
336,139,4.0
336,161,4.5
336,151,3.5
336,109,5.0
336,94,2.5
336,82,1.5
336,74,2.5
336,46,2.0
336,129,4.5
336,33,5.0
336,78,4.0
336,31,3.5
337,86,4.0
337,7,4.0
337,35,2.5
337,2,2.5
337,11,4.5
337,196,3.0
337,40,4.0
337,79,2.5
337,96,4.5
337,164,4.5
337,59,4.0
337,151,4.0
337,166,5.0
337,60,4.5
337,19,2.5
337,61,3.5
337,34,3.5
337,165,4.0
337,30,4.5
337,84,4.0
337,82,3.0
337,18,4.0
337,54,5.0
337,197,2.5
337,83,4.5
337,88,5.0
337,124,4.5
337,9,3.5
337,134,3.0
337,53,4.5
337,163,3.5
337,170,2.5
337,109,5.0
337,143,3.5
337,47,2.0
337,26,2.5
337,73,3.5
337,78,5.0
337,191,3.5
337,172,4.0
337,135,4.0
337,158,3.0
337,99,3.5
337,159,2.5
337,189,5.0
337,126,4.5
337,37,2.5
338,164,5.0
338,113,3.5
338,185,4.5
338,75,3.0
338,165,4.0
338,106,5.0
338,39,5.0
338,192,5.0
338,2,2.5
338,34,4.5
338,94,4.0
338,132,4.0
338,181,5.0
338,43,4.5
338,95,3.5
338,74,4.5
338,54,4.5
338,18,3.5
338,135,4.0
338,56,2.5
338,45,4.5
338,140,2.5
338,28,4.0
338,35,3.0
338,49,4.0
338,17,4.0
338,33,5.0
338,52,4.0
338,156,2.5
338,37,3.5
338,166,4.5
338,193,3.5
338,161,4.0
338,79,3.0
338,160,5.0
338,24,4.5
338,16,5.0
338,97,4.5
338,3,2.5
338,196,3.5
338,134,3.5
338,63,5.0
338,107,3.0
338,68,3.0
338,126,4.0
338,41,5.0
338,53,4.0
338,142,4.5
338,119,5.0
338,89,3.0
338,7,5.0
338,137,3.0
338,187,4.0
338,121,3.0
338,104,4.5
338,133,3.5
338,23,4.0
338,117,5.0
338,46,3.0
338,47,4.5
338,90,5.0
338,123,4.5
338,152,2.5
338,83,5.0
338,67,4.0
338,93,3.5
338,69,3.5
338,124,5.0
338,177,4.0
338,98,3.0
338,40,4.5
338,9,4.0
338,84,4.0
338,19,3.0
338,80,3.5
338,12,2.5
338,66,4.0
339,14,4.5
339,141,5.0
339,47,2.5
339,184,5.0
339,113,3.5
339,31,2.0
339,166,4.5
339,121,3.5
339,45,5.0
339,17,4.0
339,118,3.5
339,176,3.5
339,56,3.5
339,51,3.0
339,114,4.0
339,197,4.0
339,188,2.0
339,145,4.5
339,168,4.5
339,150,4.5
339,48,4.5
339,8,3.0
339,84,5.0
339,198,2.5
339,192,4.5
339,40,3.5
339,148,4.0
339,146,4.5
339,158,2.5
339,55,4.5
339,106,4.5
339,44,5.0
339,26,3.0
339,110,4.5
339,178,5.0
339,181,5.0
339,20,3.5
339,78,4.5
339,61,3.0
339,142,3.5
339,199,4.0
339,37,3.0
339,162,4.0
339,43,4.0
339,194,4.0
340,82,4.0
340,143,4.0
340,79,2.5
340,69,3.5
340,107,3.0
340,32,3.0
340,126,4.5
340,186,3.5
340,166,5.0
340,119,4.0
340,189,3.5
340,127,2.5
340,57,4.0
340,42,4.0
340,101,3.0
340,75,3.5
340,64,5.0
340,6,3.5
340,147,3.5
340,86,4.0
340,67,3.5
340,65,5.0
340,148,4.0
340,128,4.0
340,157,3.5
340,30,3.0
340,47,4.0
340,115,3.5
340,155,4.0
340,150,4.5
340,113,4.0
340,1,3.0
340,48,5.0
341,85,5.0
341,64,4.5
341,171,3.5
341,153,4.5
341,120,3.5
341,195,4.0
341,135,5.0
341,128,4.5
341,185,4.0
341,29,3.5
341,55,4.5
341,126,4.0
341,182,5.0
341,84,5.0
341,36,5.0
341,149,4.0
341,143,4.5
341,133,4.0
341,63,5.0
341,34,3.0
341,39,4.0
341,8,2.5
341,173,4.0
342,102,5.0
342,187,2.0
342,186,4.0
342,14,3.0
342,141,4.5
342,49,1.5
342,45,4.0
342,10,4.0
342,12,3.0
342,68,2.5
342,142,5.0
342,126,5.0
342,156,3.0
342,176,4.5
342,120,3.5
342,133,4.0
342,129,3.0
342,130,4.0
342,146,4.0
342,113,4.0
342,90,4.0
342,199,3.5
342,54,3.5
342,96,3.0
342,171,4.5
342,132,2.0
342,92,4.0
342,48,4.5
342,61,3.0
342,164,4.5
342,137,3.0
342,101,3.5
342,16,5.0
342,11,5.0
342,52,3.5
342,5,3.0
342,72,3.0
342,78,5.0
342,172,4.5
342,100,2.5
342,21,3.0
342,147,3.5
342,159,4.0
343,42,4.0
343,54,4.5
343,187,3.5
343,147,3.0
343,24,4.0
343,6,3.5
343,39,5.0
343,165,4.0
343,148,4.0
343,43,4.0
343,198,2.5
343,151,4.0
343,90,3.5
343,170,4.0
343,7,3.5
343,196,3.5
343,78,4.0
343,51,3.0
343,123,4.0
343,71,4.5
343,168,3.5
343,131,4.0
343,50,2.5
343,15,3.0
343,157,4.5
343,183,4.5
343,2,1.5
343,192,5.0
343,107,3.0
343,121,3.5
343,22,5.0
343,199,4.0
343,152,3.5
343,128,4.5
343,185,5.0
343,156,3.0
343,30,4.0
343,38,4.0
343,102,5.0
343,13,5.0
343,194,5.0
343,160,4.5
343,164,4.5
343,169,4.0
343,41,4.0
343,31,4.5
343,118,4.5
343,105,5.0
343,120,3.5
343,36,5.0
343,14,3.5
343,158,3.0
343,23,2.5
343,149,4.5
343,29,4.0
343,98,2.0
343,104,4.5
343,27,3.0
343,34,4.0
343,47,3.5
343,11,5.0
343,155,5.0
343,9,5.0
343,115,5.0
343,35,3.0
343,88,4.0
343,113,3.0
343,64,4.5
343,175,3.0
343,55,4.5
343,10,3.5
343,76,4.0
343,178,3.5
344,46,4.0
344,117,4.0
344,167,3.0
344,171,3.5
344,78,5.0
344,134,3.0
344,27,3.0
344,39,5.0
344,73,2.5
344,200,4.0
344,26,3.0
344,24,5.0
344,192,4.5
344,6,2.5
344,143,4.0
344,175,3.0
344,102,4.5
344,161,5.0
344,135,3.0
344,36,4.5
344,87,5.0
344,3,3.5
344,148,4.5
344,197,5.0
344,84,5.0
344,35,2.0
344,193,5.0
344,153,3.5
344,74,3.5
344,97,3.5
344,33,4.0
344,5,3.5
344,152,3.0
344,50,3.0
344,94,4.5
344,90,4.5
344,98,3.0
344,17,3.0
344,1,3.0
344,55,4.5
344,146,3.5
344,173,3.5
344,89,3.0
344,170,3.5
344,150,4.5
344,128,4.5
344,169,3.5
344,25,4.0
344,59,4.5
344,199,2.0
344,31,2.5
344,37,3.0
344,71,4.5
344,49,3.5
344,109,5.0
344,92,4.0
344,141,4.0
344,176,4.5
344,139,4.5
344,166,4.0
344,100,3.0
344,79,2.5
345,20,3.5
345,191,4.0
345,40,5.0
345,7,5.0
345,37,3.5
345,124,4.5
345,14,4.0
345,109,5.0
345,32,4.0
345,93,2.5
345,158,2.5
345,42,3.5
345,123,3.5
345,60,4.5
345,143,4.5
345,127,3.5
345,72,4.0
345,16,4.5
345,43,4.0
345,154,4.5
345,159,4.0
345,183,3.0
345,114,4.5
345,22,4.5
345,111,4.5
345,110,5.0
345,152,3.5
345,6,4.0
345,106,4.0
345,59,4.0
345,34,4.0
345,33,4.0
345,73,2.5
345,136,3.5
345,28,4.5
345,88,3.5
345,82,3.5
345,67,3.5
345,41,3.5
345,2,3.0
345,57,5.0
345,74,3.5
345,9,4.0
345,64,4.0
345,179,3.5
345,192,4.0
345,5,3.5
345,199,3.0
345,104,5.0
345,128,4.0
345,145,4.0
345,116,4.5
345,95,4.0
345,193,4.5
345,79,3.0
345,17,3.5
345,148,3.0
345,178,5.0
345,90,4.0
345,96,4.5
345,168,5.0
345,147,4.5
345,45,4.0
345,157,4.0
345,65,4.0
345,188,4.0
345,166,5.0
345,36,4.0
345,167,3.0
345,119,3.5
345,112,3.5
345,1,3.0
345,29,4.0
345,173,4.0
345,184,3.5
345,8,4.0
345,99,3.5
345,156,3.0
345,103,4.0
345,101,3.0
346,189,5.0
346,106,4.0
346,142,5.0
346,59,4.0
346,26,3.0
346,116,5.0
346,103,4.0
346,71,4.0
346,196,4.5
346,24,4.0
346,126,5.0
346,42,3.0
346,109,3.5
346,133,4.0
346,11,2.5
346,140,2.0
346,4,3.5
346,25,4.5
346,187,3.0
346,172,4.0
346,94,2.0
347,181,5.0
347,16,5.0
347,119,5.0
347,22,4.5
347,51,4.0
347,131,4.5
347,11,3.5
347,105,5.0
347,116,5.0
347,27,2.0
347,64,4.5
347,14,4.0
347,198,4.0
347,183,2.5
347,59,4.5
347,86,3.0
347,21,2.5
347,13,4.5
347,74,3.0
347,93,3.0
347,136,3.5
347,71,5.0
347,126,5.0
347,77,3.5
347,52,3.5
347,103,4.0
347,45,4.5
347,30,3.5
347,196,2.5
347,7,5.0
347,5,3.5
347,145,5.0
347,112,3.0
347,47,1.5
347,90,4.0
347,137,4.5
347,180,4.0
347,91,4.5
347,115,4.0
347,110,5.0
347,161,5.0
348,2,3.0
348,86,4.0
348,51,4.5
348,172,4.5
348,52,5.0
348,156,2.0
348,104,5.0
348,41,4.0
348,113,4.0
348,66,4.5
348,112,2.5
348,101,3.0
348,190,5.0
348,39,4.0
348,21,4.0
348,91,3.5
348,150,5.0
348,17,4.0
348,135,3.5
348,62,3.5
348,36,4.0
348,122,3.0
348,5,3.0
348,9,5.0
348,15,4.0
348,69,3.5
348,194,4.0
348,107,3.0
348,109,4.5
348,26,2.0
348,80,3.0
348,85,5.0
348,161,4.5
348,151,4.0
348,7,5.0
348,18,3.5
348,30,3.0
348,13,4.5
348,115,5.0
348,167,3.5
348,125,2.0
348,120,4.0
348,32,4.0
348,65,3.5
348,10,3.0
348,6,3.5
348,68,3.5
348,184,5.0
348,61,2.0
348,140,3.5
348,142,4.0
348,165,3.5
348,145,5.0
348,70,3.0
348,1,3.0
349,45,5.0
349,11,4.0
349,66,3.5
349,157,4.0
349,156,3.5
349,129,4.5
349,10,4.0
349,151,4.5
349,77,3.5
349,166,4.5
349,154,4.0
349,128,5.0
349,102,3.5
349,196,3.5
349,136,4.0
349,127,4.0
349,164,4.0
349,58,3.0
349,191,3.0
349,17,4.0
349,51,4.0
349,119,5.0
349,152,5.0
349,113,4.5
349,176,4.0
349,31,3.5
349,107,3.0
349,98,2.0
349,155,5.0
349,143,4.5
349,75,3.0
349,27,3.0
349,106,5.0
349,173,5.0
349,26,2.0
349,39,4.5
349,56,3.5
349,125,4.5
349,74,4.0
349,13,5.0
350,45,3.5
350,196,3.0
350,83,5.0
350,112,2.5
350,47,2.0
350,54,4.5
350,189,4.0
350,177,5.0
350,132,3.5
350,172,4.0
350,152,3.5
350,153,5.0
350,75,3.0
350,150,4.0
350,146,3.5
350,30,3.5
350,157,3.5
350,115,4.5
350,4,2.0
350,18,4.0
350,68,3.5
350,43,4.5
350,111,4.0
350,170,3.5
350,36,3.5
350,7,5.0
350,55,4.5
350,120,3.5
350,14,3.5
350,192,5.0
350,118,4.0
350,139,4.5
350,44,5.0
350,28,5.0
350,23,4.0
350,106,4.0
350,15,3.0
350,41,4.5
350,8,3.0
350,161,4.5
350,67,3.5
350,25,4.0
350,140,3.0
350,22,4.0
350,61,3.0
350,95,4.5
350,147,5.0
350,171,4.0
350,130,3.5
350,187,4.0
350,183,4.0
350,38,3.0
350,29,4.5
350,184,4.5
350,114,4.0
350,6,3.0
350,138,4.5
350,129,3.0
350,188,4.0
350,131,5.0
350,162,4.0
350,19,3.0
350,103,4.0
350,160,5.0
350,78,5.0
350,176,3.0
350,42,3.0
350,31,4.0
350,116,3.5
350,92,3.5
350,60,5.0
350,113,3.0
350,96,5.0
351,139,4.5
351,12,3.0
351,108,5.0
351,122,4.0
351,82,3.0
351,197,3.5
351,171,5.0
351,24,4.5
351,47,3.0
351,49,4.5
351,98,3.5
351,145,4.5
351,22,4.5
351,77,4.0
351,153,3.5
351,104,4.5
351,193,5.0
351,166,4.5
351,172,5.0
351,188,4.5
351,41,5.0
351,131,4.0
351,128,5.0
351,173,5.0
351,152,4.5
351,70,2.5
351,43,3.5
351,154,4.5
351,182,4.5
351,109,4.0
351,144,4.0
351,130,4.5
351,39,4.0
351,119,5.0
351,101,4.0
351,149,4.0
352,91,5.0
352,59,4.0
352,183,4.0
352,31,3.0
352,67,3.0
352,23,3.0
352,149,5.0
352,109,5.0
352,29,3.5
352,200,4.0
352,110,5.0
352,12,3.5
352,127,4.0
352,142,5.0
352,165,4.0
352,64,3.5
352,46,2.5
352,125,4.5
352,73,2.0
352,173,4.0
352,177,4.5
352,187,4.0
352,143,4.5
352,58,3.5
352,86,3.5
352,97,5.0
352,191,4.0
352,28,3.5
352,118,2.0
352,194,4.5
352,169,4.0
352,186,4.0
352,102,5.0
352,47,2.0
352,75,3.0
352,164,5.0
352,189,4.0
352,155,5.0
352,108,5.0
352,182,5.0
352,157,2.5
352,175,4.0
352,99,3.0
352,140,2.5
352,185,4.0
352,68,3.5
352,190,5.0
352,7,5.0
352,69,4.0
352,116,3.5
352,131,5.0
352,80,3.5
352,39,4.5
352,17,4.0
352,114,3.5
352,3,3.0
352,40,4.0
353,92,3.5
353,149,5.0
353,195,5.0
353,63,4.5
353,162,4.0
353,105,4.5
353,71,4.5
353,139,4.5
353,140,3.5
353,33,4.5
353,1,1.0
353,129,4.0
353,147,2.5
353,57,4.5
353,69,2.5
353,137,3.0
353,103,4.0
353,185,4.0
353,179,3.5
353,189,4.5
353,59,3.5
353,158,3.5
353,11,4.5
353,112,3.0
353,36,4.5
353,67,3.5
353,102,5.0
353,123,3.0
353,39,4.5
353,135,4.0
353,114,5.0
353,155,5.0
353,148,4.5
353,18,5.0
353,109,5.0
353,6,3.0
353,160,4.5
353,17,3.5
353,23,5.0
353,77,2.0
353,19,2.5
353,55,3.5
353,29,4.0
353,151,3.5
353,64,4.5
353,200,4.0
353,154,5.0
353,42,4.0
353,53,4.5
353,198,3.5
353,28,4.0
353,60,5.0
353,159,3.5
353,122,4.0
353,157,4.5
353,190,3.5
353,88,3.5
353,48,5.0
353,156,1.5
353,12,1.5
353,66,3.5
353,83,4.5
353,131,4.0
353,25,3.5
353,184,4.0
353,86,3.0
353,165,5.0
353,43,3.5
353,93,3.5
353,72,3.0
353,78,4.0
353,127,4.0
353,38,3.0
353,34,4.0
353,16,4.0
353,79,2.5
353,13,5.0
353,168,5.0
353,41,3.5
354,75,3.0
354,71,4.5
354,8,2.5
354,146,5.0
354,107,2.5
354,103,4.0
354,17,3.0
354,121,3.5
354,190,4.5
354,124,4.0
354,194,5.0
354,133,3.0
354,33,4.0
354,180,2.5
354,67,3.0
354,153,4.5
354,138,3.5
354,147,3.5
354,140,3.5
354,162,3.0
354,11,4.5
354,182,4.5
354,139,4.0
354,1,3.5
354,195,5.0
354,119,5.0
354,142,5.0
354,38,3.0
354,25,4.5
354,70,2.5
354,21,2.5
354,114,4.5
354,171,5.0
354,106,4.0
354,189,5.0
354,27,3.5
354,58,3.5
354,84,3.5
354,160,4.5
354,48,4.5
354,101,3.5
354,97,5.0
354,68,3.5
354,179,3.5
354,109,5.0
354,184,4.0
354,64,5.0
354,149,3.0
354,102,5.0
354,141,4.5
354,113,4.5
354,80,3.5
354,130,4.0
354,98,3.0
354,197,4.0
354,185,4.0
354,24,5.0
354,163,2.5
354,88,4.0
354,186,4.0
354,81,5.0
354,13,5.0
354,29,3.5
354,32,4.0
355,15,2.0
355,176,4.0
355,123,3.5
355,93,2.5
355,64,4.0
355,179,4.0
355,98,3.0
355,178,5.0
355,12,2.0
355,90,4.5
355,30,2.5
355,19,2.5
355,122,4.5
355,21,2.5
355,109,5.0
355,175,3.5
355,16,4.5
355,59,5.0
355,153,3.5
355,138,5.0
355,143,5.0
355,102,4.5
355,54,5.0
355,108,4.5
355,81,4.5
355,196,4.5
355,106,4.0
355,166,4.0
355,33,3.5
355,26,4.0
355,132,3.0
356,125,3.5
356,2,2.0
356,13,5.0
356,7,4.0
356,153,4.0
356,168,4.5
356,167,2.5
356,147,3.5
356,78,5.0
356,35,3.0
356,77,3.0
356,136,4.0
356,149,4.0
356,65,5.0
356,46,2.5
356,198,3.0
356,76,3.5
356,97,5.0
356,183,4.5
356,175,3.5
356,71,4.5
356,143,4.5
356,158,2.0
356,112,2.0
356,111,4.0
356,128,5.0
356,106,3.0
356,185,5.0
356,84,4.5
356,177,3.5
356,68,2.5
356,42,3.0
356,4,1.5
356,80,3.5
356,81,5.0
356,109,5.0
356,94,2.5
356,126,5.0
356,114,3.5
356,88,4.0
356,138,4.5
356,8,4.0
356,193,4.5
356,116,4.0
357,130,4.0
357,156,3.5
357,8,3.5
357,109,5.0
357,34,3.5
357,63,5.0
357,95,5.0
357,67,4.5
357,104,3.5
357,98,2.5
357,196,4.5
357,163,5.0
357,48,5.0
357,108,5.0
357,87,4.5
357,180,5.0
357,75,3.5
357,14,4.0
357,28,4.0
357,102,4.5
357,162,3.5
357,86,3.0
357,155,4.5
357,199,2.5
357,89,3.0
357,59,4.0
357,183,4.0
357,3,4.0
357,197,4.0
357,42,3.0
357,188,3.5
357,31,3.0
357,45,4.5
357,39,5.0
357,76,3.5
357,47,3.5
357,116,5.0
357,110,4.0
357,123,4.5
357,122,4.0
357,80,3.5
357,103,4.5
357,35,2.5
357,81,5.0
357,18,3.5
357,100,2.0
357,198,3.0
357,27,3.5
357,21,3.0
357,46,4.0
357,72,4.5
357,26,3.5
357,24,4.5
357,96,4.5
357,129,3.0
357,65,5.0
357,137,3.5
357,133,4.0
357,178,4.5
357,16,4.5
357,2,3.0
357,138,4.0
357,4,2.5
357,182,4.5
357,161,4.5
357,143,4.0
357,181,5.0
357,124,3.5
357,127,4.5
357,33,5.0
358,153,4.5
358,92,3.5
358,114,3.0
358,4,3.0
358,70,3.0
358,115,4.0
358,35,3.5
358,184,4.0
358,105,5.0
358,68,3.0
358,43,3.5
358,164,4.5
358,109,4.5
358,20,3.0
358,38,3.0
358,29,4.0
358,190,5.0
358,14,4.5
358,53,5.0
358,136,3.5
358,65,5.0
358,59,4.0
358,123,3.5
358,88,4.5
358,179,4.0
358,111,5.0
358,89,3.5
358,151,3.5
358,99,3.0
358,137,3.5
358,13,5.0
358,119,4.5
358,142,4.5
358,90,5.0
358,163,2.5
358,44,5.0
358,95,4.0
358,191,2.5
358,132,3.5
358,45,5.0
358,80,4.0
358,33,4.5
358,32,3.5
358,143,4.5
358,60,4.0
358,129,2.0
358,84,4.5
358,180,4.5
358,93,3.5
358,69,4.0
358,170,4.0
358,9,4.5
358,110,4.5
358,66,3.0
358,79,4.0
358,189,5.0
359,51,3.0
359,20,3.0
359,29,4.5
359,36,3.5
359,50,4.5
359,40,2.5
359,183,4.5
359,115,4.0
359,74,3.5
359,138,4.0
359,158,5.0
359,189,5.0
359,188,2.5
359,126,4.0
359,175,3.5
359,159,3.5
359,22,3.5
359,116,4.5
359,113,3.5
359,102,5.0
359,53,4.5
359,63,5.0
359,171,4.5
359,76,3.0
359,166,5.0
359,165,4.5
359,174,2.5
359,43,4.5
359,187,4.5
359,44,4.0
359,8,2.5
359,196,3.5
359,143,3.5
359,191,4.0
359,98,3.0
359,178,4.0
359,19,3.0
359,122,3.0
359,91,4.5
359,4,3.0
359,139,3.0
359,16,5.0
359,18,3.5
359,156,2.5
359,100,3.0
359,64,4.5
359,11,3.5
359,66,2.5
359,85,4.5
359,169,4.0
359,9,4.0
359,99,3.0
359,59,5.0
359,84,3.0
359,140,3.0
359,129,4.5
359,38,3.5
359,69,3.0
359,148,4.5
359,152,3.5
359,142,4.0
359,79,3.0
359,161,4.0
359,10,2.5
359,27,2.5
359,132,3.0
359,190,4.0
359,181,5.0
359,182,5.0
359,163,3.5
359,130,3.5
359,192,5.0
359,134,4.0
359,108,5.0
359,55,3.5
360,172,3.5
360,93,4.0
360,67,2.0
360,68,3.5
360,110,3.0
360,14,3.0
360,137,2.5
360,54,5.0
360,194,5.0
360,199,3.0
360,177,4.5
360,17,4.5
360,122,4.0
360,155,3.5
360,159,3.5
360,56,3.0
360,116,3.5
360,181,5.0
360,142,5.0
360,28,4.5
360,4,3.5
360,165,5.0
360,176,3.0
360,167,3.5
360,200,5.0
360,83,4.0
360,62,4.5
360,179,2.0
360,153,5.0
360,32,3.5
360,38,3.0
360,138,4.0
360,117,3.5
360,129,3.0
360,132,2.5
360,66,3.5
360,169,3.0
360,99,4.0
360,160,5.0
360,146,3.0
360,149,5.0
360,109,5.0
360,151,4.5
360,136,3.0
360,166,5.0
360,40,4.0
360,154,4.5
360,16,4.5
360,79,3.0
360,81,3.5
360,124,4.0
360,162,2.5
360,35,3.0
360,123,3.5
360,27,3.0
360,71,5.0
360,184,5.0
360,36,2.5
360,65,4.0
360,97,4.5
360,60,5.0
360,10,2.5
360,23,3.0
360,98,3.0
360,182,4.5
360,45,4.5
360,69,4.0
360,34,4.0
360,53,4.5
360,58,3.0
360,144,5.0
360,42,2.0
360,61,4.0
360,31,1.5
360,73,2.5
360,102,4.5
360,195,5.0
360,20,1.5
361,128,5.0
361,8,4.0
361,101,3.5
361,41,4.0
361,146,4.0
361,54,3.5
361,45,4.0
361,133,3.0
361,132,3.0
361,13,5.0
361,183,3.5
361,148,4.0
361,143,4.0
361,55,4.5
361,43,4.5
361,38,2.5
361,32,3.0
361,12,2.5
361,30,3.0
361,4,3.0
361,48,5.0
361,59,5.0
361,194,4.5
361,1,3.0
361,5,3.5
361,17,2.5
361,134,3.0
361,99,4.0
361,119,4.5
361,112,2.0
361,98,2.5
361,182,4.0
361,190,4.0
361,199,4.5
361,131,4.0
361,162,3.0
361,153,4.0
361,188,4.0
361,124,4.0
361,173,4.5
361,184,4.0
361,3,4.0
361,141,5.0
361,22,5.0
361,76,3.5
361,49,3.5
361,96,3.5
361,161,4.0
361,24,5.0
361,74,4.0
361,16,4.5
361,61,2.5
361,142,4.5
361,75,2.5
361,82,3.5
362,194,5.0
362,13,5.0
362,124,4.5
362,71,4.5
362,108,4.5
362,193,4.5
362,141,5.0
362,165,3.0
362,36,4.5
362,50,2.0
362,81,5.0
362,80,3.0
362,105,4.0
362,151,4.5
362,190,4.5
362,174,2.5
362,26,2.0
362,9,4.5
362,1,2.0
362,51,3.0
362,5,3.5
362,118,3.0
362,104,5.0
362,47,3.5
362,182,4.0
362,95,5.0
362,72,5.0
362,85,4.0
362,187,4.0
362,98,3.5
362,113,4.5
362,20,4.5
362,173,5.0
362,6,2.5
362,12,3.5
362,112,3.5
362,111,5.0
362,100,3.0
362,109,4.5
362,69,3.0
362,24,5.0
362,19,3.5
362,4,3.5
362,101,3.0
362,175,2.5
362,77,3.5
362,23,3.0
362,160,5.0
362,58,2.0
362,73,3.5
362,176,3.5
362,115,3.5
363,198,4.0
363,159,3.0
363,121,3.5
363,11,4.0
363,134,2.0
363,158,2.5
363,4,3.5
363,95,5.0
363,144,5.0
363,50,3.5
363,111,5.0
363,108,4.5
363,141,4.5
363,52,3.5
363,76,3.5
363,142,3.0
363,37,3.0
363,97,3.5
363,137,3.5
363,146,5.0
363,145,4.5
363,160,5.0
363,104,5.0
363,41,4.5
363,100,3.5
363,156,2.5
363,118,3.5
363,194,4.0
363,136,4.0
363,60,4.0
363,139,5.0
363,190,3.5
363,143,5.0
363,168,4.0
363,196,3.0
363,163,3.5
363,180,4.5
364,170,2.5
364,165,5.0
364,125,2.5
364,158,3.0
364,19,4.0
364,94,3.5
364,8,2.0
364,95,4.0
364,152,3.0
364,110,4.0
364,47,3.0
364,93,3.5
364,117,4.5
364,20,4.5
364,146,4.5
364,188,3.5
364,97,5.0
364,6,3.0
364,178,3.0
364,153,5.0
364,61,2.5
364,33,4.0
364,183,3.0
364,23,3.0
364,34,4.5
364,111,5.0
364,92,4.5
364,185,4.5
364,162,3.5
364,134,3.5
364,148,3.5
364,144,5.0
364,48,4.5
364,98,2.5
364,4,3.0
364,78,4.5
364,21,3.0
364,142,4.0
364,2,3.0
364,147,3.0
364,193,4.0
364,36,4.5
364,196,2.5
364,119,4.0
364,189,5.0
364,86,4.0
364,131,4.0
364,81,5.0
364,31,3.0
364,118,4.0
364,198,3.5
364,173,5.0
364,75,2.5
364,24,4.0
364,159,3.0
364,150,4.0
364,76,4.5
364,99,3.5
364,168,3.5
364,187,3.0
364,25,4.0
364,139,3.5
364,38,3.0
365,36,5.0
365,112,2.5
365,69,4.0
365,46,4.0
365,42,3.0
365,37,2.5
365,155,4.0
365,123,3.0
365,86,3.5
365,132,2.5
365,151,4.5
365,20,4.5
365,116,5.0
365,14,4.0
365,182,3.5
365,68,4.0
365,94,4.5
365,198,1.5
365,34,4.0
365,27,3.0
365,142,4.0
365,89,3.0
365,175,4.0
365,76,4.5
365,96,4.0
365,125,3.0
365,12,3.0
365,82,3.5
365,199,3.5
365,130,3.5
365,33,5.0
365,1,3.5
365,148,4.5
365,195,3.5
365,170,2.5
365,184,4.5
365,128,4.0
365,169,5.0
365,168,5.0
365,5,3.0
365,13,5.0
365,17,3.5
365,103,5.0
365,57,5.0
365,88,4.0
366,35,4.0
366,72,4.5
366,121,3.5
366,46,3.5
366,129,4.0
366,42,2.5
366,144,5.0
366,157,3.5
366,84,3.5
366,185,4.5
366,199,4.0
366,2,3.5
366,15,2.5
366,23,4.5
366,125,3.5
366,134,2.5
366,167,2.5
366,133,3.0
366,47,3.5
366,195,4.5
366,177,4.5
366,68,4.0
366,116,3.5
366,62,4.0
366,24,4.5
366,200,4.5
366,108,5.0
366,19,3.0
366,100,2.5
366,139,5.0
366,96,4.5
366,189,5.0
366,124,5.0
366,17,3.5
366,16,5.0
366,90,4.0
366,194,4.5
366,166,5.0
366,176,3.0
366,30,4.0
366,148,4.0
366,170,2.5
366,1,3.5
366,193,4.0
366,197,4.0
366,119,4.5
366,28,4.5
366,187,3.5
366,81,4.5
366,48,5.0
366,110,4.5
366,21,2.5
366,12,2.5
366,93,4.0
366,59,4.5
366,113,4.0
366,14,5.0
366,175,3.0
366,52,3.0
366,160,5.0
366,9,4.5
366,155,4.0
366,173,5.0
366,111,3.5
366,152,4.0
366,4,4.0
366,169,4.0
366,168,2.5
366,66,4.5
366,153,3.5
366,130,3.0
366,80,3.5
367,146,4.0
367,134,3.5
367,120,3.5
367,106,4.5
367,152,4.0
367,143,4.5
367,147,3.5
367,55,3.5
367,197,4.5
367,89,3.0
367,34,4.0
367,153,4.0
367,66,4.5
367,72,3.0
367,121,3.5
367,30,3.0
367,192,5.0
367,23,2.5
367,160,5.0
367,132,3.0
367,37,3.0
367,122,3.5
367,52,3.0
367,80,3.5
367,138,4.0
367,22,4.0
367,193,5.0
367,19,3.0
367,10,3.0
368,144,3.5
368,170,3.0
368,157,5.0
368,104,4.5
368,57,4.5
368,176,3.5
368,47,2.5
368,18,5.0
368,120,3.0
368,76,3.5
368,55,4.5
368,187,4.0
368,93,3.5
368,113,3.5
368,66,5.0
368,135,3.5
368,62,3.5
368,87,4.5
368,39,4.0
368,108,5.0
368,136,2.0
368,16,5.0
368,197,4.0
368,70,4.0
368,140,2.0
368,112,2.5
368,10,3.0
368,110,5.0
368,115,3.5
368,50,2.5
368,151,3.5
368,141,5.0
368,196,2.5
368,65,4.5
368,77,2.5
368,139,4.5
368,129,4.5
368,171,4.0
368,169,4.0
368,78,4.5
368,46,3.0
368,82,4.0
368,59,5.0
368,98,3.0
368,166,5.0
368,178,4.0
368,36,4.0
368,165,3.5
368,13,4.5
368,85,5.0
368,86,4.0
368,14,5.0
368,172,4.0
368,114,3.5
368,71,3.5
368,152,3.5
368,101,3.0
368,188,4.0
368,148,3.5
368,150,4.5
368,91,5.0
368,21,3.5
368,94,3.5
368,102,5.0
368,41,5.0
368,53,4.5
368,194,4.5
368,3,2.5
368,9,5.0
369,162,5.0
369,180,4.0
369,80,3.0
369,188,3.5
369,8,3.5
369,171,4.0
369,154,3.5
369,27,3.0
369,60,5.0
369,26,2.5
369,22,5.0
369,191,4.5
369,119,5.0
369,130,3.5
369,100,3.5
369,25,3.5
369,194,3.5
369,176,3.5
369,5,3.0
369,37,3.0
369,85,5.0
369,76,5.0
369,114,4.0
369,175,3.5
369,186,3.5
369,14,4.5
369,46,4.0
369,44,3.0
369,163,3.5
369,7,4.0
369,104,5.0
369,159,3.5
369,95,4.0
369,192,4.5
369,81,4.5
369,69,3.5
369,190,4.5
369,174,3.0
369,1,4.0
369,164,5.0
369,35,2.0
369,47,3.0
369,113,4.5
369,166,5.0
369,145,5.0
369,92,4.5
369,16,5.0
369,3,3.5
369,41,4.0
369,107,3.5
369,13,4.5
370,55,3.5
370,185,4.5
370,47,2.0
370,89,2.0
370,168,4.5
370,176,2.5
370,195,5.0
370,151,3.0
370,67,2.0
370,113,3.5
370,163,3.5
370,159,4.0
370,87,4.5
370,9,4.5
370,191,4.0
370,73,2.0
370,12,3.0
370,127,3.0
370,26,2.5
370,114,4.0
370,49,2.5
370,34,4.0
370,119,5.0
370,153,5.0
370,141,3.5
370,13,4.5
370,91,3.5
370,152,4.0
370,94,4.0
370,165,4.5
370,8,2.5
370,60,5.0
370,17,2.5
370,175,2.5
370,3,2.0
370,101,3.0
370,74,3.5
370,160,3.0
370,56,4.5
370,78,5.0
370,4,2.5
371,72,3.5
371,90,5.0
371,33,5.0
371,9,5.0
371,55,3.0
371,110,4.0
371,12,2.0
371,130,5.0
371,157,4.5
371,179,5.0
371,195,4.5
371,73,2.5
371,17,3.5
371,19,4.0
371,139,4.0
371,77,3.0
371,161,4.5
371,158,3.5
371,25,3.5
371,57,5.0
372,89,3.0
372,195,4.5
372,193,5.0
372,63,5.0
372,96,3.5
372,176,3.0
372,146,4.0
372,88,4.0
372,38,3.0
372,12,3.0
372,93,4.0
372,100,1.5
372,19,3.5
372,9,4.0
372,16,5.0
372,105,4.5
372,125,4.5
372,194,5.0
372,148,4.0
372,4,4.0
372,165,4.0
372,5,3.0
372,102,5.0
372,147,3.0
372,110,5.0
372,141,5.0
372,186,4.0
372,188,4.5
372,140,3.0
372,189,5.0
372,113,5.0
372,123,4.0
372,68,3.0
372,191,3.5
372,62,4.0
372,169,4.0
372,129,3.5
372,69,3.5
372,33,4.0
372,56,3.5
372,50,3.0
372,183,3.0
373,58,2.5
373,6,2.0
373,1,2.0
373,101,3.5
373,126,5.0
373,118,4.0
373,97,5.0
373,41,4.0
373,86,4.0
373,84,4.5
373,3,4.0
373,56,3.5
373,42,4.0
373,163,3.5
373,90,5.0
373,190,3.0
373,19,4.0
373,127,4.0
373,55,3.5
373,98,2.0
373,81,5.0
373,66,3.5
373,34,3.0
373,197,3.5
373,48,5.0
373,74,4.0
373,28,4.5
373,195,5.0
373,138,4.0
373,179,3.5
373,176,3.0
373,150,3.5
373,16,5.0
373,161,5.0
373,170,2.0
373,147,4.0
373,39,4.5
373,57,5.0
373,187,3.5
373,79,3.5
373,85,5.0
373,25,4.0
373,18,4.0
373,4,3.0
373,9,5.0
373,165,5.0
373,11,4.0
373,108,5.0
373,12,3.5
373,92,4.0
373,63,5.0
373,2,2.0
373,139,4.5
373,143,4.5
373,106,3.0
373,131,4.0
373,65,4.5
373,169,2.5
373,157,3.5
373,164,5.0
373,30,3.0
373,23,4.0
373,99,2.5
373,177,3.5
373,114,4.5
373,162,2.5
373,35,3.5
373,149,5.0
373,73,1.5
373,192,4.5
373,117,4.5
373,145,4.5
373,116,3.5
373,188,3.5
373,110,5.0
374,152,3.5
374,198,4.5
374,109,4.5
374,80,3.5
374,43,4.5
374,102,5.0
374,12,2.5
374,60,5.0
374,62,4.5
374,108,5.0
374,172,3.5
374,46,3.5
374,3,4.5
374,178,4.0
374,37,2.5
374,118,3.0
374,95,4.0
374,91,4.5
374,134,3.5
374,48,4.5
374,20,4.0
374,66,3.0
374,119,5.0
374,187,4.0
374,7,4.5
374,153,5.0
374,33,3.5
374,1,3.0
374,114,4.5
374,30,3.0
374,24,4.0
374,89,1.5
374,42,4.5
374,58,3.0
374,141,5.0
374,2,3.0
374,47,2.5
374,49,3.0
374,111,5.0
374,44,3.5
374,26,4.5
374,156,2.0
374,161,4.0
374,18,4.5
374,183,5.0
374,135,2.0
374,32,3.5
374,182,4.5
374,147,3.5
374,126,5.0
374,165,4.0
374,94,3.5
374,145,4.5
374,25,3.0
374,112,3.0
374,28,4.0
374,29,4.0
374,129,4.0
374,146,3.0
374,55,4.0
374,138,5.0
374,96,3.0
374,86,4.5
374,21,3.0
374,81,4.0
374,177,3.5
374,121,3.0
375,143,5.0
375,133,3.5
375,12,3.0
375,182,5.0
375,13,4.5
375,193,3.5
375,87,4.5
375,61,3.5
375,123,3.5
375,137,2.0
375,180,4.0
375,155,4.5
375,56,2.0
375,18,3.0
375,141,5.0
375,97,4.5
375,156,2.0
375,40,4.0
375,131,4.0
375,149,5.0
375,192,4.5
375,45,3.5
375,197,3.5
375,71,5.0
375,85,4.5
375,80,3.5
375,14,5.0
375,169,4.0
375,25,4.0
375,132,3.0
375,36,4.5
375,44,3.5
375,190,5.0
375,42,3.5
375,1,3.0
375,174,3.5
375,46,3.0
375,142,5.0
375,55,3.5
375,158,3.0
375,76,4.0
375,138,3.5
375,33,4.0
375,59,3.5
376,23,3.5
376,72,4.0
376,199,3.0
376,125,4.0
376,198,2.5
376,168,4.0
376,55,4.0
376,188,2.5
376,34,3.0
376,135,3.0
376,29,4.0
376,17,4.5
376,108,4.5
376,93,3.5
376,148,4.0
376,155,5.0
376,182,4.0
376,51,2.5
376,180,4.0
376,3,2.5
376,173,4.0
376,33,4.0
376,161,4.5
376,4,3.5
376,179,4.0
376,10,3.0
376,163,3.0
376,54,4.5
376,13,5.0
376,71,4.5
376,39,4.5
376,57,4.5
376,192,4.0
376,195,4.0
376,113,3.0
376,128,5.0
377,96,3.0
377,184,4.0
377,50,3.5
377,11,4.0
377,195,5.0
377,34,3.5
377,129,3.0
377,24,3.5
377,107,4.0
377,86,3.0
377,13,5.0
377,105,4.0
377,65,5.0
377,102,5.0
377,51,2.5
377,1,2.0
377,175,3.5
377,15,3.0
377,89,3.5
377,153,4.5
377,60,5.0
377,113,4.0
377,117,4.0
377,118,3.5
377,92,3.5
377,187,5.0
377,150,4.5
377,25,4.0
377,157,3.5
377,138,3.5
377,58,2.0
377,196,4.0
377,19,4.0
377,6,2.5
377,42,2.5
378,176,3.5
378,191,2.5
378,19,3.5
378,121,2.5
378,77,2.5
378,97,4.5
378,156,2.0
378,11,3.5
378,41,4.5
378,150,3.0
378,136,4.0
378,56,3.5
378,31,2.0
378,8,2.5
378,68,4.0
378,64,5.0
378,139,4.5
378,71,4.0
378,18,4.0
378,159,3.5
378,100,3.0
378,101,3.5
378,42,3.0
378,39,4.5
378,146,3.5
378,21,3.0
378,52,4.0
378,188,2.0
378,108,5.0
378,125,3.5
378,4,3.0
378,129,4.5
378,15,3.0
378,94,4.0
378,104,4.0
378,143,4.0
378,95,5.0
378,107,2.5
378,179,3.0
378,118,4.0
378,193,3.5
378,99,3.5
378,60,5.0
378,162,3.5
378,40,3.5
378,22,4.0
378,147,3.0
378,132,3.5
378,157,3.5
378,93,4.0
378,151,4.0
378,16,4.0
378,78,4.5
378,74,3.0
378,66,4.0
378,196,3.5
378,10,3.0
378,113,4.5
378,111,5.0
378,152,4.5
378,51,4.0
378,79,2.0
378,49,4.0
378,58,4.0
378,163,4.0
378,89,3.0
378,3,3.5
378,148,4.0
378,195,4.0
378,43,4.0
378,117,3.0
378,138,5.0
378,34,3.5
378,109,5.0
378,155,3.5
378,50,3.5
379,38,3.0
379,66,3.0
379,56,4.5
379,106,4.0
379,171,4.5
379,36,4.5
379,190,4.5
379,88,4.0
379,168,3.5
379,143,4.5
379,179,4.5
379,83,5.0
379,69,4.5
379,173,5.0
379,39,4.5
379,26,2.0
379,174,3.0
379,132,2.5
379,183,5.0
379,163,4.5
379,11,4.5
379,137,2.5
379,127,4.0
379,153,4.5
379,176,2.0
379,159,3.5
379,185,3.5
379,160,4.5
379,105,4.5
379,200,4.5
379,164,4.5
379,62,3.5
379,80,2.5
379,22,5.0
379,154,3.5
379,147,3.0
379,98,2.5
379,68,3.0
380,62,4.5
380,35,3.0
380,185,4.5
380,73,3.0
380,118,3.5
380,48,5.0
380,94,2.0
380,171,4.0
380,15,3.5
380,194,5.0
380,137,2.0
380,61,3.0
380,58,2.5
380,63,5.0
380,67,2.5
380,52,4.0
380,9,3.5
380,177,4.0
380,200,4.5
380,20,4.0
380,21,2.5
380,191,4.0
380,172,4.0
380,136,3.5
380,128,5.0
380,104,4.0
380,8,3.5
380,96,3.5
380,69,4.0
380,95,5.0
380,120,3.0
380,100,2.5
380,145,5.0
380,178,4.5
380,176,3.5
380,85,4.5
380,117,4.5
380,103,3.5
380,151,3.0
380,167,3.0
380,86,3.5
380,198,2.5
380,93,2.0
380,182,4.0
380,112,3.0
380,193,3.5
380,168,4.0
380,121,4.0
380,70,3.0
380,101,3.5
380,99,3.0
380,129,5.0
380,98,2.0
380,17,3.5
380,111,5.0
380,54,4.0
380,72,3.5
380,33,4.0
380,180,4.0
380,46,3.5
380,88,4.5
380,74,3.0
380,155,4.5
380,6,3.0
380,3,2.0
380,160,4.0
380,79,3.0
380,131,5.0
380,23,4.0
380,140,2.0
380,195,5.0
381,102,4.0
381,78,5.0
381,115,3.5
381,47,3.5
381,29,4.0
381,62,3.0
381,4,2.5
381,117,4.5
381,71,5.0
381,35,2.0
381,195,4.0
381,95,5.0
381,184,3.5
381,151,3.0
381,31,3.0
381,69,3.0
381,197,3.5
381,99,2.5
381,32,3.5
381,74,3.0
381,14,4.5
381,171,4.0
381,68,4.0
381,167,4.0
381,140,4.0
381,150,5.0
381,51,4.0
381,64,5.0
381,41,4.0
381,107,3.0
381,30,2.5
381,199,3.5
381,82,3.5
381,80,3.0
381,55,4.0
381,15,2.5
381,116,4.5
381,146,4.0
381,106,3.5
381,57,4.5
381,118,4.0
381,58,3.0
381,27,2.5
381,5,3.5
382,188,3.0
382,32,4.0
382,127,3.0
382,136,3.0
382,92,3.0
382,43,4.0
382,37,2.0
382,31,3.5
382,21,3.5
382,95,5.0
382,187,3.0
382,141,4.0
382,115,3.5
382,24,5.0
382,143,5.0
382,72,3.5
382,82,3.0
382,41,5.0
382,54,3.5
382,93,3.5
382,169,4.0
382,185,3.5
382,46,3.5
382,111,5.0
382,130,3.5
382,118,3.0
382,67,3.0
382,69,3.5
382,167,2.5
382,128,5.0
382,13,5.0
382,29,4.5
382,171,3.0
382,50,4.0
382,165,5.0
382,42,3.5
382,7,4.5
382,197,3.5
382,106,4.0
382,88,4.0
382,38,3.5
382,57,5.0
382,114,4.0
382,119,5.0
382,116,4.5
382,34,3.5
382,148,3.5
382,177,5.0
382,103,5.0
382,83,4.5
382,105,5.0
382,49,3.5
382,172,4.5
382,120,2.0
382,1,2.5
382,180,3.5
382,179,3.0
382,16,4.0
382,12,3.5
382,196,4.0
382,40,3.0
382,113,3.5
382,138,5.0
383,167,3.0
383,133,3.5
383,169,3.0
383,12,3.5
383,10,2.5
383,7,5.0
383,39,5.0
383,124,4.5
383,175,3.5
383,46,3.5
383,187,4.5
383,33,5.0
383,17,3.0
383,80,2.0
383,48,5.0
383,82,3.0
383,119,5.0
383,170,3.0
383,50,2.5
383,31,3.5
383,109,5.0
383,195,4.0
383,155,4.0
383,78,4.5
383,59,4.5
383,147,3.5
383,32,4.0
383,56,4.0
383,102,5.0
383,136,4.0
383,161,4.0
383,23,3.5
383,127,4.0
383,43,4.5
383,9,4.5
383,51,4.5
383,174,3.0
383,165,4.5
383,97,5.0
383,160,4.5
384,101,3.5
384,46,3.0
384,185,4.0
384,7,4.0
384,154,5.0
384,166,5.0
384,48,4.0
384,148,4.0
384,186,4.0
384,162,4.0
384,125,3.0
384,64,4.5
384,89,3.0
384,33,4.0
384,198,3.0
384,96,4.0
384,158,4.5
384,91,5.0
384,169,3.0
384,175,2.5
384,55,3.5
384,61,2.5
384,38,3.5
384,44,4.0
384,39,4.5
384,164,5.0
384,114,4.0
384,59,5.0
384,184,3.5
384,49,1.5
384,134,2.5
384,155,4.5
384,156,3.0
384,45,3.0
384,1,3.5
384,74,3.5
384,94,4.5
384,122,3.0
384,57,5.0
384,183,4.0
384,58,3.5
384,34,3.5
384,173,4.5
384,109,5.0
384,110,4.0
384,23,3.5
384,130,2.5
384,90,5.0
384,9,5.0
384,121,2.5
384,102,4.5
384,24,5.0
384,13,5.0
384,142,4.5
384,118,3.5
384,12,3.0
384,131,5.0
384,194,4.5
384,100,2.0
384,128,5.0
384,31,4.0
384,196,3.5
384,41,4.0
384,52,3.5
384,98,2.0
384,10,2.5
384,26,3.5
384,4,3.0
384,126,4.5
385,91,4.5
385,166,4.0
385,142,3.5
385,57,5.0
385,143,3.5
385,174,2.5
385,144,3.0
385,162,3.0
385,47,3.5
385,181,5.0
385,23,5.0
385,127,4.5
385,171,3.5
385,193,3.5
385,112,4.5
385,182,5.0
385,68,3.5
385,137,3.0
385,67,3.5
385,104,3.5
385,123,3.5
385,52,4.0
385,84,4.0
385,114,4.0
385,184,5.0
385,34,3.5
386,37,4.5
386,42,2.0
386,183,3.5
386,131,3.5
386,5,2.5
386,163,2.5
386,28,4.0
386,156,3.0
386,75,2.5
386,65,3.0
386,40,5.0
386,89,2.5
386,144,4.0
386,172,4.0
386,145,5.0
386,190,4.5
386,184,4.5
386,171,3.5
386,176,4.0
386,162,3.0
386,48,4.0
386,46,3.5
386,91,4.5
386,104,5.0
386,15,3.0
386,97,4.5
386,47,2.0
386,159,4.0
386,87,5.0
387,100,2.5
387,63,5.0
387,163,2.5
387,185,5.0
387,123,3.0
387,199,4.5
387,18,4.5
387,166,5.0
387,30,3.0
387,137,3.0
387,15,2.5
387,70,3.5
387,102,5.0
387,176,5.0
387,126,5.0
387,71,4.5
387,27,2.5
387,61,3.0
387,2,2.5
387,125,4.0
387,172,4.0
387,81,4.5
387,59,4.0
387,144,4.0
387,79,2.5
387,32,4.5
387,168,4.5
387,177,4.0
387,83,3.5
387,39,5.0
387,4,3.5
387,169,3.0
387,19,4.5
387,57,3.5
387,99,4.0
387,45,4.5
387,103,4.5
387,190,4.0
387,131,5.0
387,74,3.5
387,164,4.0
387,178,4.0
387,147,3.5
387,122,2.5
387,94,4.0
387,193,3.5
387,17,3.0
387,179,3.0
387,197,3.5
387,157,5.0
387,12,3.0
387,93,4.0
387,82,2.5
387,65,5.0
387,146,5.0
387,174,3.5
387,165,5.0
387,194,4.5
387,95,4.0
387,23,4.0
387,110,5.0
387,69,3.0
387,145,4.5
387,20,4.0
387,88,3.5
387,85,5.0
387,140,3.5
387,189,4.0
387,5,3.0
387,24,4.0
387,97,5.0
387,55,3.5
387,180,4.5
387,58,2.5
387,152,4.0
387,64,4.0
387,46,2.5
388,36,4.0
388,5,3.0
388,65,4.0
388,44,3.5
388,112,3.5
388,41,4.5
388,171,3.5
388,4,3.0
388,19,3.0
388,160,4.5
388,167,4.5
388,128,5.0
388,25,5.0
388,35,3.0
388,170,2.0
388,23,4.5
388,39,4.5
388,79,2.0
388,192,4.5
388,52,4.5
388,147,4.5
388,63,5.0
388,111,4.5
388,159,3.0
388,104,5.0
388,119,4.5
388,137,3.5
388,146,5.0
388,166,5.0
388,117,3.5
388,176,3.0
388,10,3.0
388,145,5.0
388,134,3.0
388,122,2.5
388,56,3.5
388,182,4.0
388,43,4.5
388,110,4.0
388,126,5.0
388,124,5.0
388,60,5.0
388,21,3.0
388,155,5.0
388,48,5.0
388,34,4.0
388,113,4.5
388,100,3.5
388,8,2.0
388,118,3.0
388,87,4.0
388,148,3.0
388,136,4.0
388,174,3.5
388,172,4.0
388,140,3.0
388,108,5.0
388,91,4.5
388,61,3.0
388,54,5.0
388,80,3.5
388,181,5.0
388,30,3.0
388,24,5.0
388,98,2.0
388,85,5.0
388,168,4.0
388,49,4.0
388,152,3.0
388,86,4.5
388,47,2.5
389,31,4.0
389,151,4.0
389,18,5.0
389,91,4.0
389,7,4.0
389,90,5.0
389,125,3.5
389,97,4.5
389,70,2.5
389,73,2.0
389,145,5.0
389,164,5.0
389,117,5.0
389,191,4.0
389,123,4.0
389,2,2.0
389,183,3.5
389,13,5.0
389,1,2.5
389,36,4.0
389,108,4.5
389,144,3.0
389,119,5.0
389,102,5.0
389,79,3.0
389,80,3.0
389,140,3.0
389,171,4.5
389,112,3.5
389,128,4.5
390,80,4.5
390,23,3.0
390,108,4.5
390,52,3.5
390,99,4.0
390,89,2.5
390,110,5.0
390,177,3.0
390,9,4.5
390,66,3.5
390,85,5.0
390,192,4.0
390,6,4.5
390,105,5.0
390,63,4.0
390,91,4.0
390,81,4.5
390,179,5.0
390,57,5.0
390,121,3.5
390,51,3.5
390,10,4.0
390,151,4.5
390,196,2.0
390,70,3.0
390,145,5.0
390,194,4.0
390,158,4.0
390,48,5.0
390,119,5.0
390,113,4.5
390,21,4.5
390,29,4.0
390,163,2.0
390,175,3.5
390,92,4.0
390,36,3.5
390,146,4.0
390,98,3.0
390,58,3.0
390,83,4.5
390,53,4.5
390,13,5.0
390,95,3.5
390,152,3.5
390,120,2.5
390,3,3.5
390,46,2.0
390,157,5.0
390,90,4.5
390,168,4.0
390,42,3.5
390,136,3.5
390,149,5.0
390,171,3.5
390,106,3.5
390,159,3.5
390,174,3.0
390,77,2.0
390,61,3.0
390,169,4.0
390,184,4.5
390,75,3.0
390,135,3.5
390,86,4.5
390,101,3.5
390,178,3.0
390,73,1.5
390,166,5.0
390,112,3.0
390,64,5.0
390,142,4.5
390,190,4.5
390,97,4.5
390,34,5.0
390,131,5.0
390,116,4.5
390,181,4.0
390,167,4.5
391,19,3.0
391,79,3.5
391,157,4.5
391,32,3.5
391,102,5.0
391,146,4.0
391,155,4.0
391,151,4.5
391,63,5.0
391,156,3.0
391,192,4.5
391,181,5.0
391,67,2.5
391,71,4.0
391,149,4.5
391,116,4.0
391,73,3.0
391,58,4.0
391,148,4.5
391,70,2.5
391,105,5.0
391,68,4.0
391,5,3.5
391,135,3.0
391,174,4.5
391,169,4.0
391,144,5.0
391,44,5.0
391,38,3.5
391,183,3.5
391,13,4.5
391,152,3.0
391,85,5.0
391,129,3.5
391,108,4.5
391,33,5.0
391,194,4.5
391,123,3.5
391,56,3.5
391,182,3.0
391,137,3.0
391,134,1.5
391,150,4.5
391,189,5.0
391,26,3.5
391,64,4.5
391,41,4.0
391,27,2.5
391,3,3.0
391,147,5.0
391,115,5.0
391,34,4.0
391,16,5.0
391,45,3.5
391,30,2.5
391,163,3.5
391,12,3.0
391,145,5.0
391,84,5.0
391,78,5.0
391,133,3.5
391,90,3.5
391,50,3.5
391,74,3.0
391,106,3.5
391,95,5.0
391,87,5.0
391,121,2.5
391,186,3.5
391,165,4.5
392,78,4.0
392,72,3.5
392,146,3.0
392,111,5.0
392,200,5.0
392,98,3.0
392,17,3.0
392,38,2.5
392,186,3.5
392,157,4.0
392,58,3.0
392,198,3.0
392,14,5.0
392,8,3.5
392,37,4.5
392,92,5.0
392,28,5.0
392,35,2.5
392,30,3.5
392,53,4.0
392,119,3.5
392,86,4.5
393,85,4.5
393,150,4.0
393,87,4.5
393,161,4.0
393,174,3.0
393,121,3.0
393,1,3.5
393,143,4.0
393,111,5.0
393,21,3.5
393,147,4.0
393,157,4.5
393,56,3.5
393,18,5.0
393,67,4.0
393,181,4.0
393,93,3.5
393,142,5.0
393,77,2.5
393,49,4.0
393,186,3.0
393,179,2.5
393,84,3.5
393,102,3.5
393,100,3.5
393,57,3.5
393,22,4.5
393,19,2.5
393,58,3.0
393,139,3.0
393,141,5.0
393,95,4.0
394,47,3.5
394,49,2.5
394,105,4.5
394,41,4.0
394,172,4.0
394,190,4.5
394,35,2.5
394,9,4.5
394,64,5.0
394,50,2.5
394,80,4.0
394,118,4.0
394,75,3.5
394,200,5.0
394,68,3.5
394,198,2.5
394,54,3.5
394,168,4.5
394,28,5.0
394,5,5.0
394,78,5.0
394,60,4.0
394,170,2.5
394,116,5.0
394,149,4.0
394,107,3.5
394,130,3.0
394,173,5.0
394,169,3.5
394,102,4.0
394,139,3.5
394,8,3.5
394,193,4.5
394,142,5.0
394,81,5.0
394,37,3.0
394,146,3.5
394,72,3.5
394,98,2.5
394,150,4.5
394,13,4.5
394,40,3.5
394,23,4.0
394,125,4.0
394,113,3.0
394,74,3.5
394,17,4.0
394,120,3.0
394,186,4.0
394,199,4.0
394,10,4.0
394,180,4.0
394,184,4.0
394,82,3.0
394,15,2.0
394,159,4.0
394,59,5.0
394,138,4.5
394,94,4.0
394,160,5.0
394,42,3.5
394,140,2.5
394,163,3.5
394,109,4.5
394,101,3.0
394,87,4.5
394,187,4.5
394,115,4.5
394,135,3.5
394,197,4.0
394,51,4.5
394,52,3.5
394,194,4.5
394,67,3.5
394,20,3.5
394,195,5.0
395,85,3.5
395,103,3.0
395,147,4.0
395,28,5.0
395,56,3.5
395,53,4.0
395,3,2.5
395,59,5.0
395,6,2.5
395,57,5.0
395,51,4.0
395,65,5.0
395,105,5.0
395,120,3.0
395,113,3.5
395,18,4.0
395,178,3.5
395,32,2.5
395,172,4.0
395,110,5.0
395,117,5.0
395,94,4.0
395,194,4.0
395,186,4.0
395,181,4.5
395,37,4.5
395,123,3.0
395,157,3.5
396,72,3.5
396,165,3.5
396,95,4.0
396,54,4.5
396,15,2.5
396,21,1.0
396,45,4.5
396,60,3.5
396,189,5.0
396,149,4.5
396,143,5.0
396,67,4.0
396,125,3.5
396,44,4.0
396,61,4.0
396,8,2.0
396,56,4.0
396,70,2.5
396,34,3.5
396,12,3.5
396,33,4.0
396,139,4.0
396,76,3.5
396,118,4.0
396,18,4.5
396,191,3.0
396,5,3.0
396,24,4.0
396,117,3.5
396,42,3.0
396,171,4.0
397,113,3.5
397,185,5.0
397,106,3.0
397,67,3.5
397,170,3.0
397,140,3.0
397,119,5.0
397,187,4.0
397,27,3.0
397,122,3.5
397,165,4.0
397,163,4.5
397,177,3.5
397,127,3.0
397,83,5.0
397,197,4.0
397,198,3.0
397,28,4.0
397,160,5.0
397,154,5.0
397,47,3.0
397,68,3.5
397,13,4.5
398,113,5.0
398,40,4.5
398,174,2.5
398,121,3.5
398,162,4.0
398,38,3.5
398,87,5.0
398,130,3.5
398,17,4.0
398,47,3.0
398,199,3.0
398,82,4.0
398,154,4.0
398,11,5.0
398,150,5.0
398,177,3.0
398,88,4.0
398,99,3.5
398,101,3.5
398,137,2.5
398,73,2.5
398,66,4.0
398,193,4.0
398,195,4.5
398,64,5.0
398,125,2.5
398,176,4.0
398,161,5.0
398,49,3.0
398,116,4.5
398,147,4.5
398,20,3.0
398,48,4.5
398,26,2.5
398,34,4.5
398,22,5.0
398,23,2.5
398,13,5.0
398,31,3.5
398,136,4.0
398,118,3.5
398,132,3.0
398,187,4.5
398,61,3.0
398,89,4.0
398,142,5.0
398,107,3.0
398,163,2.5
398,19,2.5
398,117,3.5
398,153,4.5
398,175,4.0
398,75,3.0
398,10,4.0
398,58,3.0
398,39,5.0
398,91,4.0
398,27,3.5
398,65,4.5
398,144,5.0
398,46,2.5
398,189,5.0
398,29,5.0
398,127,4.5
398,143,3.0
398,45,3.0
398,135,3.5
398,37,3.5
398,181,5.0
398,100,3.5
398,179,3.5
398,198,3.5
398,57,5.0
398,72,3.5
398,59,4.0
399,75,3.5
399,39,5.0
399,37,4.5
399,29,4.0
399,97,5.0
399,46,3.5
399,196,4.5
399,174,3.0
399,83,4.5
399,176,3.0
399,67,4.0
399,152,3.5
399,166,5.0
399,98,4.0
399,50,3.0
399,186,3.5
399,1,2.0
399,178,4.5
399,139,4.0
399,51,4.0
399,52,5.0
399,200,4.5
399,76,3.0
399,78,4.5
399,114,4.5
399,5,3.5
399,79,2.5
399,129,4.0
399,133,3.0
399,128,4.5
399,131,4.5
399,154,4.0
399,149,5.0
399,85,5.0
399,4,4.5
399,70,2.5
399,119,4.5
399,6,3.5
399,43,4.0
399,3,4.0
399,96,4.5
399,158,2.0
399,194,5.0
399,130,4.0
399,90,5.0
399,19,2.0
399,81,4.5
399,49,2.5
399,115,3.5
399,171,5.0
399,66,3.5
399,47,3.0
399,102,5.0
399,110,5.0
399,54,2.5
399,41,4.0
399,82,2.5
399,107,3.5
399,60,4.5
399,69,3.5
399,48,3.5
399,116,4.0
399,151,5.0
399,122,4.0
399,144,4.5
399,44,3.0
399,145,5.0
399,92,4.5
399,40,4.0
399,175,2.5
399,108,5.0
399,21,3.0
399,103,4.0
399,45,4.5
400,35,3.5
400,8,3.0
400,168,4.0
400,95,5.0
400,147,3.5
400,186,4.0
400,41,4.0
400,39,4.0
400,152,3.5
400,74,3.5
400,30,4.0
400,19,4.0
400,83,4.0
400,106,3.0
400,56,3.0
400,11,3.0
400,193,4.0
400,192,4.0
400,82,3.5
400,81,3.0
400,171,3.5
400,149,4.0
400,103,4.5
400,60,4.0
400,112,3.0
400,63,4.5
400,119,5.0
400,172,4.5
400,40,4.0
400,166,4.5
400,105,3.5
400,45,4.5
400,160,5.0
400,76,2.5
400,47,2.0
400,185,4.5
400,111,5.0
400,97,4.0
400,20,3.0
400,86,2.5
400,67,4.0
400,132,2.5
400,7,5.0
400,142,4.5
400,87,5.0
400,25,3.0
400,50,2.5
400,53,3.5
400,28,3.0
400,58,3.5
400,138,3.0
400,165,4.5
400,12,3.5
400,70,3.0
400,137,2.5
400,151,3.0
400,194,4.5
400,17,4.5
401,45,4.0
401,20,3.0
401,96,3.5
401,192,4.5
401,76,4.0
401,131,3.5
401,170,2.5
401,29,5.0
401,183,3.5
401,198,3.5
401,138,3.5
401,40,4.0
401,112,3.5
401,140,3.5
401,107,4.0
401,190,4.0
401,128,4.5
401,103,4.0
401,77,3.5
401,3,3.0
401,27,2.0
401,150,5.0
401,193,4.0
401,136,3.0
401,84,4.5
401,68,2.5
402,193,3.5
402,35,1.0
402,173,5.0
402,1,3.0
402,11,4.0
402,100,2.5
402,46,1.5
402,146,3.5
402,129,4.0
402,128,5.0
402,114,4.5
402,164,4.5
402,135,4.0
402,123,3.0
402,63,5.0
402,81,4.5
402,134,2.5
402,84,3.5
402,195,4.5
402,189,5.0
402,103,3.5
402,73,2.0
402,180,4.0
402,80,3.5
402,31,3.5
402,153,4.5
402,112,2.5
402,34,4.0
402,56,3.5
402,76,3.0
402,169,2.5
402,47,2.5
402,29,5.0
402,157,4.0
402,37,3.5
402,174,3.0
402,38,4.0
402,194,5.0
402,20,4.0
403,17,4.0
403,12,4.0
403,73,3.0
403,42,4.0
403,157,3.0
403,65,5.0
403,137,3.0
403,56,2.5
403,29,4.0
403,198,2.5
403,188,3.0
403,125,3.0
403,131,5.0
403,146,4.0
403,180,5.0
403,192,4.5
403,24,4.5
403,121,2.5
403,158,3.0
403,115,4.0
403,40,4.0
403,105,4.5
403,151,3.5
403,196,3.5
403,153,5.0
403,177,5.0
403,72,4.0
403,148,4.0
403,135,3.0
403,25,3.5
403,167,4.0
403,197,5.0
403,132,2.5
403,51,3.5
403,185,4.0
403,141,5.0
403,6,4.0
403,15,2.0
403,57,5.0
403,111,5.0
403,109,4.5
403,179,3.5
403,164,4.5
403,44,4.5
403,1,2.0
403,16,5.0
403,2,2.5
403,90,3.0
403,170,2.0
403,169,3.0
403,139,5.0
403,87,4.0
403,50,2.0
403,140,4.0
403,102,4.0
403,49,1.5
403,171,4.0
403,156,1.5
403,83,3.5
403,199,3.5
403,84,5.0
403,46,4.0
403,70,3.0
403,63,5.0
404,91,2.5
404,142,4.5
404,177,3.5
404,42,3.0
404,107,3.5
404,158,2.5
404,44,3.0
404,169,3.5
404,145,5.0
404,157,4.0
404,16,4.0
404,190,4.5
404,116,5.0
404,102,4.5
404,137,2.5
404,179,3.0
404,111,5.0
404,197,4.5
404,118,3.5
404,112,2.5
404,63,5.0
404,59,4.5
404,46,3.0
404,143,2.5
404,53,5.0
404,129,4.5
404,191,3.0
404,99,2.5
404,176,3.0
404,55,4.0
404,124,5.0
404,105,5.0
404,22,4.0
404,130,3.0
404,87,5.0
404,163,3.5
404,30,4.0
404,162,3.0
404,139,5.0
404,104,4.0
404,178,4.5
404,187,2.5
404,117,3.5
404,27,3.5
404,64,5.0
404,181,5.0
404,199,3.0
404,79,3.0
404,28,4.5
404,1,3.5
404,20,3.0
404,49,2.0
404,40,4.5
404,167,3.0
404,41,4.0
404,52,4.0
404,58,3.0
404,148,4.0
404,26,2.5
404,165,5.0
404,131,4.0
404,144,4.0
404,90,4.5
404,48,5.0
404,119,5.0
404,17,4.0
404,123,4.5
404,84,5.0
404,6,3.0
404,161,5.0
404,170,3.5
404,127,4.0
404,173,5.0
404,13,4.0
404,133,3.0
404,132,3.0
404,171,4.0
404,97,4.5
404,81,5.0
405,138,4.0
405,134,3.0
405,26,3.5
405,168,4.0
405,69,2.5
405,64,4.5
405,20,4.0
405,160,5.0
405,33,3.5
405,120,2.5
405,156,2.5
405,114,3.0
405,105,5.0
405,30,2.0
405,118,4.5
405,129,3.5
405,178,5.0
405,29,4.5
405,91,4.0
405,152,3.0
405,108,5.0
405,149,4.0
405,137,3.0
405,165,4.0
405,195,5.0
405,139,4.0
405,77,3.0
405,90,4.0
405,170,3.0
405,128,4.5
405,46,3.5
405,5,3.5
405,39,5.0
405,101,4.0
405,97,4.5
405,95,5.0
405,103,4.0
405,184,4.5
405,99,3.0
405,44,4.0
405,157,4.0
405,182,3.5
405,148,3.0
405,25,4.5
405,36,4.5
405,83,5.0
405,115,4.0
405,53,4.5
405,79,3.0
405,130,4.5
405,145,4.5
405,42,2.5
405,88,4.0
405,84,4.5
405,58,3.0
405,70,1.5
405,112,4.0
405,3,3.0
405,189,5.0
405,174,4.0
406,69,1.5
406,161,4.0
406,122,3.0
406,37,3.5
406,196,4.0
406,159,4.5
406,106,4.0
406,109,5.0
406,152,3.5
406,78,4.0
406,17,2.5
406,113,3.0
406,147,4.0
406,195,4.5
406,102,4.5
406,125,3.5
406,6,4.0
406,144,3.5
406,1,3.5
406,142,4.5
406,153,4.5
406,118,4.0
406,79,3.5
406,176,3.0
406,175,3.5
406,128,5.0
406,66,3.5
406,183,3.5
406,91,3.5
406,187,3.0
406,188,3.5
406,73,3.0
406,104,5.0
406,71,3.5
406,20,3.0
406,131,2.5
406,50,2.5
406,156,2.5
406,130,3.5
406,191,5.0
406,29,4.5
406,194,4.5
406,119,3.5
406,63,4.5
406,74,3.0
406,179,3.0
406,133,3.5
406,88,3.0
407,137,2.5
407,28,4.5
407,98,2.5
407,75,2.5
407,150,4.5
407,200,5.0
407,8,3.0
407,68,4.0
407,197,3.0
407,81,4.0
407,3,3.0
407,155,5.0
407,43,5.0
407,170,3.0
407,164,5.0
407,132,3.5
407,101,3.5
407,190,2.5
407,84,3.5
407,44,4.5
407,31,2.0
407,9,3.5
407,42,3.0
407,103,4.0
407,36,4.5
407,118,3.5
407,11,4.5
407,102,4.5
407,177,4.0
407,192,3.5
407,142,5.0
407,189,4.0
407,16,4.0
407,5,3.5
407,140,3.0
407,46,3.0
407,70,2.5
407,195,4.5
407,65,5.0
407,92,4.5
407,134,3.5
407,27,2.0
407,57,4.5
407,1,2.0
407,143,4.0
407,139,4.5
407,147,4.5
407,156,3.0
407,49,3.0
407,174,3.0
407,85,5.0
407,124,5.0
407,79,3.0
407,169,4.0
408,68,3.5
408,191,4.0
408,28,3.5
408,142,4.5
408,89,3.0
408,107,3.5
408,61,2.0
408,4,2.0
408,39,4.5
408,115,4.5
408,95,4.0
408,193,4.0
408,13,4.5
408,1,2.5
408,55,4.5
408,12,2.0
408,174,3.0
408,196,4.5
408,100,2.5
408,184,5.0
408,104,4.5
408,27,3.5
408,152,3.5
408,153,3.5
408,92,4.0
408,166,5.0
408,53,4.0
408,5,4.0
408,176,4.0
408,182,3.5
408,75,2.0
408,25,3.0
408,143,3.5
408,67,4.0
408,145,5.0
408,50,2.5
408,113,4.0
408,139,5.0
408,76,5.0
408,111,4.5
408,199,2.0
408,146,4.5
408,14,4.5
408,129,4.0
408,123,4.0
408,173,5.0
408,31,2.5
408,136,3.0
408,121,3.0
408,42,4.0
409,193,4.0
409,53,5.0
409,110,4.5
409,96,5.0
409,177,4.0
409,32,2.5
409,13,5.0
409,60,5.0
409,70,3.0
409,76,3.5
409,78,4.5
409,65,3.5
409,34,5.0
409,154,4.5
409,153,4.0
409,12,3.0
409,101,3.0
409,124,5.0
409,71,4.0
409,171,5.0
409,88,4.0
409,109,5.0
409,144,5.0
409,103,4.5
409,197,4.0
409,43,4.0
409,190,4.0
409,10,2.5
409,97,5.0
409,37,3.5
409,33,3.5
409,30,2.0
409,83,3.0
409,89,3.0
409,157,4.0
409,186,3.5
409,112,3.0
409,123,3.5
409,36,4.5
409,81,4.5
409,179,3.5
409,46,2.0
409,48,4.5
409,47,3.5
409,195,4.0
409,3,4.0
409,85,5.0
409,61,3.5
409,56,4.0
409,191,4.0
409,113,3.5
409,8,3.5
409,67,4.5
409,128,4.5
409,79,2.5
409,163,2.5
409,100,2.5
409,174,3.0
409,139,5.0
409,74,3.5
410,84,5.0
410,44,4.0
410,25,3.0
410,60,4.0
410,137,2.5
410,58,3.0
410,81,5.0
410,2,3.5
410,126,4.0
410,21,3.0
410,36,3.5
410,74,3.5
410,86,4.0
410,187,3.0
410,90,5.0
410,56,5.0
410,27,4.0
410,43,4.0
410,180,4.0
410,153,4.0
410,15,2.5
410,1,3.0
410,64,4.0
410,101,2.5
410,33,4.0
410,169,3.5
410,48,4.0
410,24,3.5
410,18,4.5
410,121,2.5
410,61,3.0
410,164,5.0
410,37,3.5
410,163,2.5
410,119,4.0
410,127,4.0
410,41,3.5
410,109,4.0
410,70,3.0
410,138,4.5
410,140,3.5
410,178,4.0
410,89,2.5
410,143,4.0
410,83,5.0
410,156,4.0
410,142,4.5
411,44,3.5
411,175,2.5
411,89,2.5
411,36,4.5
411,183,2.5
411,81,5.0
411,26,3.5
411,104,4.0
411,30,2.5
411,129,4.0
411,84,4.0
411,126,5.0
411,95,5.0
411,158,4.5
411,22,4.5
411,115,3.5
411,18,3.5
411,15,3.0
411,87,4.5
411,14,4.5
411,136,4.0
411,164,3.5
411,13,4.0
411,93,2.5
411,79,2.0
411,154,4.0
411,24,5.0
411,67,4.0
411,185,4.0
411,117,4.5
411,176,2.5
411,69,3.5
411,121,3.0
411,59,5.0
411,94,4.0
411,179,2.5
411,55,4.0
411,92,5.0
411,37,3.0
412,119,5.0
412,31,2.5
412,92,4.0
412,149,4.0
412,77,2.0
412,180,4.0
412,147,4.5
412,118,4.0
412,52,3.0
412,67,3.0
412,75,3.5
412,155,5.0
412,53,4.0
412,10,2.5
412,86,4.5
412,60,4.5
412,126,5.0
412,131,5.0
412,137,2.5
412,8,3.5
412,57,5.0
412,50,3.0
412,32,3.5
412,136,2.5
412,56,3.0
412,108,4.5
412,22,5.0
413,165,4.0
413,134,4.0
413,154,4.0
413,47,4.5
413,110,5.0
413,10,3.5
413,132,2.0
413,122,3.5
413,130,3.5
413,137,2.5
413,45,4.0
413,143,3.5
413,18,3.5
413,91,4.0
413,190,4.0
413,123,5.0
413,140,3.0
413,193,5.0
413,51,3.5
413,3,3.0
413,74,3.5
413,189,5.0
413,112,3.0
413,48,4.5
413,81,4.5
413,17,3.5
413,176,3.0
413,197,3.5
413,32,3.5
413,114,4.5
413,79,3.0
413,105,4.5
413,84,4.5
413,55,3.5
413,168,4.5
414,26,3.0
414,132,3.0
414,145,5.0
414,28,3.5
414,92,4.5
414,109,5.0
414,176,4.5
414,123,3.5
414,49,3.5
414,75,2.5
414,72,3.0
414,98,2.0
414,128,5.0
414,23,3.5
414,193,2.5
414,114,4.5
414,97,4.0
414,42,3.5
414,152,4.5
414,102,5.0
414,151,5.0
414,17,3.0
414,80,3.5
415,155,4.0
415,148,3.5
415,66,3.5
415,97,3.5
415,162,4.0
415,111,3.5
415,68,4.0
415,88,4.5
415,14,4.5
415,157,3.5
415,151,3.0
415,199,3.0
415,150,5.0
415,8,3.0
415,177,4.0
415,10,4.0
415,29,4.5
415,13,4.5
415,137,3.0
415,153,3.5
415,142,4.0
415,193,4.5
415,123,3.5
415,59,4.0
415,189,4.5
415,5,3.0
415,182,4.0
415,60,5.0
415,179,2.0
415,42,3.0
415,25,4.0
415,22,4.0
415,139,3.5
415,181,4.5
415,105,4.5
415,134,3.0
415,75,3.5
415,74,2.0
415,44,5.0
415,76,3.5
415,100,4.0
415,71,4.0
415,132,2.5
415,133,3.5
415,77,3.5
415,118,2.5
415,188,2.5
415,95,5.0
415,113,3.0
415,196,4.5
415,144,4.0
415,167,3.0
415,126,5.0
415,85,5.0
415,90,4.5
415,165,5.0
415,33,5.0
416,46,2.5
416,37,4.0
416,19,2.0
416,113,4.5
416,191,3.5
416,150,5.0
416,119,5.0
416,188,3.5
416,138,4.5
416,156,3.0
416,170,3.0
416,190,4.5
416,162,4.5
416,198,4.0
416,36,4.0
416,77,3.0
416,136,3.5
416,139,3.0
416,49,3.0
416,164,5.0
416,196,3.0
416,116,5.0
416,21,3.5
417,68,3.5
417,85,5.0
417,26,2.5
417,69,3.0
417,53,5.0
417,109,4.5
417,128,5.0
417,41,4.0
417,134,2.5
417,101,4.5
417,192,4.5
417,27,2.5
417,22,5.0
417,47,3.5
417,186,4.0
417,56,3.5
417,164,4.5
417,8,3.5
417,54,5.0
417,136,3.5
417,129,4.0
417,88,4.0
417,112,3.5
417,138,5.0
417,30,2.5
417,21,3.0
417,148,3.0
417,63,5.0
417,157,5.0
417,126,5.0
417,177,3.5
417,175,3.5
417,71,4.5
417,87,4.5
417,174,2.5
417,3,2.0
417,6,4.0
417,159,4.0
417,147,4.0
417,43,5.0
417,189,4.5
417,114,3.0
417,120,3.5
417,166,5.0
417,13,3.5
417,95,5.0
417,81,4.5
417,38,3.0
417,144,4.0
417,195,3.5
417,151,4.0
417,182,4.0
417,57,5.0
417,96,4.0
417,23,4.0
417,154,3.0
417,130,3.0
417,170,3.0
417,184,4.0
417,119,5.0
417,4,2.0
417,82,3.5
417,50,2.5
417,33,3.5
417,102,5.0
417,142,5.0
417,32,4.5
417,190,5.0
417,62,4.5
417,169,3.0
417,165,4.5
417,64,4.5
417,137,4.0
417,110,5.0
417,74,3.5
417,61,3.0
417,40,3.5
417,18,4.5
418,147,3.0
418,16,3.5
418,177,5.0
418,136,3.5
418,84,4.5
418,137,3.0
418,26,2.0
418,129,3.0
418,184,4.0
418,32,3.5
418,11,5.0
418,73,3.5
418,196,2.5
418,199,3.0
418,35,2.5
418,77,1.5
418,55,4.5
418,183,3.5
418,119,5.0
418,53,5.0
418,103,4.5
418,18,3.5
419,98,3.0
419,194,5.0
419,103,4.5
419,36,4.5
419,113,4.0
419,21,3.0
419,56,3.5
419,177,3.5
419,90,4.5
419,131,5.0
419,185,5.0
419,154,5.0
419,198,2.5
419,146,3.0
419,63,4.0
419,54,4.0
419,91,2.5
419,62,3.0
419,159,4.0
419,16,5.0
419,2,2.5
419,161,4.0
419,86,4.0
419,140,4.0
419,83,4.0
419,111,4.5
419,24,4.0
419,94,2.5
419,163,3.0
419,75,2.5
419,116,4.0
419,64,5.0
419,23,4.0
420,125,4.5
420,146,4.0
420,48,3.5
420,92,4.5
420,89,2.5
420,30,2.5
420,26,2.0
420,98,2.5
420,75,4.0
420,64,4.5
420,101,2.5
420,174,4.0
420,158,3.5
420,11,2.5
420,169,4.0
420,35,4.5
420,131,2.5
420,62,3.0
420,121,1.5
420,200,4.5
420,47,3.5
420,117,4.5
420,8,4.0
420,41,5.0
420,140,4.5
420,153,5.0
420,108,5.0
420,167,3.5
420,97,4.5
420,105,4.5
420,2,3.0
420,88,4.0
420,191,4.0
420,76,3.5
420,46,2.5
420,134,2.5
420,22,5.0
420,172,3.0
420,66,4.0
420,162,4.0
420,18,4.0
420,106,3.5
420,20,3.5
420,9,4.0
420,27,3.0
420,119,4.5
420,83,4.5
420,53,5.0
420,86,4.0
420,138,5.0
420,77,4.0
420,171,5.0
420,68,4.0
420,187,3.0
420,96,3.5
420,32,4.0
420,10,2.5
421,35,3.0
421,126,5.0
421,55,5.0
421,3,3.0
421,68,3.0
421,37,3.0
421,125,3.0
421,108,4.5
421,54,4.0
421,109,5.0
421,131,4.5
421,27,2.5
421,163,2.5
421,67,3.0
421,174,2.5
421,70,2.5
421,117,4.5
421,30,3.5
421,136,3.0
421,194,4.0
422,6,3.5
422,148,4.0
422,106,3.5
422,199,4.5
422,12,3.0
422,108,5.0
422,127,3.5
422,103,3.0
422,67,4.0
422,178,3.5
422,169,3.5
422,156,3.5
422,161,4.0
422,191,2.5
422,1,3.5
422,146,4.0
422,45,3.5
422,184,4.5
422,130,4.0
422,138,3.5
422,72,3.5
422,158,4.0
422,131,4.0
422,117,4.0
422,70,1.0
422,82,2.0
422,90,4.5
422,29,4.5
422,61,2.0
422,85,5.0
422,181,4.5
422,177,4.5
422,35,2.5
422,126,5.0
422,32,3.0
422,190,4.5
422,69,3.5
422,51,3.0
422,200,5.0
422,109,5.0
422,142,4.0
422,144,4.5
422,31,3.0
422,28,4.0
422,99,3.0
422,176,3.5
422,9,4.0
422,52,3.5
422,79,2.5
422,54,4.5
422,129,4.0
422,134,2.5
422,17,3.5
422,182,5.0
422,194,4.0
422,53,4.0
422,141,4.0
422,121,3.5
422,114,4.5
422,92,4.0
422,132,3.5
422,57,3.0
422,60,5.0
422,55,4.0
422,104,5.0
422,73,2.5
422,122,4.0
422,116,4.0
422,4,4.0
422,65,4.5
422,25,4.0
422,170,2.5
422,3,2.0
422,78,5.0
422,2,3.0
422,80,4.5
422,165,4.5
422,15,2.5
422,143,5.0
423,48,5.0
423,140,4.0
423,33,3.5
423,102,5.0
423,35,3.0
423,90,5.0
423,68,3.0
423,43,5.0
423,11,3.5
423,18,4.0
423,168,4.0
423,44,4.5
423,60,5.0
423,22,5.0
423,157,4.5
423,9,5.0
423,186,3.5
423,92,4.0
423,116,5.0
423,119,5.0
423,2,1.5
424,182,4.5
424,177,3.5
424,127,4.5
424,199,3.5
424,152,4.0
424,181,4.5
424,70,2.5
424,26,3.0
424,145,4.0
424,56,5.0
424,41,5.0
424,194,4.5
424,96,4.0
424,62,3.5
424,142,4.5
424,165,4.5
424,20,4.5
424,16,4.5
424,160,5.0
424,124,4.0
424,158,3.0
424,80,3.5
424,193,4.5
425,120,2.5
425,8,3.0
425,151,5.0
425,187,4.0
425,189,4.5
425,143,3.5
425,122,5.0
425,39,4.5
425,191,3.0
425,100,2.5
425,66,4.0
425,148,4.0
425,105,5.0
425,53,4.0
425,47,2.5
425,46,4.5
425,96,4.0
425,21,3.0
425,127,3.5
425,77,3.5
425,37,3.5
425,48,5.0
425,75,3.0
425,4,3.5
425,68,4.0
425,166,5.0
425,173,4.5
425,55,2.5
425,45,4.5
425,108,5.0
425,26,2.5
425,28,4.5
425,137,2.5
425,160,5.0
425,14,3.5
425,10,4.0
425,50,3.0
425,79,2.0
425,98,3.5
425,135,2.5
425,111,5.0
425,170,3.5
425,162,4.0
425,56,3.0
425,13,4.5
425,194,4.5
425,177,4.0
425,193,3.5
425,140,3.0
425,103,4.0
425,115,3.0
425,44,4.5
425,15,2.5
425,153,4.0
426,200,4.0
426,61,2.0
426,101,4.0
426,107,3.0
426,185,5.0
426,35,3.0
426,18,3.0
426,147,5.0
426,93,3.5
426,51,3.0
426,105,5.0
426,140,2.5
426,150,5.0
426,8,2.5
426,3,3.0
426,87,4.0
426,120,3.0
426,122,4.0
426,155,5.0
426,81,4.5
426,187,3.5
426,16,4.5
426,25,3.5
426,127,5.0
426,63,5.0
426,195,4.5
426,86,4.5
426,145,5.0
426,4,3.5
426,7,5.0
426,119,5.0
426,56,2.5
426,158,4.5
426,170,3.0
426,23,4.5
426,49,3.0
426,9,4.5
426,116,4.5
426,44,3.5
426,42,3.0
426,24,5.0
427,98,1.0
427,145,4.0
427,11,3.5
427,191,3.0
427,131,5.0
427,121,4.0
427,20,4.0
427,168,4.0
427,100,3.5
427,127,2.5
427,37,4.5
427,48,4.5
427,31,2.5
427,7,4.5
427,65,3.5
427,81,5.0
427,182,4.5
427,72,4.5
427,105,4.0
427,29,4.0
427,197,4.0
427,181,5.0
427,146,3.5
427,43,4.5
427,141,5.0
427,18,3.5
427,122,2.0
427,2,3.5
427,117,5.0
427,66,3.5
427,79,2.5
427,63,5.0
427,184,3.5
427,14,3.5
427,38,3.0
427,58,3.5
427,78,5.0
427,76,3.5
427,34,3.5
427,189,4.5
427,93,3.0
427,190,4.0
427,24,4.0
427,102,5.0
427,4,3.5
427,159,3.0
427,88,3.5
427,47,3.0
427,55,3.0
427,151,4.0
427,70,2.0
427,22,3.5
427,155,5.0
427,5,3.0
427,150,4.5
427,170,3.5
427,115,3.5
427,174,3.5
427,153,3.5
427,97,5.0
427,6,2.5
427,54,4.0
427,142,5.0
427,108,4.5
427,91,3.0
427,185,4.5
427,25,4.0
427,165,4.0
427,162,3.0
427,195,4.5
427,193,4.0
427,21,2.0
428,35,2.5
428,70,3.5
428,89,2.0
428,178,3.5
428,92,3.5
428,150,5.0
428,139,5.0
428,90,5.0
428,29,3.5
428,98,3.5
428,10,4.5
428,34,4.0
428,28,4.5
428,188,3.5
428,148,4.0
428,171,4.5
428,192,4.5
428,82,2.5
428,138,4.0
428,149,5.0
428,24,4.5
428,44,4.0
428,111,4.0
428,194,5.0
428,104,5.0
428,74,4.5
428,156,3.5
428,182,4.0
428,106,3.5
428,66,3.5
428,123,3.5
428,143,5.0
428,110,5.0
428,132,3.0
428,108,4.0
428,33,3.5
428,55,4.0
428,119,5.0
428,191,3.5
428,16,5.0
428,3,2.5
428,129,3.0
428,135,3.0
428,69,2.5
428,80,4.0
428,117,4.0
428,67,2.5
428,7,5.0
428,131,3.5
428,60,4.5
428,113,3.5
428,169,3.5
428,23,3.5
428,145,5.0
428,184,5.0
428,9,5.0
428,126,5.0
428,75,2.0
428,189,5.0
428,22,5.0
428,112,3.0
428,77,2.5
428,12,4.0
429,186,3.0
429,196,3.0
429,136,3.0
429,197,3.5
429,52,3.0
429,101,2.5
429,156,3.0
429,187,2.5
429,161,4.0
429,33,4.0
429,51,3.5
429,84,4.0
429,59,5.0
429,72,4.0
429,139,4.5
429,69,3.0
429,131,4.0
429,112,2.5
429,70,2.5
429,115,3.5
429,11,3.5
429,130,3.0
429,41,4.0
429,31,3.0
429,58,2.0
429,147,4.0
429,198,3.5
429,106,3.0
429,82,4.5
429,71,4.0
429,111,3.5
429,48,4.5
429,38,3.5
429,3,3.0
429,44,4.0
429,17,3.0
429,43,3.5
429,199,3.5
429,126,4.5
429,168,3.5
429,4,3.0
429,92,4.5
429,85,5.0
429,1,3.0
429,54,5.0
429,56,4.0
429,157,4.5
429,16,4.5
429,6,3.0
429,5,3.0
429,141,4.5
429,133,4.0
429,97,5.0
429,64,5.0
429,75,2.5
429,104,5.0
429,117,4.5
429,62,4.0
429,29,3.0
429,2,2.0
429,154,5.0
429,149,4.5
429,134,3.0
429,24,4.5
429,32,3.5
429,65,4.5
429,177,3.5
430,146,4.5
430,193,4.5
430,190,4.5
430,161,4.5
430,39,5.0
430,61,2.5
430,36,3.5
430,176,5.0
430,127,3.5
430,52,3.5
430,117,5.0
430,149,5.0
430,173,4.5
430,137,2.5
430,148,3.0
430,118,5.0
430,184,4.0
430,159,3.5
430,12,2.5
430,100,2.0
430,3,3.5
430,139,3.5
430,87,4.5
430,77,4.0
430,140,3.5
430,22,5.0
430,141,5.0
430,109,5.0
430,123,3.0
430,67,3.5
430,181,5.0
430,63,4.5
430,11,4.5
430,13,4.0
430,6,3.0
430,153,4.5
430,151,4.0
430,132,1.5
430,71,3.5
430,57,5.0
430,64,4.5
430,112,3.5
430,31,2.0
430,25,3.5
431,22,3.5
431,82,3.5
431,24,5.0
431,170,3.0
431,155,5.0
431,143,4.0
431,166,5.0
431,95,5.0
431,178,4.0
431,67,3.0
431,85,4.0
431,129,3.5
431,37,3.0
431,147,5.0
431,80,3.0
431,39,4.5
431,5,2.0
431,49,2.5
431,163,3.5
431,191,4.0
431,171,4.5
431,4,4.0
431,18,4.0
431,93,4.0
431,53,4.0
431,83,3.5
431,62,3.5
431,72,3.5
431,106,4.5
431,172,4.0
431,8,3.0
431,115,4.5
431,175,3.0
431,97,5.0
431,148,5.0
431,156,4.0
431,153,4.5
431,65,5.0
431,73,3.5
431,149,4.5
431,70,3.0
431,104,4.0
431,111,4.5
431,114,5.0
431,38,3.0
431,14,3.5
431,25,3.0
431,15,4.0
431,141,5.0
431,36,4.5
431,69,3.5
431,184,4.5
431,151,5.0
432,36,4.0
432,168,4.5
432,57,5.0
432,132,3.5
432,115,2.5
432,153,4.0
432,74,2.5
432,1,3.0
432,39,3.5
432,101,2.0
432,37,4.5
432,9,4.5
432,136,3.5
432,89,3.0
432,129,3.5
432,18,4.5
432,128,4.0
432,68,3.5
432,177,4.0
432,84,3.5
432,35,3.5
432,120,2.5
432,59,5.0
432,92,4.0
432,164,5.0
432,50,2.0
432,106,3.0
432,80,3.0
432,41,4.5
433,76,4.5
433,23,4.5
433,41,3.0
433,159,3.5
433,25,2.0
433,198,3.5
433,144,5.0
433,36,4.0
433,142,4.5
433,180,4.5
433,85,4.0
433,28,4.5
433,141,4.5
433,30,4.0
433,176,3.5
433,108,5.0
433,18,3.5
433,161,3.0
433,46,4.0
433,162,3.0
434,102,4.5
434,30,4.5
434,9,4.0
434,16,4.5
434,119,4.5
434,155,4.5
434,45,5.0
434,57,5.0
434,15,3.5
434,68,4.5
434,110,4.5
434,105,5.0
434,7,4.5
434,14,3.0
434,22,5.0
434,33,4.5
434,144,4.0
434,63,5.0
434,134,2.5
434,37,2.5
434,118,3.5
434,23,3.0
434,8,3.0
434,179,3.5
434,194,4.0
434,52,3.0
434,185,3.5
434,146,4.0
434,161,4.5
434,190,3.5
434,18,4.5
434,90,4.5
434,177,3.0
434,174,4.0
434,178,4.0
434,191,3.5
434,137,3.0
434,96,3.0
434,3,4.0
434,128,4.0
434,171,4.0
434,112,3.0
434,84,5.0
434,58,2.5
434,67,3.0
434,80,4.5
434,98,3.5
434,12,4.0
434,79,2.5
434,46,3.0
434,181,4.5
434,113,3.5
434,108,4.5
434,193,4.0
434,77,3.5
434,99,3.0
434,188,4.0
434,28,4.5
434,168,4.0
434,86,4.5
434,61,2.5
434,2,3.0
435,188,2.5
435,80,4.5
435,126,5.0
435,39,4.5
435,67,2.5
435,61,3.0
435,90,5.0
435,143,4.5
435,108,5.0
435,22,5.0
435,198,3.0
435,105,4.0
435,137,3.0
435,44,4.0
435,42,4.0
435,82,3.0
435,26,3.5
435,174,4.5
435,33,4.5
435,118,4.0
435,172,3.5
435,47,3.0
435,101,3.0
435,116,5.0
435,1,2.5
435,131,4.0
435,178,4.0
435,192,5.0
435,100,3.0
435,194,5.0
435,103,4.5
435,40,3.5
435,34,3.5
436,140,3.5
436,114,3.5
436,131,4.5
436,70,1.5
436,160,5.0
436,76,4.0
436,122,3.5
436,120,3.0
436,21,3.0
436,170,2.5
436,41,4.0
436,149,4.5
436,16,5.0
436,164,5.0
436,54,5.0
436,93,4.5
436,4,4.0
436,10,2.0
436,106,3.5
436,28,3.5
436,198,3.0
436,78,4.5
436,129,4.0
436,145,5.0
436,124,5.0
436,179,4.0
436,38,2.5
436,33,4.0
436,61,3.0
436,81,5.0
436,197,3.0
436,186,3.5
436,79,3.0
436,14,3.5
436,168,3.5
436,108,4.0
436,97,4.0
436,141,3.5
436,40,4.0
436,29,5.0
436,39,3.5
436,23,3.5
436,87,5.0
436,111,4.5
436,65,3.5
436,155,4.5
436,92,4.5
436,42,3.5
436,154,4.0
436,66,3.5
436,148,4.5
436,45,5.0
436,5,3.5
436,103,5.0
436,71,4.5
436,73,2.5
436,159,3.5
436,32,3.0
436,26,3.0
436,127,2.5
436,51,3.0
436,192,5.0
436,136,4.5
436,174,4.0
436,119,4.5
436,64,4.5
436,1,3.5
436,110,3.5
436,60,5.0
436,166,4.0
436,58,3.0
436,158,3.5
436,74,4.0
436,156,3.0
437,71,5.0
437,151,4.5
437,108,5.0
437,138,5.0
437,6,2.0
437,104,5.0
437,195,4.5
437,67,3.5
437,5,3.0
437,89,2.0
437,26,3.5
437,190,4.5
437,12,3.5
437,47,3.0
437,24,5.0
437,42,4.0
437,95,5.0
437,80,3.5
437,51,3.0
437,169,3.5
437,72,4.0
437,22,4.0
437,48,4.0
437,64,5.0
437,8,3.0
437,31,2.5
437,103,4.0
437,14,4.5
437,183,4.0
437,157,3.0
437,136,2.5
437,109,4.5
437,2,3.0
437,62,4.0
437,128,5.0
437,37,2.0
437,189,5.0
437,130,4.5
437,99,4.0
437,173,4.5
437,15,4.0
437,52,4.0
437,185,4.5
437,16,4.5
437,159,2.5
437,27,2.0
437,153,5.0
437,115,4.0
437,141,3.5
437,13,4.0
437,21,3.0
437,23,4.0
437,200,4.5
438,122,3.5
438,30,2.5
438,62,3.5
438,28,5.0
438,193,4.5
438,177,3.0
438,128,3.5
438,192,4.5
438,26,2.5
438,151,4.5
438,120,2.5
438,167,4.0
438,143,4.0
438,107,3.0
438,12,2.5
438,27,3.5
438,162,3.5
438,100,3.0
438,40,3.0
438,91,5.0
438,176,4.0
438,158,2.0
438,14,3.5
438,130,4.0
438,67,2.5
438,196,4.0
438,149,4.5
438,166,4.5
438,73,3.0
438,163,3.0
438,190,3.0
438,135,4.0
438,85,5.0
438,94,5.0
438,3,2.0
438,161,5.0
438,31,1.5
438,20,4.5
438,53,4.5
439,31,2.5
439,6,4.0
439,121,2.5
439,43,4.5
439,143,4.5
439,136,4.0
439,174,4.5
439,114,3.5
439,134,4.0
439,191,3.5
439,1,2.0
439,198,3.0
439,36,5.0
439,120,3.0
439,154,5.0
439,15,3.0
439,184,4.0
439,59,4.5
439,187,3.5
439,29,3.0
439,107,2.5
439,28,4.5
439,110,5.0
439,8,3.0
439,142,4.5
439,132,3.5
439,181,5.0
439,158,3.0
439,189,5.0
439,40,4.5
439,34,4.5
439,52,2.5
439,153,5.0
439,151,5.0
439,163,3.0
439,99,3.5
439,65,5.0
439,124,3.5
439,126,5.0
439,200,5.0
439,138,4.5
439,51,2.5
439,125,4.0
439,87,5.0
439,183,4.5
439,11,3.5
439,115,3.5
439,108,4.5
439,144,4.0
439,179,2.5
439,2,3.5
439,47,3.5
439,74,3.0
439,141,5.0
439,4,2.0
439,147,4.0
439,94,4.5
439,91,4.0
439,182,4.5
439,129,4.0
439,9,5.0
439,146,4.5
439,44,4.5
439,66,4.0
439,76,2.5
440,102,4.0
440,48,4.0
440,42,4.0
440,32,3.5
440,101,3.0
440,150,4.5
440,10,3.0
440,99,4.0
440,155,4.5
440,172,3.5
440,98,2.5
440,142,5.0
440,91,4.0
440,117,4.0
440,67,3.0
440,200,5.0
440,171,4.5
440,121,4.0
440,6,2.5
440,100,2.0
440,114,4.0
440,175,3.5
440,179,2.5
440,92,3.5
440,17,3.0
440,112,3.5
440,159,4.0
440,31,3.5
440,63,5.0
440,148,3.5
440,94,3.0
440,37,2.5
440,23,2.5
441,77,2.5
441,38,3.0
441,100,3.5
441,19,3.0
441,2,2.5
441,123,3.5
441,3,2.5
441,56,4.0
441,51,3.0
441,94,3.0
441,12,3.5
441,167,3.5
441,134,2.0
441,67,4.0
441,41,4.5
441,73,2.5
441,55,4.5
441,180,4.5
441,178,4.5
441,29,4.0
441,159,3.0
441,138,4.0
441,57,5.0
441,148,5.0
441,36,5.0
441,74,2.5
441,139,4.0
441,75,3.0
441,129,4.5
441,17,4.5
441,182,4.0
441,7,4.0
441,194,4.0
441,78,5.0
441,28,5.0
441,109,5.0
441,154,3.5
441,20,3.5
441,4,3.0
441,81,4.0
441,59,4.0
441,190,4.5
441,199,4.0
441,26,3.5
441,95,5.0
441,197,3.0
441,97,4.0
441,122,3.5
441,191,4.0
441,141,5.0
441,198,3.5
441,173,4.5
441,104,5.0
441,63,4.5
441,60,5.0
441,85,5.0
441,146,4.0
441,80,3.5
441,151,4.5
441,24,5.0
441,142,3.5
441,1,4.0
441,84,4.0
441,5,3.0
441,31,3.5
441,71,5.0
441,128,3.5
441,108,4.5
441,187,4.0
441,40,5.0
441,126,5.0
441,165,4.5
441,32,2.5
441,186,4.0
441,61,3.0
441,188,3.5
441,135,3.0
442,198,4.0
442,20,3.0
442,115,5.0
442,127,5.0
442,85,5.0
442,26,3.0
442,35,2.5
442,60,4.5
442,152,5.0
442,96,4.5
442,145,5.0
442,128,5.0
442,130,4.0
442,195,5.0
442,88,4.5
442,93,4.0
442,67,3.5
442,40,4.5
442,97,4.5
442,164,4.5
442,12,2.5
442,172,3.0
442,154,4.0
442,119,4.5
442,42,3.0
442,59,5.0
442,99,3.0
442,5,3.5
442,183,4.0
442,76,5.0
442,75,3.0
442,112,3.0
442,95,4.5
442,72,4.5
442,109,5.0
442,177,4.5
442,120,4.0
442,37,3.0
442,10,3.5
442,92,4.5
442,17,4.0
442,114,3.5
442,27,3.5
442,7,4.5
442,118,3.5
442,53,4.5
442,16,5.0
442,129,3.5
442,165,5.0
442,32,3.0
442,185,4.5
442,174,4.0
442,68,3.0
442,124,5.0
443,56,3.0
443,26,3.5
443,125,4.5
443,82,3.0
443,79,4.0
443,59,5.0
443,136,4.0
443,5,3.5
443,48,5.0
443,114,4.0
443,76,4.0
443,19,3.0
443,78,5.0
443,129,4.0
443,84,5.0
443,181,4.5
443,118,4.0
443,172,3.5
443,47,2.5
443,99,4.0
443,13,5.0
443,42,3.5
443,145,4.0
444,136,3.0
444,104,5.0
444,38,3.5
444,116,4.5
444,48,4.5
444,143,3.5
444,133,4.0
444,77,2.0
444,12,2.5
444,115,3.5
444,107,3.0
444,110,4.5
444,65,4.5
444,35,2.0
444,3,3.5
444,191,4.0
444,168,4.5
444,97,4.5
444,175,3.0
444,53,4.5
444,37,2.0
444,123,3.0
444,18,4.5
444,181,5.0
444,87,5.0
444,54,4.0
444,141,5.0
444,103,4.0
444,122,3.0
444,190,4.0
444,36,4.5
444,92,4.0
444,155,4.5
444,33,5.0
444,56,4.5
444,200,5.0
444,111,5.0
444,130,4.0
444,172,5.0
444,156,3.0
444,14,3.5
444,105,5.0
444,8,3.5
444,68,3.0
444,194,4.0
444,134,4.0
444,101,2.0
444,152,2.5
444,60,4.5
444,46,3.5
444,15,2.0
444,86,3.5
444,95,5.0
444,61,2.5
444,67,4.0
444,2,2.0
444,89,2.0
444,7,5.0
444,135,3.5
444,198,2.5
444,162,3.0
444,52,4.5
444,108,4.5
445,116,5.0
445,110,4.5
445,66,3.5
445,3,3.0
445,81,3.5
445,50,2.0
445,175,3.5
445,168,4.0
445,189,5.0
445,83,4.0
445,106,4.0
445,200,4.0
445,15,2.5
445,122,2.5
445,129,5.0
445,153,3.5
445,119,4.5
445,128,4.0
445,182,5.0
445,87,5.0
445,89,2.5
445,198,4.0
445,41,4.5
445,112,3.0
445,20,3.5
445,151,4.5
445,8,2.5
445,62,3.5
445,135,4.0
445,67,3.5
445,38,3.0
445,47,2.0
445,123,4.5
445,54,3.5
445,104,5.0
445,34,4.0
445,117,3.5
445,53,5.0
445,169,3.5
445,16,5.0
445,46,3.0
445,45,4.5
445,170,2.0
445,124,4.0
445,27,2.0
445,28,4.0
445,176,3.5
445,184,4.0
445,95,5.0
445,126,4.5
445,199,4.0
445,31,3.5
445,194,5.0
445,155,4.5
445,109,3.5
445,43,4.5
445,188,3.0
445,76,3.0
445,178,3.5
445,140,4.0
445,96,3.0
445,30,3.5
445,74,3.5
445,69,3.0
445,166,5.0
445,60,5.0
445,9,4.0
445,141,4.5
445,159,4.0
445,156,3.0
445,146,4.0
445,197,4.0
445,167,2.0
445,75,2.0
446,106,3.0
446,146,4.5
446,141,5.0
446,4,3.0
446,25,4.0
446,69,3.0
446,48,5.0
446,174,4.0
446,102,5.0
446,195,5.0
446,127,3.5
446,20,4.5
446,16,5.0
446,109,4.5
446,140,3.0
446,7,5.0
446,19,2.5
446,116,4.0
446,119,3.5
446,5,3.5
446,56,2.5
446,21,2.5
446,103,4.5
446,50,3.5
446,115,4.0
446,11,4.5
446,88,3.5
446,3,2.5
446,9,4.0
446,75,2.0
446,150,5.0
446,51,3.5
446,54,4.0
446,194,5.0
446,200,5.0
446,118,4.0
446,47,2.5
446,65,4.5
446,72,4.5
446,97,5.0
446,148,4.5
446,58,3.0
446,29,3.5
446,113,4.0
446,41,3.5
446,145,5.0
446,162,2.5
446,114,4.5
446,111,4.5
446,62,4.0
446,143,5.0
446,2,2.5
446,139,3.0
446,57,4.5
446,155,4.0
446,172,3.0
446,192,5.0
446,84,4.5
446,67,2.5
446,188,4.5
446,156,2.0
446,90,4.5
446,170,2.5
446,28,3.0
446,147,3.0
446,159,3.0
446,33,4.5
447,23,4.0
447,41,4.5
447,147,2.5
447,31,3.5
447,100,3.0
447,57,5.0
447,90,5.0
447,167,4.0
447,13,5.0
447,77,3.0
447,145,4.0
447,110,5.0
447,16,4.5
447,33,5.0
447,111,5.0
447,184,4.0
447,108,4.0
447,116,4.0
447,102,5.0
447,166,5.0
447,85,4.0
447,44,4.0
447,117,3.5
447,43,4.5
447,142,4.5
447,165,4.5
447,78,4.0
447,92,4.0
447,53,4.5
447,151,4.0
447,126,5.0
447,68,4.0
447,160,5.0
447,161,3.5
447,171,4.5
447,96,4.0
447,6,2.5
447,183,4.0
447,1,3.0
447,130,3.5
447,140,3.5
447,112,3.0
447,174,4.5
447,162,3.5
447,185,3.5
447,127,3.0
447,94,3.5
447,106,4.0
447,164,5.0
447,179,3.5
447,12,2.5
447,168,4.0
447,3,3.5
447,27,2.5
447,190,4.0
447,181,5.0
447,150,5.0
447,177,4.0
447,48,4.5
447,20,2.5
447,175,3.5
447,191,4.0
447,61,4.5
447,9,4.5
447,72,3.5
447,67,2.5
447,137,2.0
447,58,3.0
447,45,5.0
447,199,4.0
447,194,5.0
447,50,3.0
447,64,4.5
447,198,2.0
447,200,5.0
448,18,3.5
448,11,3.5
448,40,3.5
448,96,3.5
448,167,3.0
448,85,5.0
448,89,2.5
448,16,5.0
448,30,2.5
448,159,3.5
448,187,3.0
448,58,2.5
448,87,4.5
448,73,2.0
448,195,4.0
448,184,4.5
448,175,2.5
448,9,5.0
448,189,5.0
448,104,4.5
448,149,4.0
448,130,3.5
448,142,3.5
448,144,3.5
448,190,4.0
448,54,4.0
448,160,5.0
448,50,2.5
448,63,5.0
448,173,3.5
448,42,2.5
448,76,4.0
448,64,4.0
448,101,2.0
448,170,3.0
448,152,3.0
448,110,4.5
448,34,3.5
448,2,2.5
448,138,2.5
448,7,5.0
448,194,3.5
449,70,2.5
449,24,4.0
449,42,3.5
449,149,4.5
449,15,2.5
449,114,3.5
449,86,4.5
449,193,3.0
449,154,4.5
449,101,3.5
449,81,5.0
449,157,3.5
449,192,4.0
449,158,3.0
449,35,3.0
449,196,3.0
449,31,3.5
449,37,3.0
449,63,5.0
449,128,4.5
449,103,4.0
449,51,3.0
449,20,3.5
449,124,4.5
449,118,2.5
449,80,3.0
449,151,4.5
449,96,3.5
449,72,4.0
449,41,3.5
449,17,4.0
449,4,4.0
449,99,3.5
449,47,2.0
449,153,5.0
449,69,3.0
449,199,2.5
449,145,4.5
449,53,3.5
449,115,5.0
449,88,4.0
449,26,2.5
449,174,3.0
449,34,3.5
449,167,3.5
449,102,5.0
449,161,5.0
449,178,3.5
449,59,4.5
449,159,2.5
449,177,5.0
449,173,4.5
449,60,5.0
449,180,4.0
449,33,5.0
449,109,5.0
449,71,3.5
449,122,3.0
449,82,3.0
449,39,4.0
449,131,4.0
449,147,3.0
449,65,4.5
449,168,4.5
449,27,2.0
449,183,5.0
449,7,4.5
449,163,3.0
450,59,3.0
450,7,4.5
450,2,2.5
450,147,4.0
450,152,3.5
450,41,3.5
450,169,5.0
450,190,4.5
450,137,2.5
450,69,3.5
450,81,5.0
450,36,3.5
450,70,2.5
450,16,4.5
450,49,3.0
450,43,3.5
450,181,4.5
450,28,5.0
450,17,4.0
450,91,2.0
450,177,4.5
450,200,4.5
450,85,4.5
450,184,4.0
450,3,2.5
450,82,3.0
450,25,3.0
450,188,2.0
450,54,3.5
450,189,4.5
450,26,2.5
450,149,4.5
450,164,4.5
450,27,2.0
450,77,3.0
450,61,2.5
450,13,5.0
450,133,3.0
450,114,4.0
450,125,3.5
450,196,4.0
450,119,4.5
450,171,4.0
450,67,4.5
450,120,2.0
450,155,4.0
450,33,3.5
450,96,3.5
450,65,4.0
450,34,4.0
450,40,3.5
450,24,4.0
450,129,2.5
450,140,3.0
450,165,4.0
450,66,4.0
450,83,3.5
450,139,3.5
450,29,4.5
450,47,3.0
450,198,2.0
450,78,5.0
450,124,4.5
450,127,4.0
450,11,3.0
450,111,5.0
450,192,4.0
450,98,2.0
450,51,3.0
451,151,4.5
451,143,4.5
451,111,5.0
451,91,4.0
451,25,3.5
451,92,3.5
451,159,4.5
451,15,1.5
451,43,4.5
451,88,4.0
451,120,3.5
451,184,5.0
451,139,4.0
451,171,4.5
451,75,4.5
451,198,3.5
451,71,4.0
451,193,4.0
451,134,2.5
451,86,4.0
451,163,4.0
451,129,3.5
451,195,3.5
451,135,4.0
451,136,2.0
451,50,2.0
451,188,3.0
451,44,4.5
451,83,4.5
451,112,3.0
451,123,4.5
451,35,3.0
451,104,5.0
451,45,5.0
451,5,2.5
451,131,4.0
451,69,5.0
451,102,4.5
451,124,4.0
451,33,4.0
451,150,4.0
451,173,4.0
451,93,3.0
451,79,3.5
451,56,3.5
451,82,2.5
451,96,3.0
451,21,4.0
451,160,4.5
451,101,3.5
451,194,4.0
451,199,3.5
451,41,5.0
451,167,3.0
451,47,3.0
451,90,3.5
451,3,4.5
452,187,3.5
452,170,2.5
452,163,2.5
452,104,4.5
452,44,3.5
452,194,3.0
452,77,3.0
452,115,4.0
452,45,4.5
452,142,4.0
452,106,3.0
452,49,3.0
452,151,3.0
452,65,4.5
452,47,1.5
452,166,5.0
452,4,3.5
452,24,3.5
452,196,4.0
452,42,3.5
452,63,4.5
452,71,3.5
452,23,3.5
452,74,2.5
452,146,4.5
452,147,3.5
452,192,4.0
452,153,5.0
452,3,3.0
452,184,2.0
452,156,2.5
452,168,3.5
452,107,2.5
452,101,3.0
452,182,4.5
452,114,4.5
452,11,4.5
452,35,3.0
452,105,5.0
452,103,4.5
452,1,3.5
452,68,3.0
453,50,2.5
453,48,3.5
453,18,5.0
453,123,3.5
453,73,4.5
453,166,4.5
453,11,4.5
453,5,3.5
453,184,3.5
453,60,5.0
453,158,3.5
453,20,3.5
453,13,5.0
453,22,4.0
453,148,4.0
453,57,5.0
453,63,4.0
453,95,4.5
453,52,5.0
453,138,4.5
453,159,3.0
453,46,3.5
453,35,2.5
453,42,2.5
453,77,3.5
453,119,4.0
453,24,5.0
453,23,3.0
453,152,5.0
453,185,3.5
453,98,3.5
453,2,3.0
453,12,3.5
453,108,5.0
453,6,2.5
453,136,3.0
453,37,3.5
453,175,3.5
453,125,3.5
453,10,3.5
453,83,5.0
453,103,3.5
453,72,4.0
453,180,4.0
453,29,3.5
453,167,4.0
453,15,2.5
454,135,3.5
454,183,3.5
454,91,5.0
454,3,3.0
454,4,3.5
454,147,4.0
454,84,4.5
454,59,4.5
454,119,4.5
454,45,4.0
454,52,4.5
454,70,2.5
454,109,4.0
454,24,5.0
454,114,4.0
454,188,4.0
454,169,4.0
454,38,4.0
454,58,3.0
454,173,5.0
454,29,3.0
454,53,5.0
454,51,3.0
454,106,3.5
454,30,3.5
454,196,3.5
454,165,4.0
454,159,4.5
454,67,4.5
454,73,3.0
454,187,3.5
454,112,3.5
454,77,3.0
454,36,5.0
454,190,5.0
454,26,4.0
454,100,2.5
454,90,4.5
454,71,5.0
454,74,5.0
454,176,4.5
454,178,4.0
454,118,4.0
454,46,3.0
454,192,4.5
454,121,2.5
454,164,5.0
454,134,3.5
454,93,2.0
454,123,3.5
454,108,5.0
454,9,4.5
454,185,4.5
454,54,3.5
454,65,4.0
454,75,4.0
454,47,3.0
454,12,3.5
454,72,3.5
454,110,5.0
454,18,2.5
454,122,4.0
454,194,5.0
454,88,3.5
454,174,3.0
455,49,3.0
455,45,5.0
455,77,3.0
455,179,3.0
455,47,3.0
455,11,4.0
455,44,3.5
455,74,3.5
455,144,4.0
455,57,4.5
455,114,4.5
455,79,2.5
455,69,2.0
455,188,3.5
455,20,3.5
455,128,5.0
455,194,5.0
455,191,3.5
455,187,4.0
455,89,2.0
455,110,5.0
455,86,3.5
455,51,3.5
455,129,3.5
455,100,2.5
455,147,4.0
455,66,3.0
455,115,3.0
455,146,2.5
455,3,2.5
455,43,5.0
455,92,5.0
455,76,3.0
455,138,4.5
455,95,5.0
455,58,2.0
455,97,4.0
455,36,5.0
455,108,5.0
455,192,5.0
455,172,3.0
455,195,4.5
455,72,2.5
455,120,4.0
455,199,4.0
455,178,3.5
455,133,5.0
455,112,1.5
455,182,4.5
455,17,4.0
455,4,3.0
455,1,2.5
455,87,3.5
455,59,3.0
455,177,3.0
455,148,3.5
456,101,3.5
456,186,4.0
456,72,3.5
456,61,2.0
456,83,4.0
456,152,3.0
456,155,3.5
456,5,3.0
456,9,4.0
456,149,4.5
456,57,5.0
456,123,4.0
456,137,3.0
456,20,2.5
456,68,4.0
456,173,5.0
456,110,4.5
456,13,5.0
456,79,3.0
456,126,5.0
456,166,5.0
456,163,2.5
456,106,3.5
456,25,4.5
456,76,4.0
457,71,4.5
457,55,4.0
457,118,5.0
457,14,3.0
457,102,5.0
457,187,4.0
457,97,4.0
457,22,5.0
457,139,4.0
457,116,4.0
457,167,2.0
457,90,4.0
457,107,3.5
457,66,4.0
457,188,3.0
457,120,3.5
457,34,4.5
457,174,3.5
457,100,2.5
457,60,5.0
457,104,5.0
457,142,5.0
457,18,4.5
457,95,4.0
457,169,3.5
457,77,1.5
457,23,4.0
457,133,3.5
457,96,4.5
457,173,3.5
457,156,3.5
457,147,3.0
457,9,4.5
457,16,5.0
457,39,4.5
457,191,3.0
458,133,3.5
458,79,3.5
458,86,3.5
458,11,3.5
458,179,3.5
458,117,4.5
458,167,4.0
458,144,4.0
458,99,3.0
458,6,3.0
458,75,4.0
458,61,2.0
458,94,4.0
458,106,3.5
458,110,4.0
458,9,5.0
458,87,4.5
458,10,4.0
458,59,5.0
458,181,4.0
458,64,3.5
458,114,4.5
458,69,2.5
458,109,4.0
458,152,4.5
458,131,4.0
458,63,4.0
458,55,5.0
458,7,3.5
458,102,4.0
458,124,5.0
458,166,5.0
458,113,3.5
458,173,4.0
458,191,5.0
458,104,5.0
458,121,3.5
458,31,3.0
458,141,5.0
458,35,3.5
458,47,2.5
458,160,5.0
458,108,5.0
458,187,4.5
458,122,5.0
458,148,3.5
458,72,4.5
458,21,1.5
458,5,4.0
458,132,2.5
458,116,4.5
458,175,3.5
458,130,3.5
458,111,5.0
458,85,5.0
458,56,3.0
458,129,3.0
458,146,5.0
458,12,3.5
458,100,4.5
458,164,5.0
458,53,3.5
458,107,3.5
458,139,3.5
458,78,5.0
458,44,4.0
458,151,3.5
458,193,4.0
458,170,4.0
459,6,3.5
459,172,4.0
459,164,5.0
459,78,5.0
459,147,3.5
459,36,5.0
459,195,4.5
459,31,2.5
459,178,2.5
459,117,3.5
459,16,4.5
459,68,4.0
459,166,4.0
459,144,5.0
459,109,4.5
459,180,5.0
459,20,3.5
459,140,4.0
459,103,4.5
459,175,2.0
459,114,4.0
459,8,3.0
459,105,4.5
459,101,4.0
459,53,5.0
459,48,3.0
459,190,4.0
459,18,3.5
459,182,5.0
459,42,3.5
459,148,3.5
459,4,3.5
459,122,5.0
459,50,4.5
459,149,4.0
459,188,2.5
459,46,3.5
459,131,5.0
459,158,4.0
459,21,4.5
459,146,4.0
459,138,4.0
459,41,4.5
459,126,5.0
459,193,4.5
459,187,4.0
459,40,5.0
459,108,5.0
459,83,4.5
459,176,4.0
459,60,4.0
459,119,5.0
459,24,4.5
459,118,4.0
459,2,2.5
459,137,3.5
459,186,3.5
459,79,4.0
459,189,5.0
459,44,4.0
459,104,4.5
459,75,3.0
459,162,4.0
459,179,3.0
459,151,4.5
459,61,3.5
459,23,4.0
459,135,3.5
459,84,4.5
459,197,4.5
459,5,4.0
459,29,4.5
459,73,2.5
459,198,3.0
460,158,3.5
460,88,5.0
460,138,4.5
460,113,5.0
460,49,3.0
460,1,2.5
460,95,5.0
460,67,3.5
460,156,2.0
460,136,3.5
460,42,3.5
460,70,3.0
460,60,5.0
460,144,4.0
460,132,3.0
460,72,3.5
460,169,4.5
460,63,5.0
460,14,3.5
460,179,3.0
460,38,4.0
460,178,4.5
460,174,3.5
460,20,3.0
461,2,1.5
461,99,2.5
461,163,3.5
461,97,5.0
461,165,4.5
461,70,4.0
461,170,3.5
461,57,4.5
461,174,3.5
461,30,4.0
461,88,2.0
461,166,5.0
461,136,4.0
461,149,5.0
461,14,3.5
461,27,2.5
461,98,2.5
461,167,2.5
461,65,4.0
461,187,3.5
461,169,4.0
461,37,2.5
461,168,3.5
461,131,5.0
461,24,5.0
461,85,4.5
461,1,3.0
461,52,3.5
461,115,4.0
461,12,3.5
461,191,3.5
461,122,3.0
461,186,4.0
461,154,4.0
461,40,4.0
461,106,3.5
461,162,2.0
461,77,3.0
461,11,4.5
461,172,5.0
461,13,5.0
461,53,5.0
461,8,3.5
461,132,2.5
461,139,4.0
461,9,3.5
461,133,4.0
461,17,3.5
461,117,4.0
461,41,5.0
461,103,3.5
461,39,4.5
462,167,4.0
462,198,3.0
462,76,3.0
462,77,2.5
462,135,2.0
462,84,4.5
462,193,4.0
462,8,3.0
462,170,2.5
462,5,3.5
462,118,4.0
462,38,3.5
462,133,3.0
462,130,4.0
462,169,3.5
462,149,4.5
462,87,5.0
462,145,5.0
462,48,5.0
462,165,5.0
462,166,5.0
462,120,3.0
462,162,3.5
462,71,5.0
462,23,2.5
462,20,3.5
462,108,5.0
462,139,3.5
462,1,3.0
462,109,5.0
462,152,3.0
463,99,3.5
463,29,4.0
463,44,3.5
463,121,2.5
463,104,5.0
463,101,3.5
463,34,3.5
463,4,3.5
463,143,5.0
463,9,3.5
463,136,3.5
463,35,3.0
463,5,3.0
463,62,4.5
463,160,5.0
463,31,3.0
463,117,4.0
463,15,3.0
463,163,3.5
463,45,2.5
463,108,4.5
463,50,2.5
463,173,5.0
463,68,3.5
463,72,3.5
463,69,2.5
463,56,3.5
463,84,5.0
463,153,4.0
463,98,1.5
463,162,3.5
463,167,3.5
463,48,5.0
463,165,4.0
463,65,4.0
463,86,2.5
463,134,4.0
463,125,4.0
463,2,2.5
463,21,2.5
463,46,2.5
463,3,3.0
463,76,3.0
463,37,3.0
463,77,4.0
463,42,3.0
463,96,3.0
463,174,3.5
463,105,4.0
463,188,4.5
463,150,5.0
463,24,4.0
463,40,3.5
463,58,2.5
463,118,3.5
463,94,3.5
463,64,5.0
463,159,3.0
463,47,3.5
463,175,3.5
463,116,4.5
463,196,3.0
463,16,5.0
463,144,4.0
463,97,5.0
463,115,3.0
463,1,3.0
463,194,4.5
463,158,3.0
463,63,4.5
463,190,4.5
463,82,2.5
463,189,4.5
463,109,4.5
463,171,4.0
463,135,3.0
464,196,3.0
464,109,4.5
464,66,5.0
464,129,3.5
464,193,4.5
464,21,3.0
464,180,4.5
464,137,2.5
464,113,4.0
464,95,4.5
464,72,3.0
464,174,4.0
464,5,1.5
464,63,5.0
464,103,3.0
464,194,4.0
464,70,2.0
464,131,4.5
464,140,3.5
464,38,4.0
464,31,2.0
464,91,4.5
464,146,4.0
464,116,4.0
464,128,5.0
464,64,4.5
464,133,4.0
464,191,3.0
464,71,4.0
464,186,4.0
464,106,4.5
464,39,5.0
464,51,1.5
464,33,4.0
464,60,4.5
464,110,5.0
464,10,3.5
464,98,2.5
464,104,5.0
464,119,4.0
464,155,5.0
464,136,4.5
464,105,4.5
464,73,2.0
464,150,5.0
464,19,2.5
464,34,3.5
464,96,5.0
464,149,4.5
464,80,4.5
464,178,4.0
464,125,3.5
464,45,4.0
464,35,3.0
464,13,4.5
464,198,3.0
464,48,4.0
464,135,3.5
464,100,2.0
464,144,4.0
464,43,4.0
464,170,1.5
464,167,4.0
464,3,2.5
465,105,5.0
465,46,2.5
465,49,3.5
465,89,3.0
465,97,5.0
465,157,4.0
465,152,2.5
465,154,5.0
465,169,4.0
465,40,4.0
465,151,4.5
465,189,3.5
465,155,4.5
465,141,4.5
465,64,5.0
465,56,3.5
465,83,4.0
465,142,5.0
465,123,3.5
465,103,3.5
465,143,4.5
465,132,3.5
465,119,4.0
465,127,4.5
465,116,3.5
465,195,4.0
465,48,4.0
465,96,5.0
465,112,2.5
465,4,3.0
465,78,5.0
465,32,4.0
465,186,4.0
465,66,3.5
465,135,4.0
465,45,4.0
465,13,5.0
465,134,4.0
465,65,5.0
465,156,3.0
465,168,4.5
465,25,3.0
465,84,4.5
465,52,4.0
465,188,4.0
465,136,4.5
465,198,3.5
465,22,3.5
465,191,4.0
465,33,4.0
465,104,5.0
465,3,2.5
465,8,3.0
465,2,3.0
465,18,4.0
465,75,3.0
465,77,2.0
466,120,2.5
466,103,4.5
466,38,3.0
466,158,4.0
466,186,4.0
466,192,4.0
466,18,5.0
466,79,3.5
466,190,4.0
466,167,3.5
466,170,3.0
466,59,3.5
466,9,3.5
466,73,3.5
466,145,4.5
466,19,3.0
466,56,2.5
466,77,2.5
466,31,3.0
466,5,3.5
466,53,2.5
466,133,3.5
466,148,3.5
466,127,4.5
466,83,5.0
466,39,4.5
466,163,2.0
466,140,3.5
466,121,3.0
466,34,5.0
466,188,4.5
466,152,4.0
466,157,3.5
466,139,4.5
466,112,3.0
466,165,4.5
466,84,3.5
466,99,4.0
466,183,3.5
466,41,4.0
466,35,2.5
466,76,3.0
466,3,3.0
466,85,3.5
466,175,3.5
466,15,2.0
466,179,2.5
466,47,4.0
466,60,4.5
466,87,4.0
466,169,4.0
466,8,4.5
466,146,3.5
466,125,3.0
466,110,4.0
466,178,4.5
466,27,3.5
466,67,2.5
466,199,4.0
466,33,3.5
466,173,4.5
466,195,4.0
466,95,5.0
466,142,4.5
467,94,3.0
467,63,5.0
467,161,3.5
467,1,2.0
467,115,4.5
467,158,4.5
467,105,5.0
467,194,5.0
467,26,3.0
467,135,4.0
467,111,4.0
467,147,3.0
467,86,3.5
467,123,4.5
467,40,4.0
467,167,3.5
467,165,4.5
467,75,2.0
467,2,4.0
467,80,4.0
467,64,5.0
467,79,1.5
467,126,5.0
467,66,3.5
467,31,2.5
467,42,3.0
467,82,2.5
467,58,2.0
467,19,3.0
467,169,3.5
467,50,3.0
467,124,5.0
467,159,3.0
467,81,3.0
467,104,5.0
467,25,4.5
467,4,3.5
467,14,4.5
467,128,5.0
467,178,3.0
467,127,3.5
467,51,3.5
467,44,4.5
467,172,5.0
467,162,4.0
467,90,5.0
467,16,5.0
467,173,4.0
467,108,4.0
467,23,3.5
467,148,4.0
467,46,2.5
467,12,4.0
467,38,4.0
467,188,2.5
467,157,5.0
467,168,4.0
467,133,3.0
467,171,5.0
467,170,3.0
467,54,5.0
467,118,3.5
468,48,3.5
468,76,3.5
468,80,4.0
468,71,3.5
468,115,3.0
468,74,3.5
468,141,4.0
468,156,3.0
468,1,3.0
468,70,3.0
468,127,3.0
468,111,5.0
468,7,5.0
468,114,4.5
468,137,3.5
468,107,2.5
468,33,4.5
468,58,2.0
468,81,3.5
468,17,5.0
468,2,3.5
468,178,5.0
468,121,3.0
468,106,3.5
468,83,4.5
468,20,3.5
468,193,4.0
468,19,3.0
468,179,3.5
468,162,3.0
468,9,4.0
468,143,4.5
468,92,4.0
468,23,4.0
468,124,4.0
468,62,3.5
468,43,4.5
468,138,3.5
468,152,3.0
468,89,2.0
468,21,3.0
468,69,4.5
468,91,3.0
468,99,4.0
468,50,3.5
468,66,5.0
468,10,5.0
468,173,5.0
468,169,4.0
468,158,2.5
468,131,3.5
468,192,4.5
468,161,3.5
468,148,4.0
468,140,2.0
468,160,5.0
468,25,3.5
468,176,3.5
468,116,4.0
468,67,2.5
468,191,4.0
468,101,3.5
468,94,3.0
468,64,5.0
468,30,3.0
468,102,4.5
469,122,4.0
469,1,3.0
469,13,5.0
469,73,3.0
469,3,3.0
469,151,3.5
469,63,4.5
469,4,4.0
469,184,3.5
469,80,4.5
469,82,3.0
469,191,3.0
469,31,2.0
469,139,4.5
469,71,4.0
469,5,4.0
469,64,3.5
469,155,4.0
469,140,3.0
469,39,4.0
469,46,3.0
469,21,3.0
469,187,3.5
469,7,5.0
469,175,2.5
469,54,4.5
469,195,4.0
469,98,3.0
469,101,3.0
469,42,3.0
469,11,3.5
469,62,4.0
469,132,3.0
469,96,4.0
469,182,4.5
469,142,4.5
469,103,3.5
469,72,3.0
469,161,3.5
469,6,3.0
469,114,3.5
469,137,3.0
469,178,4.5
469,193,4.0
469,181,4.5
469,172,5.0
469,83,5.0
469,41,3.5
469,87,4.5
469,24,4.5
469,173,4.5
469,197,5.0
469,112,3.0
469,53,4.5
469,147,4.0
469,61,3.5
469,88,4.5
469,107,3.5
469,34,3.0
469,52,3.0
469,15,3.0
469,49,3.0
469,120,3.5
469,77,4.0
469,68,2.5
469,162,4.5
469,129,3.5
469,130,4.0
469,14,3.5
469,111,5.0
469,125,4.0
469,170,2.5
470,180,4.5
470,158,4.0
470,24,5.0
470,139,4.0
470,186,5.0
470,178,4.0
470,162,3.5
470,73,2.5
470,57,5.0
470,21,3.0
470,198,3.5
470,52,4.0
470,175,3.0
470,38,3.0
470,100,3.0
470,97,5.0
470,26,4.0
470,25,4.0
470,86,3.5
470,138,4.5
470,71,5.0
470,142,5.0
470,87,4.5
470,144,5.0
470,13,5.0
470,88,3.5
470,42,3.5
470,103,4.0
470,62,4.5
470,48,5.0
470,169,4.0
470,31,3.0
470,29,5.0
470,153,4.5
470,104,5.0
470,9,5.0
470,76,4.0
470,117,4.5
470,41,5.0
470,187,4.5
470,5,3.5
470,81,4.5
470,58,3.5
470,154,4.5
470,121,1.5
470,2,3.0
470,122,3.5
470,123,4.0
470,70,2.0
470,94,3.0
470,72,4.0
470,164,5.0
470,167,3.5
470,15,2.5
470,137,2.5
470,36,4.0
470,51,3.5
470,191,4.5
471,159,3.5
471,147,4.0
471,87,5.0
471,187,3.5
471,63,5.0
471,148,4.0
471,70,3.5
471,108,5.0
471,125,4.5
471,100,2.5
471,105,5.0
471,34,5.0
471,190,5.0
471,47,3.0
471,64,5.0
471,84,5.0
471,180,3.5
471,195,4.0
471,97,5.0
471,1,3.0
471,94,4.0
471,60,5.0
471,4,3.0
471,36,4.0
471,99,2.5
471,19,2.5
471,137,3.0
471,78,5.0
471,5,4.0
471,189,4.0
471,96,3.5
471,192,3.5
471,143,5.0
471,115,4.0
471,2,3.5
471,56,3.5
471,191,3.5
471,133,3.5
471,103,3.5
471,13,3.5
471,85,4.5
471,14,3.5
471,101,2.5
471,61,3.0
471,11,4.5
471,102,4.0
471,155,5.0
471,62,3.0
471,112,3.0
471,3,3.0
471,95,4.5
471,12,2.5
471,171,4.5
471,136,3.0
471,23,3.5
471,110,4.0
471,69,2.5
471,151,4.0
471,140,3.5
471,31,3.5
471,168,4.5
471,165,4.0
471,149,4.5
471,141,4.5
471,43,5.0
471,16,5.0
471,157,4.0
471,8,3.0
471,37,3.0
471,184,4.5
471,35,2.5
471,6,3.5
472,118,3.5
472,194,4.0
472,95,5.0
472,146,5.0
472,120,2.5
472,179,3.5
472,153,4.5
472,94,4.0
472,60,5.0
472,29,4.0
472,148,3.5
472,167,3.5
472,48,4.0
472,101,3.0
472,11,3.0
472,13,4.5
472,160,5.0
472,137,3.5
472,111,5.0
472,12,3.5
472,35,3.0
472,119,5.0
472,90,4.5
472,127,3.5
472,76,3.0
472,170,3.5
472,83,4.5
472,66,5.0
472,70,3.5
472,162,3.0
472,152,4.5
472,36,4.0
472,181,5.0
472,82,3.0
472,74,2.5
472,143,4.0
472,155,4.5
472,73,2.5
472,166,4.5
472,85,5.0
472,58,4.0
472,132,2.5
472,24,5.0
472,32,3.0
472,165,5.0
472,5,2.0
472,144,5.0
472,31,1.5
472,141,5.0
472,100,3.0
472,178,4.0
472,150,4.0
472,136,3.5
472,55,4.0
472,163,3.0
472,197,4.5
472,161,4.5
472,102,5.0
472,104,4.5
472,41,4.5
472,43,4.5
472,198,3.5
472,39,4.0
472,157,4.5
472,177,5.0
472,190,4.5
472,14,5.0
472,81,5.0
472,105,5.0
473,36,4.5
473,80,3.0
473,139,5.0
473,109,4.5
473,8,3.5
473,115,5.0
473,3,3.5
473,76,3.0
473,195,4.5
473,164,4.5
473,40,4.0
473,108,5.0
473,104,5.0
473,5,3.0
473,34,3.5
473,51,3.5
473,91,5.0
473,17,3.5
473,94,3.0
473,130,3.0
473,182,4.5
473,7,4.5
473,19,3.5
473,96,3.5
473,185,4.0
473,175,2.5
473,2,3.0
473,18,4.5
473,113,4.0
473,59,3.5
473,163,3.0
473,24,4.5
473,197,3.0
473,128,4.5
473,25,5.0
473,81,4.5
473,168,3.5
473,14,3.5
473,89,2.0
473,135,4.5
473,172,5.0
473,147,4.0
473,16,4.5
473,177,5.0
473,186,3.0
473,46,3.5
473,66,4.5
473,78,5.0
473,20,4.5
473,54,4.5
473,63,4.0
473,84,5.0
473,79,3.0
473,114,4.5
473,146,5.0
473,68,3.0
473,15,2.5
473,97,5.0
473,145,5.0
473,180,3.5
473,55,3.5
473,166,4.5
473,82,2.5
473,120,3.5
473,170,3.0
473,138,4.0
473,118,3.5
473,32,4.0
473,21,2.0
473,102,4.5
473,112,3.5
473,77,2.0
473,188,4.0
474,32,3.0
474,142,5.0
474,61,2.5
474,50,3.0
474,83,4.5
474,183,4.5
474,156,3.0
474,127,3.5
474,68,3.5
474,161,4.0
474,172,4.0
474,144,4.0
474,118,3.0
474,102,4.5
474,141,4.5
474,2,3.0
474,96,3.5
474,176,2.0
474,120,2.5
474,13,3.5
474,48,4.5
474,63,3.5
474,178,3.0
474,123,3.0
474,122,4.0
474,23,3.0
474,139,4.0
474,192,5.0
474,179,4.0
474,185,4.5
474,165,5.0
474,26,3.5
474,145,4.5
474,180,4.5
474,42,3.5
474,7,4.0
474,155,4.5
474,93,2.5
474,111,5.0
474,126,5.0
474,62,3.5
474,56,3.0
474,49,3.5
474,37,3.0
474,164,4.5
474,177,3.5
474,55,4.5
474,35,2.5
474,54,3.5
474,168,3.5
474,104,4.0
474,75,2.5
474,67,3.5
474,11,4.0
474,167,3.5
474,189,4.5
474,153,5.0
474,196,3.5
474,160,5.0
474,166,4.5
474,187,3.5
474,188,3.0
474,97,5.0
474,146,4.5
474,148,4.5
474,43,4.0
474,113,2.5
474,195,4.5
474,198,3.5
474,41,4.5
474,58,3.5
474,87,4.0
474,157,4.5
474,6,2.5
474,18,3.5
474,31,3.0
475,177,4.0
475,1,3.0
475,17,4.0
475,109,4.0
475,158,3.5
475,49,3.0
475,59,3.5
475,45,4.5
475,133,3.5
475,72,4.0
475,76,3.5
475,36,4.0
475,55,4.5
475,77,1.5
475,127,3.5
475,169,2.5
475,19,2.5
475,155,4.5
475,152,2.5
475,135,2.5
475,39,5.0
475,156,2.0
475,3,4.0
475,173,4.5
475,124,5.0
475,85,5.0
475,83,5.0
475,22,3.5
475,175,3.0
475,69,3.5
475,88,4.0
475,33,5.0
475,100,3.5
475,15,3.5
475,114,4.0
475,174,3.5
476,142,5.0
476,57,5.0
476,32,4.0
476,8,3.0
476,1,3.0
476,184,5.0
476,101,3.5
476,73,3.0
476,63,4.0
476,55,3.5
476,173,5.0
476,40,5.0
476,48,3.5
476,111,4.5
476,161,4.5
476,39,4.5
476,33,4.0
476,127,4.0
476,116,5.0
476,120,2.5
476,181,5.0
476,56,3.5
476,53,5.0
476,20,4.0
476,107,4.0
476,130,4.0
476,9,5.0
476,102,4.0
476,103,4.5
476,77,2.0
476,123,4.0
476,197,4.0
477,97,5.0
477,9,4.5
477,86,4.5
477,158,3.5
477,81,4.5
477,44,3.5
477,160,5.0
477,129,4.0
477,78,5.0
477,35,3.0
477,162,4.0
477,74,2.0
477,22,5.0
477,187,4.0
477,10,3.0
477,164,4.5
477,122,2.5
477,182,4.0
477,77,4.0
477,14,3.5
477,34,3.5
477,127,3.5
477,70,2.0
477,5,3.0
477,173,5.0
477,166,4.0
477,112,2.0
477,184,4.5
477,94,3.5
477,130,4.5
477,43,4.0
477,110,5.0
477,117,4.5
477,108,5.0
477,36,4.0
478,11,4.0
478,63,3.5
478,181,4.5
478,104,5.0
478,49,3.5
478,131,4.0
478,170,3.5
478,92,4.5
478,163,2.0
478,68,2.0
478,106,4.0
478,187,3.0
478,19,2.5
478,73,1.5
478,147,3.5
478,115,4.0
478,69,3.0
478,81,4.0
478,153,4.0
478,125,4.5
479,179,2.5
479,198,2.5
479,147,4.5
479,174,4.0
479,125,4.0
479,192,4.0
479,148,3.5
479,139,3.5
479,182,3.5
479,72,3.0
479,154,5.0
479,20,4.0
479,66,4.0
479,190,4.5
479,181,5.0
479,130,3.5
479,110,4.5
479,9,4.5
479,151,3.5
479,159,2.5
479,81,4.5
479,180,3.0
479,4,3.0
479,73,3.5
479,153,5.0
479,170,2.5
479,54,5.0
479,37,2.0
479,107,3.5
479,112,2.5
479,76,4.0
479,56,3.5
479,33,3.0
479,34,4.0
479,57,5.0
479,152,2.0
479,188,4.0
479,98,2.5
479,26,3.5
479,167,3.0
479,162,4.0
479,41,5.0
479,141,5.0
479,150,4.5
479,137,2.5
479,189,4.5
479,27,2.5
479,85,5.0
479,74,2.5
479,144,5.0
479,87,4.0
479,59,4.0
479,65,4.5
479,5,3.0
479,2,3.5
479,19,3.5
479,47,2.5
480,50,3.5
480,152,4.0
480,136,4.0
480,181,5.0
480,78,5.0
480,128,5.0
480,77,3.0
480,45,4.0
480,164,4.5
480,42,2.5
480,88,3.0
480,102,5.0
480,184,4.5
480,119,5.0
480,130,4.0
480,179,4.5
480,126,5.0
480,17,5.0
480,132,3.5
480,129,4.0
480,135,4.0
480,37,3.5
480,33,4.5
480,53,5.0
480,116,4.5
480,180,3.5
480,165,4.5
480,140,4.5
480,167,4.5
480,124,3.5
480,15,2.0
480,85,5.0
480,173,5.0
480,75,3.5
480,18,4.5
480,100,2.5
480,134,3.5
480,13,5.0
480,99,3.0
480,20,3.5
480,52,4.5
480,66,3.5
480,148,4.0
480,95,5.0
480,103,4.0
480,79,3.5
480,120,2.5
480,158,4.5
480,138,4.5
480,70,2.0
480,101,4.0
480,7,5.0
480,84,4.0
480,182,5.0
480,110,4.5
480,114,3.0
480,69,3.5
480,174,3.5
480,200,3.5
480,139,4.5
480,62,3.5
480,1,2.0
480,145,5.0
480,40,4.0
480,160,4.5
480,189,5.0
480,31,3.5
480,163,2.5
480,16,5.0
480,185,4.5
480,107,3.0
480,22,3.0
480,162,4.0
480,198,3.0
480,183,3.5
480,141,5.0
480,133,3.5
480,54,4.5
481,130,4.5
481,105,5.0
481,72,3.0
481,85,4.5
481,128,5.0
481,171,4.5
481,134,3.5
481,103,5.0
481,83,4.0
481,84,5.0
481,92,4.5
481,127,4.0
481,91,4.0
481,26,4.0
481,45,2.5
481,66,3.0
481,121,3.5
481,111,4.5
481,71,5.0
481,2,1.5
481,181,4.0
481,14,3.5
481,99,3.5
481,135,4.0
481,115,3.5
481,87,5.0
481,194,5.0
481,107,3.0
481,136,2.5
481,34,3.0
481,75,3.0
481,15,3.5
481,190,4.5
481,19,3.0
481,173,4.0
481,98,3.0
481,188,4.5
481,185,3.0
481,191,3.5
481,28,3.5
481,40,3.5
481,186,3.0
481,163,3.0
481,78,5.0
481,67,4.0
481,18,4.0
481,132,2.0
481,151,4.0
481,184,3.5
481,76,3.0
481,180,4.5
481,37,3.5
481,52,4.0
481,148,3.5
481,172,4.5
481,199,3.0
481,137,4.0
481,110,5.0
481,5,3.0
481,154,4.5
481,60,4.5
481,82,4.5
481,152,4.0
482,6,3.0
482,63,4.5
482,105,5.0
482,50,3.0
482,12,2.5
482,160,4.5
482,77,2.5
482,69,3.0
482,40,5.0
482,55,4.0
482,132,2.5
482,165,3.5
482,106,4.5
482,16,5.0
482,45,5.0
482,196,4.0
482,178,3.5
482,86,3.5
482,13,5.0
482,139,4.5
482,157,4.5
482,137,4.0
482,58,3.5
482,8,3.0
482,156,2.5
482,72,4.0
482,18,4.5
482,191,4.5
482,193,4.5
482,149,5.0
482,4,3.5
482,150,4.5
482,111,5.0
482,164,4.5
482,17,3.5
482,176,4.0
482,122,4.5
482,153,5.0
482,125,3.5
482,148,3.5
482,162,4.0
482,35,2.5
482,70,2.0
482,87,5.0
482,192,4.5
482,143,4.0
482,172,4.0
482,29,4.5
483,135,2.5
483,4,3.0
483,77,2.5
483,82,3.5
483,11,4.5
483,119,4.5
483,53,3.5
483,91,4.5
483,97,4.0
483,177,4.5
483,126,4.5
483,198,3.0
483,131,5.0
483,199,5.0
483,147,2.5
483,83,5.0
483,128,4.5
483,164,5.0
483,183,4.0
483,58,3.5
483,186,4.0
483,65,4.0
483,174,4.0
483,5,3.5
483,87,4.5
483,150,4.0
483,161,5.0
483,141,5.0
483,12,2.0
483,36,5.0
483,169,3.0
483,111,3.5
483,1,3.0
483,44,4.0
483,158,2.5
483,179,3.0
483,70,2.0
484,60,4.5
484,24,3.5
484,91,3.5
484,136,3.0
484,154,4.5
484,36,4.5
484,86,4.0
484,134,3.0
484,72,3.5
484,157,4.0
484,5,2.5
484,120,3.5
484,49,2.0
484,80,3.5
484,40,3.5
484,11,4.5
484,59,3.5
484,25,4.0
484,145,5.0
484,113,2.5
484,171,3.5
484,118,3.5
484,121,3.5
484,74,3.5
484,137,3.0
484,112,2.0
484,179,2.5
484,93,3.5
484,191,2.5
484,94,3.0
484,30,4.0
484,169,3.5
484,187,3.0
484,18,4.0
484,132,3.5
484,109,5.0
484,69,2.5
484,193,3.0
484,41,5.0
484,52,3.0
484,1,3.0
484,129,4.5
484,163,3.0
484,34,3.5
484,156,2.0
484,82,2.0
484,158,3.5
484,102,5.0
484,166,4.5
484,71,4.0
484,28,4.5
484,147,3.5
484,108,5.0
484,162,3.5
484,63,4.5
484,57,5.0
484,44,5.0
484,110,4.5
484,8,4.0
484,173,4.0
484,97,5.0
484,192,4.5
484,43,3.0
484,174,4.0
484,148,3.5
484,124,3.5
484,75,3.0
484,133,4.0
484,54,4.5
484,26,2.5
484,114,4.0
485,47,5.0
485,152,3.0
485,55,5.0
485,169,3.5
485,165,4.0
485,175,3.0
485,23,2.5
485,96,3.5
485,24,4.5
485,136,2.5
485,192,4.5
485,120,2.5
485,139,3.5
485,129,3.0
485,39,5.0
485,76,2.5
485,38,3.5
485,98,2.5
485,93,3.5
485,88,4.0
485,145,5.0
485,80,3.0
485,107,2.5
485,160,5.0
485,141,5.0
485,199,3.0
485,6,3.5
485,108,5.0
485,40,3.5
485,61,2.5
485,35,3.0
485,118,3.5
485,37,3.5
485,57,4.5
485,122,4.5
485,31,2.5
485,116,4.0
485,177,3.5
485,187,3.5
485,149,5.0
485,7,5.0
485,186,5.0
485,44,4.5
485,59,4.5
485,121,2.5
486,196,3.5
486,110,5.0
486,81,5.0
486,70,2.0
486,183,4.5
486,139,4.5
486,161,3.5
486,164,5.0
486,115,3.5
486,15,1.0
486,172,4.0
486,142,4.5
486,72,4.0
486,120,4.5
486,192,4.5
486,149,4.5
486,83,4.5
486,181,4.5
486,67,4.0
486,19,3.0
486,194,5.0
486,114,3.5
486,108,4.0
486,128,4.0
486,198,3.5
486,176,3.0
486,52,4.0
486,152,3.5
486,135,3.5
486,20,3.0
486,140,3.5
486,195,4.0
486,160,4.5
486,11,4.0
486,116,5.0
486,54,3.5
486,119,4.5
486,132,3.5
486,17,5.0
486,91,3.5
486,150,4.5
486,162,2.5
486,184,5.0
486,127,3.0
486,155,4.0
486,191,2.5
486,143,4.5
486,185,5.0
486,78,5.0
486,95,3.5
486,131,5.0
486,100,2.0
486,43,4.0
486,104,5.0
486,141,5.0
486,165,5.0
486,130,4.0
486,68,2.5
486,146,4.5
486,163,3.0
486,179,2.5
486,106,3.0
486,53,5.0
486,190,5.0
486,6,3.5
486,40,4.0
486,5,1.5
486,123,4.0
486,103,4.0
486,21,3.0
486,39,5.0
486,61,3.0
487,162,4.0
487,86,3.5
487,189,4.5
487,23,4.0
487,141,4.5
487,140,3.5
487,26,2.5
487,40,4.5
487,146,4.5
487,166,4.5
487,139,4.0
487,134,2.5
487,165,5.0
487,100,4.0
487,168,4.5
487,196,4.5
487,131,4.5
487,197,4.5
487,35,3.5
487,7,5.0
487,167,3.5
488,31,4.0
488,13,5.0
488,117,4.0
488,151,3.0
488,34,4.0
488,57,3.5
488,124,4.0
488,38,3.0
488,197,3.5
488,143,5.0
488,37,4.0
488,100,3.5
488,142,5.0
488,156,3.5
488,60,3.5
488,58,3.0
488,71,3.0
488,181,5.0
488,131,3.0
488,170,3.0
488,112,3.0
488,183,3.0
488,78,5.0
488,187,3.5
488,198,3.5
488,12,3.5
488,63,4.5
488,81,5.0
488,175,3.0
488,108,5.0
488,126,4.5
488,84,4.0
488,118,3.5
488,182,4.5
488,158,3.0
488,106,4.0
488,133,3.5
488,185,4.5
488,49,4.0
488,87,5.0
488,91,4.5
488,115,3.5
488,4,4.0
488,125,3.5
488,114,4.0
488,61,3.0
488,26,2.5
488,44,4.0
488,56,3.0
488,154,3.5
488,83,5.0
488,85,4.5
488,88,4.0
488,11,4.5
488,82,3.0
488,113,4.0
488,9,4.0
488,92,5.0
488,33,4.5
488,24,4.5
488,135,3.5
488,123,3.5
488,195,5.0
488,164,5.0
488,184,4.0
488,72,4.5
488,68,4.0
488,172,3.0
488,80,3.5
488,95,4.5
488,54,5.0
488,27,3.0
488,20,3.5
488,40,3.5
488,144,4.5
489,40,4.0
489,59,4.5
489,166,4.5
489,83,5.0
489,13,4.5
489,51,4.5
489,103,3.5
489,138,3.5
489,114,3.5
489,30,2.5
489,84,5.0
489,161,4.5
489,101,3.5
489,137,2.5
489,155,5.0
489,20,4.0
489,10,3.0
489,150,5.0
489,164,4.0
489,113,5.0
489,116,5.0
489,159,3.0
489,115,3.5
489,193,4.0
489,14,4.0
489,37,4.0
489,60,4.5
489,182,4.5
489,78,4.0
489,189,5.0
489,69,3.0
489,92,5.0
489,110,3.5
489,132,4.0
489,75,2.0
489,68,2.5
489,106,3.0
489,122,3.5
489,148,3.0
489,76,2.5
489,7,5.0
489,174,3.5
489,109,5.0
489,168,4.0
489,77,4.0
489,6,3.0
489,17,4.5
489,111,4.5
489,56,2.5
489,35,3.5
489,82,3.0
489,123,3.5
489,152,3.5
489,128,3.5
489,130,2.5
489,54,5.0
489,31,3.0
489,91,4.0
489,147,4.0
489,94,3.0
489,180,4.5
489,42,4.0
489,38,3.5
489,181,4.5
489,179,3.5
489,27,3.5
489,131,4.0
489,188,4.0
490,23,3.5
490,85,5.0
490,144,4.5
490,95,4.5
490,181,5.0
490,170,3.5
490,78,5.0
490,165,5.0
490,42,3.0
490,59,5.0
490,191,4.0
490,45,4.5
490,77,3.0
490,24,5.0
490,97,4.0
490,96,3.0
490,18,4.0
490,141,5.0
490,89,3.5
490,161,4.5
490,66,3.5
490,138,4.5
490,64,4.5
490,150,5.0
490,111,4.5
490,100,3.5
490,7,5.0
490,120,3.5
490,54,4.5
490,188,5.0
490,75,3.5
490,99,3.0
490,121,2.5
490,180,4.0
490,175,3.5
490,46,3.0
490,32,3.5
490,182,4.0
490,162,3.5
490,147,2.5
490,92,4.0
490,140,3.0
490,73,3.0
490,22,5.0
490,125,5.0
490,69,4.0
490,30,2.5
490,109,4.5
490,17,4.0
490,114,4.5
490,1,3.5
490,87,4.5
490,4,3.0
490,192,5.0
490,43,4.0
490,20,3.0
491,19,4.0
491,166,3.5
491,74,1.0
491,26,3.0
491,59,5.0
491,77,3.0
491,71,3.5
491,171,4.0
491,123,3.0
491,99,3.0
491,179,4.5
491,15,2.0
491,181,5.0
491,152,4.0
491,66,4.0
491,144,5.0
491,53,5.0
491,178,4.0
491,125,4.0
491,116,5.0
491,198,3.0
491,7,4.0
491,33,4.5
491,187,4.0
491,183,4.0
491,138,4.0
491,104,4.0
491,180,4.0
491,193,3.5
491,164,4.0
491,62,3.5
491,52,3.5
491,8,3.0
491,39,4.5
491,109,4.5
491,163,2.0
491,90,4.0
491,168,3.5
491,148,3.5
491,150,4.0
491,191,3.0
491,48,4.5
491,30,3.5
491,143,4.0
491,49,3.5
491,107,2.0
491,97,4.0
491,188,3.0
491,118,4.0
491,32,4.0
491,154,5.0
491,155,4.0
491,106,3.5
491,112,2.0
491,20,2.5
492,101,3.5
492,62,3.0
492,72,4.5
492,45,3.5
492,9,4.5
492,35,2.0
492,33,3.5
492,195,5.0
492,175,3.0
492,179,3.0
492,57,4.5
492,69,4.5
492,158,3.0
492,151,4.0
492,140,3.0
492,11,4.0
492,19,2.5
492,54,4.0
492,113,4.0
492,109,4.5
492,142,5.0
492,190,5.0
492,108,5.0
492,125,3.5
492,92,2.0
492,159,4.0
492,5,3.0
492,25,3.5
492,122,2.0
492,116,4.5
492,188,2.0
492,184,4.5
492,84,5.0
492,39,4.5
492,163,3.5
492,78,4.5
492,71,5.0
492,104,4.0
492,31,3.5
492,164,5.0
492,76,4.0
492,7,4.5
492,170,2.0
492,43,4.0
492,55,4.5
492,63,4.5
492,90,3.5
492,17,3.0
492,118,4.5
492,165,4.5
492,102,4.0
492,93,2.0
492,112,2.5
492,79,2.0
492,36,4.0
492,97,5.0
492,14,3.5
492,29,3.5
492,141,5.0
492,99,3.5
492,64,4.5
492,126,4.5
492,194,3.5
492,98,2.5
492,56,3.5
492,18,4.5
492,176,3.0
493,41,4.0
493,164,4.5
493,47,3.0
493,125,4.0
493,176,4.0
493,113,3.5
493,97,5.0
493,68,3.5
493,24,5.0
493,77,3.0
493,156,1.5
493,12,2.5
493,7,5.0
493,56,3.5
493,141,4.5
493,83,4.5
493,1,2.0
493,46,3.0
493,86,3.5
493,88,5.0
493,17,3.5
493,54,4.0
493,70,3.0
493,74,4.0
493,175,4.0
493,66,4.0
493,186,4.0
493,103,3.5
493,124,4.0
493,37,3.0
493,198,4.0
493,137,3.0
493,138,5.0
493,59,5.0
493,147,3.5
493,184,4.5
493,191,3.5
493,121,3.0
493,62,3.5
493,60,5.0
493,180,4.0
493,65,4.5
493,93,3.0
493,71,5.0
493,194,4.0
493,22,5.0
493,96,4.0
493,172,3.5
493,75,3.0
493,149,4.5
493,51,3.5
493,39,5.0
493,92,4.5
493,192,4.5
493,30,3.0
493,67,2.5
493,118,3.5
493,135,4.0
493,133,4.0
493,120,4.0
493,82,3.5
493,55,3.5
493,160,5.0
493,35,3.0
493,3,3.0
493,152,4.0
493,4,3.5
493,185,4.5
494,109,5.0
494,25,4.0
494,132,2.5
494,50,3.5
494,14,4.5
494,179,2.5
494,136,2.5
494,96,4.5
494,129,4.0
494,196,4.5
494,16,5.0
494,26,3.5
494,186,3.5
494,195,3.5
494,138,4.5
494,123,3.0
494,63,5.0
494,22,4.5
494,80,3.0
494,53,3.5
494,150,4.5
494,183,2.0
494,84,4.0
494,24,4.5
494,17,3.0
494,65,5.0
494,59,5.0
494,111,4.0
494,124,4.0
494,137,3.5
494,106,4.0
494,44,3.5
494,162,3.5
494,27,3.0
494,4,4.0
494,125,4.0
494,141,4.5
494,20,3.5
494,164,4.0
494,117,4.0
494,199,4.5
494,12,3.0
494,158,4.0
494,104,4.5
494,135,4.5
494,82,2.0
494,200,4.5
495,165,5.0
495,141,5.0
495,167,4.0
495,1,2.5
495,37,3.0
495,110,4.0
495,149,3.5
495,169,4.0
495,51,4.0
495,63,4.5
495,185,4.5
495,19,3.0
495,96,5.0
495,68,4.0
495,46,3.0
495,181,5.0
495,192,4.0
495,4,3.5
495,104,5.0
495,9,3.5
495,14,4.0
495,48,5.0
495,50,3.0
495,180,4.0
495,179,2.5
495,129,3.5
495,111,4.0
495,86,4.0
495,166,4.5
495,173,4.0
495,5,3.0
495,84,3.5
495,36,4.0
495,44,4.5
495,74,4.5
495,25,5.0
495,200,5.0
495,75,2.5
495,40,4.0
495,7,4.5
495,182,4.5
495,105,5.0
495,123,5.0
495,10,2.5
495,27,2.5
495,81,5.0
496,151,3.5
496,145,5.0
496,37,3.5
496,5,3.5
496,25,4.0
496,103,4.5
496,109,4.5
496,64,4.0
496,53,4.5
496,190,3.0
496,133,4.5
496,198,3.5
496,33,4.0
496,35,1.5
496,187,2.5
496,72,3.5
496,10,3.5
496,9,3.0
496,82,3.5
496,60,4.5
496,200,4.5
496,34,4.0
496,48,4.5
496,171,3.5
496,46,3.5
496,13,3.0
496,96,3.5
496,97,5.0
496,36,4.0
496,168,3.5
496,8,4.0
496,196,3.0
496,158,3.5
496,12,3.0
496,20,3.5
496,30,4.0
496,54,4.0
496,66,4.0
496,137,3.0
496,79,3.5
496,164,5.0
496,58,3.0
496,148,4.0
496,26,3.5
496,50,3.5
496,59,4.0
496,45,4.5
496,94,3.5
496,47,3.5
496,191,3.5
496,173,5.0
496,165,4.5
496,55,4.0
496,41,4.5
496,63,5.0
496,163,3.0
496,86,4.5
496,106,4.0
496,73,2.5
496,144,4.0
496,188,3.5
496,56,3.0
496,78,4.0
496,178,3.0
496,129,2.5
496,195,4.5
496,77,2.0
497,68,4.0
497,150,4.5
497,132,2.5
497,111,3.5
497,110,4.0
497,50,2.0
497,69,3.0
497,45,5.0
497,191,4.0
497,14,3.5
497,187,3.5
497,199,3.5
497,92,4.0
497,64,5.0
497,112,2.0
497,117,4.5
497,163,3.0
497,172,3.5
497,122,3.5
497,161,4.0
497,63,5.0
497,71,4.5
497,170,3.0
497,147,4.5
497,141,4.5
497,164,5.0
497,181,5.0
497,93,4.5
497,46,3.0
497,160,4.5
497,121,4.0
498,177,4.0
498,46,2.5
498,99,3.0
498,104,4.0
498,95,5.0
498,86,3.0
498,145,5.0
498,17,4.5
498,69,3.5
498,125,4.0
498,100,3.0
498,41,4.5
498,196,3.5
498,64,4.5
498,164,5.0
498,131,4.5
498,16,5.0
498,159,2.5
498,107,2.5
498,182,4.0
498,77,2.5
498,27,3.5
498,192,5.0
498,122,2.5
498,188,3.5
498,57,4.5
498,187,3.0
498,197,3.5
498,149,5.0
498,176,3.0
498,189,5.0
498,74,2.5
498,114,4.5
498,70,2.5
498,101,3.0
498,112,2.5
498,82,3.5
498,60,4.5
498,87,4.5
498,54,4.0
498,144,3.5
499,87,4.0
499,192,4.5
499,64,4.5
499,40,3.5
499,75,2.0
499,52,2.5
499,182,4.0
499,100,3.5
499,127,3.5
499,152,3.5
499,39,4.5
499,77,4.0
499,27,3.0
499,200,4.5
499,122,3.5
499,21,4.0
499,41,5.0
499,165,4.5
499,118,3.5
499,166,5.0
499,179,4.0
499,108,4.5
499,51,4.0
499,161,4.5
499,141,5.0
499,58,2.0
499,83,4.0
499,70,3.0
499,55,4.0
499,169,4.0
499,74,3.0
499,106,3.0
499,176,3.0
499,85,4.0
499,129,3.0
499,110,5.0
499,198,3.0
499,148,3.5
499,7,5.0
499,171,4.5
499,26,3.0
499,101,4.0
499,138,4.5
499,38,3.0
499,76,4.0
499,145,4.5
499,121,3.5
499,191,4.5
499,61,3.5
499,140,3.5
499,20,4.0
499,107,2.5
499,25,4.0
499,91,4.5
499,175,3.5
499,181,5.0
499,22,5.0
499,160,4.5
499,159,4.5
499,132,3.0
499,178,4.0
499,119,5.0
499,23,3.5
499,8,3.0
499,63,5.0
499,6,3.5
499,128,5.0
499,54,3.5
499,186,3.5
499,34,4.0
499,98,2.5
499,16,5.0
499,154,5.0
499,89,1.0
499,144,4.0
499,193,3.5
500,158,2.5
500,109,5.0
500,124,5.0
500,142,5.0
500,183,3.5
500,5,3.5
500,143,3.0
500,36,5.0
500,99,2.5
500,188,2.5
500,71,4.5
500,147,4.0
500,54,4.0
500,31,2.5
500,34,4.0
500,32,4.5
500,74,3.0
500,102,5.0
500,51,3.0
500,152,3.5
500,77,3.5
500,114,3.5
500,196,4.0
500,48,5.0
500,83,4.5
500,165,4.0
500,72,3.0
500,37,4.0
500,149,5.0
500,163,4.5
500,43,4.0
500,100,3.5
500,76,4.0
500,89,2.0
500,104,5.0
500,53,5.0
500,49,2.5
500,154,4.0
500,28,4.5
500,118,4.5
500,193,3.5
500,150,5.0
500,151,4.0
500,180,4.0
500,3,2.5
500,56,4.0
500,178,3.5
500,189,4.0
500,68,3.0
500,130,2.5
500,21,2.5
500,29,4.0
500,47,1.5
500,106,2.0
